0
0
0
0
0
0
0
0
0
0
-0.0289917
-0.0289917
-0.0289917
-0.0289917
-0.0289917
-0.0284729
-0.0284729
-0.0284729
-0.0284729
-0.0284729
-0.0270691
-0.0270691
-0.0270691
-0.0270691
-0.0270691
-0.0258179
-0.0258179
-0.0258179
-0.0258179
-0.0258179
-0.0245056
-0.0245056
-0.0245056
-0.0245056
-0.0245056
-0.0232239
-0.0232239
-0.0232239
-0.0232239
-0.0232239
-0.0220947
-0.0220947
-0.0220947
-0.0220947
-0.0220947
0
0
0
0
0
0
0
0
0
0
0
0
0
0
0
0
0
0
0
0
0
0
0
0
0
0
0
0
0
0
0
0
0
0
0
0
0
0
0
0
0
0
0
0
0
0
0
0
0
0
0
0
0
0
0
0
0
0
0
0
0
0
0
0
0
0
0
0
0
0
0
0
0
0
0
0
0
0
0
0
0
0
0
0
0
0
0
0
0
0
0
0
0
0
0
0
0
0
0
0
0
0
0
0
0
0
0
0
0
0
0
0
0
0
0
0
0
0
0
0
0
0
0
0
0
0
0
0
0
0
0
0
0
0
0
0
0
0
0
0
0
0
0
0
0
0
0
0
0
0
0
0
0
0
0
0
0
0
0
0
0
0
0
0
0
0
0
0
0
0
0
0
0
0
0
0
0
0
0
0
0
0
0
0
0
0
0
0
0
0
0
0
0
0
0
0
0
0
0
0
0
0
0
0
0
0
0
0
0
0
0
0
0
0
0
0
0
0
0
0
0
0
0
0
0
0
0
0
0
0
0
0
0
0
0
0
0
0
0
0
0
0
0
0
0
0
0
0
0
0
0
0
0
0
0
0
0
0
0
0
0
0
0
0
0
0
0
0
0
0
0
0
0
0
0
0
0
0
0
0
0
0
0
0
0
0
0
0
0
0
0
0
0
0
0
0
0
0
0
0
0
0
0
0
0
0
0
0
0
0
0
0
0
0
0
0
0
0
0
0
0
0
0
0
0
0
0
0
0
0
0
0
0
0
0
0
0
0
0
0
0
0
0
0
0
0
0
0
0
0
0
0
0
0
0
0
0
0
0
0
0
0
0
0
0
0
0
0
0
0
0
0
0
0
0
0
0
0
0
0
0
0
0
0
0
0
0
0
0
0
0
0
0
0
0
0
0
0
0
0
0
0
0
0
0
0
0
0
0
0
0
0
0
0
0
0
0
0
0
0
0
0
0
0
0
0
0
0
0
0
0
0
0
0
0
0
0
0
0
0
0
0
0
0
0
0
0
0
0
0
0
0
0
0
0
0
0
0
0
0
0
0
0
0
0
0
0
0
0
0
0
0
0
0
0
0
0
0
0
0
0
0
0
0
0
0
0
0
0
0
0
0
0
0
0
0
0
0
0
0
0
0
0
0
0
0
0
0
0
0
0
0
0
0
0
0
0
0
0
0
0
0
0
0
0
0
0
0
0
0
0
0
0
0
0
0
0
0
0
0
0
0
0
0
0
0
0
0
0
0
0
0
0
0
0
0
0
0
0
0
0
0
0
0
0
0
0
0
0
0
0
0
0
0
0
0
0
0
0
0
0
0
0
0
0
0
0
0
0
0
0
0
0
0
0
0
0
0
0
0
0
0
0
0
0
0
0
0
0
0
0
0
0
0
0
0
0
0
0
0
0
0
0
0
0
0
0
0
0
0
0
0
0
0
0
0
0
0
0
0
0
0
0
0
0
0
0
0
0
0
0
0
0
0
0
0
0
0
0
0
0
0
0
0
0
0
0
0
0
0
0
0
0
0
0
0
0
0
0
0
0
0
0
0
0
0
0
0
0
0
0
0
0
0
0
0
0
0
0
0
0
0
0
0
0
0
0
0
0
0
0
0
0
0
0
0
0
0
0
0
0
0
0
0
0
0
0
0
0
0
0
0
0
0
0
0
0
0
0
0
0
0
0
0
0
0
0
0
0
0
0
0
0
0
0
0
0
0
0
0
0
0
0
0
0
0
0
0
0
0
0
0
0
0
0
0
0
0
0
0
0
0
0
0
0
0
0
0
0
0
0
0
0
0
0
0
0
0
0
0
0
0
0
0
0
0
0
0
0
0
0
0
0
0
0
0
0
0
0
0
0
0
0
0
0
0
0
0
0
0
0
0
0
0
0
0
0
0
0
0
0
0
0
0
0
0
0
0
0
0
0
0
0
0
0
0
0
0
0
0
0
0
0
0
0
0
0
0
0
0
0
0
0
0
0
0
0
0
0
0
0
0
0
0
0
0
0
0
0
0
0
0
0
0
0
0
0
0
0
0
0
0
0
0
0
0
0
0
0
0
0
0
0
0
0
0
0
0
0
0
0
0
0
0
0
0
0
0
0
0
0
0
0
0
0
0
0
0
0
0
0
0
0
0
0
0
0
0
0
0
0
0
0
0
0
0
0
0
0
0
0
0
0
0
0
0
0
0
0
0
0
0
0
0
0
0
0
0
0
0
0
0
0
0
0
0
0
0
0
0
0
0
0
0
0
0
0
0
0
0
0
0
0
0
0
0
0
0
0
0
0
0
0
0
0
0
0
0
0
0
0
0
0
0
0
0
0
0
0
0
0
0
0
0
0
0
0
0
0
0
0
0
0
0
0
0
0
0
0
0
0
0
0
0
0
0
0
0
0
0
0
0
0
0
0
0
0
0
0
0
0
0
0
0
0
0
0
0
0
0
0
0
0
0
0
0
0
0
0
0
0
0
0
0
0
0
0
0
0
0
0
0
0
0
0
0
0
0
0
0
0
0
0
0
0
0
0
0
0
0
0
0
0
0
0
0
0
0
0
0
0
0
0
0
0
0
0
0
0
0
0
0
0
0
0
0
0
0
0
0
0
0
0
0
0
0
0
0
0
0
0
0
0
0
0
0
0
0
0
0
0
0
0
0
0
0
0
0
0
0
0
0
0
0
0
0
0
0
0
0
0
0
0
0
0
0
0
0
0
0
0
0
0
0
0
0
0
0
0
0
0
0
0
0
0
0
0
0
0
0
0
0
0
0
0
0
0
0
0
0
0
0
0
0
0
0
0
0
0
0
0
0
0
0
0
0
0
0
0
0
0
0
0
0
0
0
0
0
0
0
0
0
0
0
0
0
0
0
0
0
0
0
0
0
0
0
0
0
0
0
0
0
0
0
0
0
0
0
0
0
0
0
0
0
0
0
0
0
0
0
0
0
0
0
0
0
0
0
0
0
0
0
0
0
0
0
0
0
0
0
0
0
0
0
0
0
0
0
0
0
0
0
0
0
0
0
0
0
0
0
0
0
0
0
0
0
0
0
0
0
0
0
0
0
0
0
0
0
0
0
0
0
0
0
0
0
0
0
0
0
0
0
0
0
0
0
0
0
0
0
0
0
0
0
0
0
0
0
0
0
0
0
0
0
0
0
0
0
0
0
0
0
0
0
0
0
0
0
0
0
0
0
0
0
0
0
0
0
0
0
0
0
0
0
0
0
0
0
0
0
0
0
0
0
0
0
0
0
0
0
0
0
0
0
0
0
0
0
0
0
0
0
0
0
0
0
0
0
0
0
0
0
0
0
0
0
0
0
0
0
0
0
0
0
0
0
0
0
0
0
0
0
0
0
0
0
0
0
0
0
0
0
0
0
0
0
0
0
0
0
0
0
0
0
0
0
0
0
0
0
0
0
0
0
0
0
0
0
0
0
0
0
0
0
0
0
0
0
0
0
0
0
0
0
0
0
0
0
0
0
0
0
0
0
0
0
0
0
0
0
0
0
0
0
0
0
0
0
0
0
0
0
0
0
0
0
0
0
0
0
0
0
0
0
0
0
0
0
0
0
0
0
0
0
0
0
0
0
0
0
0
0
0
0
0
0
0
0
0
0
0
0
0
0
0
0
0
0
0
0
0
0
0
0
0
0
0
0
0
0
0
0
0
0
0
0
0
0
0
0
0
0
0
0
0
0
0
0
0
0
0
0
0
0
0
0
0
0
0
0
0
0
0
0
0
0
0
0
0
0
0
0
0
0
0
0
0
0
0
0
0
0
0
0
0
0
0
0
0
0
0
0
0
0
0
0
0
0
0
0
0
0
0
0
0
0
0
0
0
0
0
0
0
0
0
0
0
0
0
0
0
0
0
0
0
0
0
0
0
0
0
0
0
0
0
0
0
0
0
0
0
0
0
0
0
0
0
0
0
0
0
0
0
0
0
0
0
0
0
0
0
0
0
0
0
0
0
0
0
0
0
0
0
0
0
0
0
0
0
0
0
0
0
0
0
0
0
0
0
0
0
0
0
0
0
0
0
0
0
0
0
0
0
0
0
0
0
0
0
0
0
0
0
0
0
0
0
0
0
0
0
0
0
0
0
0
0
0
0
0
0
0
0
0
0
0
0
0
0
0
0
0
0
0
0
0
0
0
0
0
0
0
0
0
0
0
0
0
0
0
0
0
0
0
0
0
0
0
0
0
0
0
0
0
0
0
0
0
0
0
0
0
0
0
0
0
0
0
0
0
0
0
0
0
0
0
0
0
0
0
0
0
0
0
0
0
0
0
0
0
0
0
0
0
0
0
0
0
0
0
0
0
0
0
0
0
0
0
0
0
0
0
0
0
0
0
0
0
0
0
0
0
0
0
0
0
0
0
0
0
0
0
0
0
0
0
0
0
0
0
0
0
0
0
0
0
0
0
0
0
0
0
0
0
0
0
0
0
0
0
0
0
0
0
0
0
0
0
0
0
0
0
0
0
0
0
0
0
0
0
0
0
0
0
0
0
0
0
0
0
0
0
0
0
0
0
0
0
0
0
0
0
0
0
0
0
0
0
0
0
0
0
0
0
0
0
0
0
0
0
0
0
0
0
0
0
0
0
0
0
0
0
0
0
0
0
0
0
0
0
0
0
0
0
0
0
0
0
0
0
0
0
0
0
0
0
0
0
0
0
0
0
0
0
0
0
0
0
0
0
0
0
0
0
0
0
0
0
0
0
0
0
0
0
0
0
0
0
0
0
0
0
0
0
0
0
0
0
0
0
0
0
0
0
0
0
0
0
0
0
0
0
0
0
0
0
0
0
0
0
0
0
0
0
0
0
0
0
0
0
0
0
0
0
0
0
0
0
0
0
0
0
0
0
0
0
0
0
0
0
0
0
0
0
0
0
0
0
0
0
0
0
0
0
0
0
0
0
0
0
0
0
0
0
0
0
0
0
0
0
0
0
0
0
0
0
0
0
0
0
0
0
0
0
0
0
0
0
0
0
0
0
0
0
0
0
0
0
0
0
0
0
0
0
0
0
0
0
0
0
0
0
0
0
0
0
0
0
0
0
0
0
0
0
0
0
0
0
0
0
0
0
0
0
0
0
0
0
0
0
0
0
0
0
0
0
0
0
0
0
0
0
0
0
0
0
0
0
0
0
0
0
0
0
0
0
0
0
0
0
0
0
0
0
0
0
0
0
0
0
0
0
0
0
0
0
0
0
0
0
0
0
0
0
0
0
0
0
0
0
0
0
0
0
0
0
0
0
0
0
0
0
0
0
0
0
0
0
0
0
0
0
0
0
0
0
0
0
0
0
0
0
0
0
0
0
0
0
0
0
0
0
0
0
0
0
0
0
0
0
0
0
0
0
0
0
0
0
0
0
0
0
0
0
0
0
0
0
0
0
0
0
0
0
0
0
0
0
0
0
0
0
0
0
0
0
0
0
0
0
0
0
0
0
0
0
0
0
0
0
0
0
0
0
0
0
0
0
0
0
0
0
0
0
0
0
0
0
0
0
0
0
0
0
0
0
0
0
0
0
0
0
0
0
0
0
0
0
0
0
0
0
0
0
0
0
0
0
0
0
0
0
0
0
0
0
0
0
0
0
0
0
0
0
0
0
0
0
0
0
0
0
0
0
0
0
0
0
0
0
0
0
0
0
0
0
0
0
0
0
0
0
0
0
0
0
0
0
0
0
0
0
0
0
0
0
0
0
0
0
0
0
0
0
0
0
0
0
0
0
0
0
0
0
0
0
0
0
0
0
0
0
0
0
0
0
0
0
0
0
0
0
0
0
0
0
0
0
0
0
0
0
0
0
0
0
0
0
0
0
0
0
0
0
0
0
0
0
0
0
0
0
0
0
0
0
0
0
0
0
0
0
0
0
0
0
0
0
0
0
0
0
0
0
0
0
0
0
0
0
0
0
0
0
0
0
0
0
0
0
0
0
0
0
0
0
0
0
0
0
0
0
0
0
0
0
0
0
0
0
0
0
0
0
0
0
0
0
0
0
0
0
0
0
0
0
0
0
0
0
0
0
0
0
0
0
0
0
0
0
0
0
0
0
0
0
0
0
0
0
0
0
0
0
0
0
0
0
0
0
0
0
0
0
0
0
0
0
0
0
0
0
0
0
0
0
0
0
0
0
0
0
0
0
0
0
0
0
0
0
0
0
0
0
0
0
0
0
0
0
0
0
0
0
0
0
0
0
0
0
0
0
0
0
0
0
0
0
0
0
0
0
0
0
0
0
0
0
0
0
0
0
0
0
0
0
0
0
0
0
0
0
0
0
0
0
0
0
0
0
0
0
0
0
0
0
0
0
0
0
0
0
0
0
0
0
0
0
0
0
0
0
0
0
0
0
0
0
0
0
0
0
0
0
0
0
0
0
0
0
0
0
0
0
0
0
0
0
0
0
0
0
0
0
0
0
0
0
0
0
0
0
0
0
0
0
0
0
0
0
0
0
0
0
0
0
0
0
0
0
0
0
0
0
0
0
0
0
0
0
0
0
0
0
0
0
0
0
0
0
0
0
0
0
0
0
0
0
0
0
0
0
0
0
0
0
0
0
0
0
0
0
0
0
0
0
0
0
0
0
0
0
0
0
0
0
0
0
0
0
0
0
0
0
0
0
0
0
0
0
0
0
0
0
0
0
0
0
0
0
0
0
0
0
0
0
0
0
0
0
0
0
0
0
0
0
0
0
0
0
0
0
0
0
0
0
0
0
0
0
0
0
0
0
0
0
0
0
0
0
0
0
0
0
0
0
0
0
0
0
0
0
0
0
0
0
0
0
0
0
0
0
0
0
0
0
0
0
0
0
0
0
0
0
0
0
0
0
0
0
0
0
0
0
0
0
0
0
0
0
0
0
0
0
0
0
0
0
0
0
0
0
0
0
0
0
0
0
0
0
0
0
0
0
0
0
0
0
0
0
0
0
0
0
0
0
0
0
0
0
0
0
0
0
0
0
0
0
0
0
0
0
0
0
0
0
0
0
0
0
0
0
0
0
0
0
0
0
0
0
0
0
0
0
0
0
0
0
0
0
0
0
0
0
0
0
0
0
0
0
0
0
0
0
0
0
0
0
0
0
0
0
0
0
0
0
0
0
0
0
0
0
0
0
0
0
0
0
0
0
0
0
0
0
0
0
0
0
0
0
0
0
0
0
0
0
0
0
0
0
0
0
0
0
0
0
0
0
0
0
0
0
0
0
0
0
0
0
0
0
0
0
0
0
0
0
0
0
0
0
0
0
0
0
0
0
0
0
0
0
0
0
0
0
0
0
0
0
0
0
0
0
0
0
0
0
0
0
0
0
0
0
0
0
0
0
0
0
0
0
0
0
0
0
0
0
0
0
0
0
0
0
0
0
0
0
0
0
0
0
0
0
0
0
0
0
0
0
0
0
0
0
0
0
0
0
0
0
0
0
0
0
0
0
0
0
0
0
0
0
0
0
0
0
0
0
0
0
0
0
0
0
0
0
0
0
0
0
0
0
0
0
0
0
0
0
0
0
0
0
0
0
0
0
0
0
0
0
0
0
0
0
0
0
0
0
0
0
0
0
0
0
0
0
0
0
0
0
0
0
0
0
0
0
0
0
0
0
0
0
0
0
0
0
0
0
0
0
0
0
0
0
0
0
0
0
0
0
0
0
0
0
0
0
0
0
0
0
0
0
0
0
0
0
0
0
0
0
0
0
0
0
0
0
0
0
0
0
0
0
0
0
0
0
0
0
0
0
0
0
0
0
0
0
0
0
0
0
0
0
0
0
0
0
0
0
0
0
0
0
0
0
0
0
0
0
0
0
0
0
0
0
0
0
0
0
0
0
0
0
0
0
0
0
0
0
0
0
0
0
0
0
0
0
0
0
0
0
0
0
0
0
0
0
0
0
0
0
0
0
0
0
0
0
0
0
0
0
0
0
0
0
0
0
0
0
0
0
0
0
0
0
0
0
0
0
0
0
0
0
0
0
0
0
0
0
0
0
0
0
0
0
0
0
0
0
0
0
0
0
0
0
0
0
0
0
0
0
0
0
0
0
0
0
0
0
0
0
0
0
0
0
0
0
0
0
0
0
0
0
0
0
0
0
0
0
0
0
0
0
0
0
0
0
0
0
0
0
0
0
0
0
0
0
0
0
0
0
0
0
0
0
0
0
0
0
0
0
0
0
0
0
0
0
0
0
0
0
0
0
0
0
0
0
0
0
0
0
0
0
0
0
0
0
0
0
0
0
0
0
0
0
0
0
0
0
0
0
0
0
0
0
0
0
0
0
0
0
0
0
0
0
0
0
0
0
0
0
0
0
0
0
0
0
0
0
0
0
0
0
0
0
0
0
0
0
0
0
0
0
0
0
0
0
0
0
0
0
0
0
0
0
0
0
0
0
0
0
0
0
0
0
0
0
0
0
0
0
0
0
0
0
0
0
0
0
0
0
0
0
0
0
0
0
0
0
0
0
0
0
0
0
0
0
0
0
0
0
0
0
0
0
0
0
0
0
0
0
0
0
0
0
0
0
0
0
0
0
0
0
0
0
0
0
0
0
0
0
0
0
0
0
0
0
0
0
0
0
0
0
0
0
0
0
0
0
0
0
0
0
0
0
0
0
0
0
0
0
0
0
0
0
0
0
0
0
0
0
0
0
0
0
0
0
0
0
0
0
0
0
0
0
0
0
0
0
0
0
0
0
0
0
0
0
0
0
0
0
0
0
0
0
0
0
0
0
0
0
0
0
0
0
0
0
0
0
0
0
0
0
0
0
0
0
0
0
0
0
0
0
0
0
0
0
0
0
0
0
0
0
0
0
0
0
0
0
0
0
0
0
0
0
0
0
0
0
0
0
0
0
0
0
0
0
0
0
0
0
0
0
0
0
0
0
0
0
0
0
0
0
0
0
0
0
0
0
0
0
0
0
0
0
0
0
0
0
0
0
0
0
0
0
0
0
0
0
0
0
0
0
0
0
0
0
0
0
0
0
0
0
0
0
0
0
0
0
0
0
0
0
0
0
0
0
0
0
0
0
0
0
0
0
0
0
0
0
0
0
0
0
0
0
0
0
0
0
0
0
0
0
0
0
0
0
0
0
0
0
0
0
0
0
0
0
0
0
0
0
0
0
0
0
0
0
0
0
0
0
0
0
0
0
0
0
0
0
0
0
0
0
0
0
0
0
0
0
0
0
0
0
0
0
0
0
0
0
0
0
0
0
0
0
0
0
0
0
0
0
0
0
0
0
0
0
0
0
0
0
0
0
0
0
0
0
0
0
0
0
0
0
0
0
0
0
0
0
0
0
0
0
0
0
0
0
0
0
0
0
0
0
0
0
0
0
0
0
0
0
0
0
0
0
0
0
0
0
0
0
0
0
0
0
0
0
0
0
0
0
0
0
0
0
0
0
0
0
0
0
0
0
0
0
0
0
0
0
0
0
0
0
0
0
0
0
0
0
0
0
0
0
0
0
0
0
0
0
0
0
0
0
0
0
0
0
0
0
0
0
0
0
0
0
0
0
0
0
0
0
0
0
0
0
0
0
0
0
0
0
0
0
0
0
0
0
0
0
0
0
0
0
0
0
0
0
0
0
0
0
0
0
0
0
0
0
0
0
0
0
0
0
0
0
0
0
0
0
0
0
0
0
0
0
0
0
0
0
0
0
0
0
0
0
0
0
0
0
0
0
0
0
0
0
0
0
0
0
0
0
0
0
0
0
0
0
0
0
0
0
0
0
0
0
0
0
0
0
0
0
0
0
0
0
0
0
0
0
0
0
0
0
0
0
0
0
0
0
0
0
0
0
0
0
0
0
0
0
0
0
0
0
0
0
0
0
0
0
0
0
0
0
0
0
0
0
0
0
0
0
0
0
0
0
0
0
0
0
0
0
0
0
0
0
0
0
0
0
0
0
0
0
0
0
0
0
0
0
0
0
0
0
0
0
0
0
0
0
0
0
0
0
0
0
0
0
0
0
0
0
0
0
0
0
0
0
0
0
0
0
0
0
0
0
0
0
0
0
0
0
0
0
0
0
0
0
0
0
0
0
0
0
0
0
0
0
0
0
0
0
0
0
0
0
0
0
0
0
0
0
0
0
0
0
0
0
0
0
0
0
0
0
0
0
0
0
0
0
0
0
0
0
0
0
0
0
0
0
0
0
0
0
0
0
0
0
0
0
0
0
0
0
0
0
0
0
0
0
0
0
0
0
0
0
0
0
0
0
0
0
0
0
0
0
0
0
0
0
0
0
0
0
0
0
0
0
0
0
0
0
0
0
0
0
0
0
0
0
0
0
0
0
0
0
0
0
0
0
0
0
0
0
0
0
0
0
0
0
0
0
0
0
0
0
0
0
0
0
0
0
0
0
0
0
0
0
0
0
0
0
0
0
0
0
0
0
0
0
0
0
0
0
0
0
0
0
0
0
0
0
0
0
0
0
0
0
0
0
0
0
0
0
0
0
0
0
0
0
0
0
0
0
0
0
0
0
0
0
0
0
0
0
0
0
0
0
0
0
0
0
0
0
0
0
0
0
0
0
0
0
0
0
0
0
0
0
0
0
0
0
0
0
0
0
0
0
0
0
0
0
0
0
0
0
0
0
0
0
0
0
0
0
0
0
0
0
0
0
0
0
0
0
0
0
0
0
0
0
0
0
0
0
0
0
0
0
0
0
0
0
0
0
0
0
0
0
0
0
0
0
0
0
0
0
0
0
0
0
0
0
0
0
0
0
0
0
0
0
0
0
0
0
0
0
0
0
0
0
0
0
0
0
0
0
0
0
0
0
0
0
0
0
0
0
0
0
0
0
0
0
0
0
0
0
0
0
0
0
0
0
0
0
0
0
0
0
0
0
0
0
0
0
0
0
0
0
0
0
0
0
0
0
0
0
0
0
0
0
0
0
0
0
0
0
0
0
0
0
0
0
0
0
0
0
0
0
0
0
0
0
0
0
0
0
0
0
0
0
0
0
0
0
0
0
0
0
0
0
0
0
0
0
0
0
0
0
0
0
0
0
0
0
0
0
0
0
0
0
0
0
0
0
0
0
0
0
0
0
0
0
0
0
0
0
0
0
0
0
0
0
0
0
0
0
0
0
0
0
0
0
0
0
0
0
0
0
0
0
0
0
0
0
0
0
0
0
0
0
0
0
0
0
0
0
0
0
0
0
0
0
0
0
0
0
0
0
0
0
0
0
0
0
0
0
0
0
0
0
0
0
0
0
0
0
0
0
0
0
0
0
0
0
0
0
0
0
0
0
0
0
0
0
0
0
0
0
0
0
0
0
0
0
0
0
0
0
0
0
0
0
0
0
0
0
0
0
0
0
0
0
0
0
0
0
0
0
0
0
0
0
0
0
0
0
0
0
0
0
0
0
0
0
0
0
0
0
0
0
0
0
0
0
0
0
0
0
0
0
0
0
0
0
0
0
0
0
0
0
0
0
0
0
0
0
0
0
0
0
0
0
0
0
0
0
0
0
0
0
0
0
0
0
0
0
0
0
0
0
0
0
0
0
0
0
0
0
0
0
0
0
0
0
0
0
0
0
0
0
0
0
0
0
0
0
0
0
0
0
0
0
0
0
0
0
0
0
0
0
0
0
0
0
0
0
0
0
0
0
0
0
0
0
0
0
0
0
0
0
0
0
0
0
0
0
0
0
0
0
0
0
0
0
0
0
0
0
0
0
0
0
0
0
0
0
0
0
0
0
0
0
0
0
0
0
0
0
0
0
0
0
0
0
0
0
0
0
0
0
0
0
0
0
0
0
0
0
0
0
0
0
0
0
0
0
0
0
0
0
0
0
0
0
0
0
0
0
0
0
0
0
0
0
0
0
0
0
0
0
0
0
0
0
0
0
0
0
0
0
0
0
0
0
0
0
0
0
0
0
0
0
0
0
0
0
0
0
0
0
0
0
0
0
0
0
0
0
0
0
0
0
0
0
0
0
0
0
0
0
0
0
0
0
0
0
0
0
0
0
0
0
0
0
0
0
0
0
0
0
0
0
0
0
0
0
0
0
0
0
0
0
0
0
0
0
0
0
0
0
0
0
0
0
0
0
0
0
0
0
0
0
0
0
0
0
0
0
0
0
0
0
0
0
0
0
0
0
0
0
0
0
0
0
0
0
0
0
0
0
0
0
0
0
0
0
0
0
0
0
0
0
0
0
0
0
0
0
0
0
0
0
0
0
0
0
0
0
0
0
0
0
0
0
0
0
0
0
0
0
0
0
0
0
0
0
0
0
0
0
0
0
0
0
0
0
0
0
0
0
0
0
0
0
0
0
0
0
0
0
0
0
0
0
0
0
0
0
0
0
0
0
0
0
0
0
0
0
0
0
0
0
0
0
0
0
0
0
0
0
0
0
0
0
0
0
0
0
0
0
0
0
0
0
0
0
0
0
0
0
0
0
0
0
0
0
0
0
0
0
0
0
0
0
0
0
0
0
0
0
0
0
0
0
0
0
0
0
0
0
0
0
0
0
0
0
0
0
0
0
0
0
0
0
0
0
0
0
0
0
0
0
0
0
0
0
0
0
0
0
0
0
0
0
0
0
0
0
0
0
0
0
0
0
0
0
0
0
0
0
0
0
0
0
0
0
0
0
0
0
0
0
0
0
0
0
0
0
0
0
0
0
0
0
0
0
0
0
0
0
0
0
0
0
0
0
0
0
0
0
0
0
0
0
0
0
0
0
0
0
0
0
0
0
0
0
0
0
0
0
0
0
0
0
0
0
0
0
0
0
0
0
0
0
0
0
0
0
0
0
0
0
0
0
0
0
0
0
0
0
0
0
0
0
0
0
0
0
0
0
0
0
0
0
0
0
0
0
0
0
0
0
0
0
0
0
0
0
0
0
0
0
0
0
0
0
0
0
0
0
0
0
0
0
0
0
0
0
0
0
0
0
0
0
0
0
0
0
0
0
0
0
0
0
0
0
0
0
0
0
0
0
0
0
0
0
0
0
0
0
0
0
0
0
0
0
0
0
0
0
0
0
0
0
0
0
0
0
0
0
0
0
0
0
0
0
0
0
0
0
0
0
0
0
0
0
0
0
0
0
0
0
0
0
0
0
0
0
0
0
0
0
0
0
0
0
0
0
0
0
0
0
0
0
0
0
0
0
0
0
0
0
0
0
0
0
0
0
0
0
0
0
0
0
0
0
0
0
0
0
0
0
0
0
0
0
0
0
0
0
0
0
0
0
0
0
0
0
0
0
0
0
0
0
0
0
0
0
0
0
0
0
0
0
0
0
0
0
0
0
0
0
0
0
0
0
0
0
0
0
0
0
0
0
0
0
0
0
0
0
0
0
0
0
0
0
0
0
0
0
0
0
0
0
0
0
0
0
0
0
0
0
0
0
0
0
0
0
0
0
0
0
0
0
0
0
0
0
0
0
0
0
0
0
0
0
0
0
0
0
0
0
0
0
0
0
0
0
0
0
0
0
0
0
0
0
0
0
0
0
0
0
0
0
0
0
0
0
0
0
0
0
0
0
0
0
0
0
0
0
0
0
0
0
0
0
0
0
0
0
0
0
0
0
0
0
0
0
0
0
0
0
0
0
0
0
0
0
0
0
0
0
0
0
0
0
0
0
0
0
0
0
0
0
0
0
0
0
0
0
0
0
0
0
0
0
0
0
0
0
0
0
0
0
0
0
0
0
0
0
0
0
0
0
0
0
0
0
0
0
0
0
0
0
0
0
0
0
0
0
0
0
0
0
0
0
0
0
0
0
0
0
0
0
0
0
0
0
0
0
0
0
0
0
0
0
0
0
0
0
0
0
0
0
0
0
0
0
0
0
0
0
0
0
0
0
0
0
0
0
0
0
0
0
0
0
0
0
0
0
0
0
0
0
0
0
0
0
0
0
0
0
0
0
0
0
0
0
0
0
0
0
0
0
0
0
0
0
0
0
0
0
0
0
0
0
0
0
0
0
0
0
0
0
0
0
0
0
0
0
0
0
0
0
0
0
0
0
0
0
0
0
0
0
0
0
0
0
0
0
0
0
0
0
0
0
0
0
0
0
0
0
0
0
0
0
0
0
0
0
0
0
0
0
0
0
0
0
0
0
0
0
0
0
0
0
0
0
0
0
0
0
0
0
0
0
0
0
0
0
0
0
0
0
0
0
0
0
0
0
0
0
0
0
0
0
0
0
0
0
0
0
0
0
0
0
0
0
0
0
0
0
0
0
0
0
0
0
0
0
0
0
0
0
0
0
0
0
0
0
0
0
0
0
0
0
0
0
0
0
0
0
0
0
0
0
0
0
0
0
0
0
0
0
0
0
0
0
0
0
0
0
0
0
0
0
0
0
0
0
0
0
0
0
0
0
0
0
0
0
0
0
0
0
0
0
0
0
0
0
0
0
0
0
0
0
0
0
0
0
0
0
0
0
0
0
0
0
0
0
0
0
0
0
0
0
0
0
0
0
0
0
0
0
0
0
0
0
0
0
0
0
0
0
0
0
0
0
0
0
0
0
0
0
0
0
0
0
0
0
0
0
0
0
0
0
0
0
0
0
0
0
0
0
0
0
0
0
0
0
0
0
0
0
0
0
0
0
0
0
0
0
0
0
0
0
0
0
0
0
0
0
0
0
0
0
0
0
0
0
0
0
0
0
0
0
0
0
0
0
0
0
0
0
0
0
0
0
0
0
0
0
0
0
0
0
0
0
0
0
0
0
0
0
0
0
0
0
0
0
0
0
0
0
0
0
0
0
0
0
0
0
0
0
0
0
0
0
0
0
0
0
0
0
0
0
0
0
0
0
0
0
0
0
0
0
0
0
0
0
0
0
0
0
0
0
0
0
0
0
0
0
0
0
0
0
0
0
0
0
0
0
0
0
0
0
0
0
0
0
0
0
0
0
0
0
0
0
0
0
0
0
0
0
0
0
0
0
0
0
0
0
0
0
0
0
0
0
0
0
0
0
0
0
0
0
0
0
0
0
0
0
0
0
0
0
0
0
0
0
0
0
0
0
0
0
0
0
0
0
0
0
0
0
0
0
0
0
0
0
0
0
0
0
0
0
0
0
0
0
0
0
0
0
0
0
0
0
0
0
0
0
0
0
0
0
0
0
0
0
0
0
0
0
0
0
0
0
0
0
0
0
0
0
0
0
0
0
0
0
0
0
0
0
0
0
0
0
0
0
0
0
0
0
0
0
0
0
0
0
0
0
0
0
0
0
0
0
0
0
0
0
0
0
0
0
0
0
0
0
0
0
0
0
0
0
0
0
0
0
0
0
0
0
0
0
0
0
0
0
0
0
0
0
0
0
0
0
0
0
0
0
0
0
0
0
0
0
0
0
0
0
0
0
0
0
0
0
0
0
0
0
0
0
0
0
0
0
0
0
0
0
0
0
0
0
0
0
0
0
0
0
0
0
0
0
0
0
0
0
0
0
0
0
0
0
0
0
0
0
0
0
0
0
0
0
0
0
0
0
0
0
0
0
0
0
0
0
0
0
0
0
0
0
0
0
0
0
0
0
0
0
0
0
0
0
0
0
0
0
0
0
0
0
0
0
0
0
0
0
0
0
0
0
0
0
0
0
0
0
0
0
0
0
0
0
0
0
0
0
0
0
0
0
0
0
0
0
0
0
0
0
0
0
0
0
0
0
0
0
0
0
0
0
0
0
0
0
0
0
0
0
0
0
0
0
0
0
0
0
0
0
0
0
0
0
0
0
0
0
0
0
0
0
0
0
0
0
0
0
0
0
0
0
0
0
0
0
0
0
0
0
0
0
0
0
0
0
0
0
0
0
0
0
0
0
0
0
0
0
0
0
0
0
0
0
0
0
0
0
0
0
0
0
0
0
0
0
0
0
0
0
0
0
0
0
0
0
0
0
0
0
0
0
0
0
0
0
0
0
0
0
0
0
0
0
0
0
0
0
0
0
0
0
0
0
0
0
0
0
0
0
0
0
0
0
0
0
0
0
0
0
0
0
0
0
0
0
0
0
0
0
0
0
0
0
0
0
0
0
0
0
0
0
0
0
0
0
0
0
0
0
0
0
0
0
0
0
0
0
0
0
0
0
0
0
0
0
0
0
0
0
0
0
0
0
0
0
0
0
0
0
0
0
0
0
0
0
0
0
0
0
0
0
0
0
0
0
0
0
0
0
0
0
0
0
0
0
0
0
0
0
0
0
0
0
0
0
0
0
0
0
0
0
0
0
0
0
0
0
0
0
0
0
0
0
0
0
0
0
0
0
0
0
0
0
0
0
0
0
0
0
0
0
0
0
0
0
0
0
0
0
0
0
0
0
0
0
0
0
0
0
0
0
0
0
0
0
0
0
0
0
0
0
0
0
0
0
0
0
0
0
0
0
0
0
0
0
0
0
0
0
0
0
0
0
0
0
0
0
0
0
0
0
0
0
0
0
0
0
0
0
0
0
0
0
0
0
0
0
0
0
0
0
0
0
0
0
0
0
0
0
0
0
0
0
0
0
0
0
0
0
0
0
0
0
0
0
0
0
0
0
0
0
0
0
0
0
0
0
0
0
0
0
0
0
0
0
0
0
0
0
0
0
0
0
0
0
0
0
0
0
0
0
0
0
0
0
0
0
0
0
0
0
0
0
0
0
0
0
0
0
0
0
0
0
0
0
0
0
0
0
0
0
0
0
0
0
0
0
0
0
0
0
0
0
0
0
0
0
0
0
0
0
0
0
0
0
0
0
0
0
0
0
0
0
0
0
0
0
0
0
0
0
0
0
0
0
0
0
0
0
0
0
0
0
0
0
0
0
0
0
0
0
0
0
0
0
0
0
0
0
0
0
0
0
0
0
0
0
0
0
0
0
0
0
0
0
0
0
0
0
0
0
0
0
0
0
0
0
0
0
0
0
0
0
0
0
0
0
0
0
0
0
0
0
0
0
0
0
0
0
0
0
0
0
0
0
0
0
0
0
0
0
0
0
0
0
0
0
0
0
0
0
0
0
0
0
0
0
0
0
0
0
0
0
0
0
0
0
0
0
0
0
0
0
0
0
0
0
0
0
0
0
0
0
0
0
0
0
0
0
0
0
0
0
0
0
0
0
0
0
0
0
0
0
0
0
0
0
0
0
0
0
0
0
0
0
0
0
0
0
0
0
0
0
0
0
0
0
0
0
0
0
0
0
0
0
0
0
0
0
0
0
0
0
0
0
0
0
0
0
0
0
0
0
0
0
0
0
0
0
0
0
0
0
0
0
0
0
0
0
0
0
0
0
0
0
0
0
0
0
0
0
0
0
0
0
0
0
0
0
0
0
0
0
0
0
0
0
0
0
0
0
0
0
0
0
0
0
0
0
0
0
0
0
0
0
0
0
0
0
0
0
0
0
0
0
0
0
0
0
0
0
0
0
0
0
0
0
0
0
0
0
0
0
0
0
0
0
0
0
0
0
0
0
0
0
0
0
0
0
0
0
0
0
0
0
0
0
0
0
0
0
0
0
0
0
0
0
0
0
0
0
0
0
0
0
0
0
0
0
0
0
0
0
0
0
0
0
0
0
0
0
0
0
0
0
0
0
0
0
0
0
0
0
0
0
0
0
0
0
0
0
0
0
0
0
0
0
0
0
0
0
0
0
0
0
0
0
0
0
0
0
0
0
0
0
0
0
0
0
0
0
0
0
0
0
0
0
0
0
0
0
0
0
0
0
0
0
0
0
0
0
0
0
0
0
0
0
0
0
0
0
0
0
0
0
0
0
0
0
0
0
0
0
0
0
0
0
0
0
0
0
0
0
0
0
0
0
0
0
0
0
0
0
0
0
0
0
0
0
0
0
0
0
0
0
0
0
0
0
0
0
0
0
0
0
0
0
0
0
0
0
0
0
0
0
0
0
0
0
0
0
0
0
0
0
0
0
0
0
0
0
0
0
0
0
0
0
0
0
0
0
0
0
0
0
0
0
0
0
0
0
0
0
0
0
0
0
0
0
0
0
0
0
0
0
0
0
0
0
0
0
0
0
0
0
0
0
0
0
0
0
0
0
0
0
0
0
0
0
0
0
0
0
0
0
0
0
0
0
0
0
0
0
0
0
0
0
0
0
0
0
0
0
0
0
0
0
0
0
0
0
0
0
0
0
0
0
0
0
0
0
0
0
0
0
0
0
0
0
0
0
0
0
0
0
0
0
0
0
0
0
0
0
0
0
0
0
0
0
0
0
0
0
0
0
0
0
0
0
0
0
0
0
0
0
0
0
0
0
0
0
0
0
0
0
0
0
0
0
0
0
0
0
0
0
0
0
0
0
0
0
0
0
0
0
0
0
0
0
0
0
0
0
0
0
0
0
0
0
0
0
0
0
0
0
0
0
0
0
0
0
0
0
0
0
0
0
0
0
0
0
0
0
0
0
0
0
0
0
0
0
0
0
0
0
0
0
0
0
0
0
0
0
0
0
0
0
0
0
0
0
0
0
0
0
0
0
0
0
0
0
0
0
0
0
0
0
0
0
0
0
0
0
0
0
0
0
0
0
0
0
0
0
0
0
0
0
0
0
0
0
0
0
0
0
0
0
0
0
0
0
0
0
0
0
0
0
0
0
0
0
0
0
0
0
0
0
0
0
0
0
0
0
0
0
0
0
0
0
0
0
0
0
0
0
0
0
0
0
0
0
0
0
0
0
0
0
0
0
0
0
0
0
0
0
0
0
0
0
0
0
0
0
0
0
0
0
0
0
0
0
0
0
0
0
0
0
0
0
0
0
0
0
0
0
0
0
0
0
0
0
0
0
0
0
0
0
0
0
0
0
0
0
0
0
0
0
0
0
0
0
0
0
0
0
0
0
0
0
0
0
0
0
0
0
0
0
0
0
0
0
0
0
0
0
0
0
0
0
0
0
0
0
0
0
0
0
0
0
0
0
0
0
0
0
0
0
0
0
0
0
0
0
0
0
0
0
0
0
0
0
0
0
0
0
0
0
0
0
0
0
0
0
0
0
0
0
0
0
0
0
0
0
0
0
0
0
0
0
0
0
0
0
0
0
0
0
0
0
0
0
0
0
0
0
0
0
0
0
0
0
0
0
0
0
0
0
0
0
0
0
0
0
0
0
0
0
0
0
0
0
0
0
0
0
0
0
0
0
0
0
0
0
0
0
0
0
0
0
0
0
0
0
0
0
0
0
0
0
0
0
0
0
0
0
0
0
0
0
0
0
0
0
0
0
0
0
0
0
0
0
0
0
0
0
0
0
0
0
0
0
0
0
0
0
0
0
0
0
0
0
0
0
0
0
0
0
0
0
0
0
0
0
0
0
0
0
0
0
0
0
0
0
0
0
0
0
0
0
0
0
0
0
0
0
0
0
0
0
0
0
0
0
0
0
0
0
0
0
0
0
0
0
0
0
0
0
0
0
0
0
0
0
0
0
0
0
0
0
0
0
0
0
0
0
0
0
0
0
0
0
0
0
0
0
0
0
0
0
0
0
0
0
0
0
0
0
0
0
0
0
0
0
0
0
0
0
0
0
0
0
0
0
0
0
0
0
0
0
0
0
0
0
0
0
0
0
0
0
0
0
0
0
0
0
0
0
0
0
0
0
0
0
0
0
0
0
0
0
0
0
0
0
0
0
0
0
0
0
0
0
0
0
0
0
0
0
0
0
0
0
0
0
0
0
0
0
0
0
0
0
0
0
0
0
0
0
0
0
0
0
0
0
0
0
0
0
0
0
0
0
0
0
0
0
0
0
0
0
0
0
0
0
0
0
0
0
0
0
0
0
0
0
0
0
0
0
0
0
0
0
0
0
0
0
0
0
0
0
0
0
0
0
0
0
0
0
0
0
0
0
0
0
0
0
0
0
0
0
0
0
0
0
0
0
0
0
0
0
0
0
0
0
0
0
0
0
0
0
0
0
0
0
0
0
0
0
0
0
0
0
0
0
0
0
0
0
0
0
0
0
0
0
0
0
0
0
0
0
0
0
0
0
0
0
0
0
0
0
0
0
0
0
0
0
0
0
0
0
0
0
0
0
0
0
0
0
0
0
0
0
0
0
0
0
0
0
0
0
0
0
0
0
0
0
0
0
0
0
0
0
0
0
0
0
0
0
0
0
0
0
0
0
0
0
0
0
0
0
0
0
0
0
0
0
0
0
0
0
0
0
0
0
0
0
0
0
0
0
0
0
0
0
0
0
0
0
0
0
0
0
0
0
0
0
0
0
0
0
0
0
0
0
0
0
0
0
0
0
0
0
0
0
0
0
0
0
0
0
0
0
0
0
0
0
0
0
0
0
0
0
0
0
0
0
0
0
0
0
0
0
0
0
0
0
0
0
0
0
0
0
0
0
0
0
0
0
0
0
0
0
0
0
0
0
0
0
0
0
0
0
0
0
0
0
0
0
0
0
0
0
0
0
0
0
0
0
0
0
0
0
0
0
0
0
0
0
0
0
0
0
0
0
0
0
0
0
0
0
0
0
0
0
0
0
0
0
0
0
0
0
0
0
0
0
0
0
0
0
0
0
0
0
0
0
0
0
0
0
0
0
0
0
0
0
0
0
0
0
0
0
0
0
0
0
0
0
0
0
0
0
0
0
0
0
0
0
0
0
0
0
0
0
0
0
0
0
0
0
0
0
0
0
0
0
0
0
0
0
0
0
0
0
0
0
0
0
0
0
0
0
0
0
0
0
0
0
0
0
0
0
0
0
0
0
0
0
0
0
0
0
0
0
0
0
0
0
0
0
0
0
0
0
0
0
0
0
0
0
0
0
0
0
0
0
0
0
0
0
0
0
0
0
0
0
0
0
0
0
0
0
0
0
0
0
0
0
0
0
0
0
0
0
0
0
0
0
0
0
0
0
0
0
0
0
0
0
0
0
0
0
0
0
0
0
0
0
0
0
0
0
0
0
0
0
0
0
0
0
0
0
0
0
0
0
0
0
0
0
0
0
0
0
0
0
0
0
0
0
0
0
0
0
0
0
0
0
0
0
0
0
0
0
0
0
0
0
0
0
0
0
0
0
0
0
0
0
0
0
0
0
0
0
0
0
0
0
0
0
0
0
0
0
0
0
0
0
0
0
0
0
0
0
0
0
0
0
0
0
0
0
0
0
0
0
0
0
0
0
0
0
0
0
0
0
0
0
0
0
0
0
0
0
0
0
0
0
0
0
0
0
0
0
0
0
0
0
0
0
0
0
0
0
0
0
0
0
0
0
0
0
0
0
0
0
0
0
0
0
0
0
0
0
0
0
0
0
0
0
0
0
0
0
0
0
0
0
0
0
0
0
0
0
0
0
0
0
0
0
0
0
0
0
0
0
0
0
0
0
0
0
0
0
0
0
0
0
0
0
0
0
0
0
0
0
0
0
0
0
0
0
0
0
0
0
0
0
0
0
0
0
0
0
0
0
0
0
0
0
0
0
0
0
0
0
0
0
0
0
0
0
0
0
0
0
0
0
0
0
0
0
0
0
0
0
0
0
0
0
0
0
0
0
0
0
0
0
0
0
0
0
0
0
0
0
0
0
0
0
0
0
0
0
0
0
0
0
0
0
0
0
0
0
0
0
0
0
0
0
0
0
0
0
0
0
0
0
0
0
0
0
0
0
0
0
0
0
0
0
0
0
0
0
0
0
0
0
0
0
0
0
0
0
0
0
0
0
0
0
0
0
0
0
0
0
0
0
0
0
0
0
0
0
0
0
0
0
0
0
0
0
0
0
0
0
0
0
0
0
0
0
0
0
0
0
0
0
0
0
0
0
0
0
0
0
0
0
0
0
0
0
0
0
0
0
0
0
0
0
0
0
0
0
0
0
0
0
0
0
0
0
0
0
0
0
0
0
0
0
0
0
0
0
0
0
0
0
0
0
0
0
0
0
0
0
0
0
0
0
0
0
0
0
0
0
0
0
0
0
0
0
0
0
0
0
0
0
0
0
0
0
0
0
0
0
0
0
0
0
0
0
0
0
0
0
0
0
0
0
0
0
0
0
0
0
0
0
0
0
0
0
0
0
0
0
0
0
0
0
0
0
0
0
0
0
0
0
0
0
0
0
0
0
0
0
0
0
0
0
0
0
0
0
0
0
0
0
0
0
0
0
0
0
0
0
0
0
0
0
0
0
0
0
0
0
0
0
0
0
0
0
0
0
0
0
0
0
0
0
0
0
0
0
0
0
0
0
0
0
0
0
0
0
0
0
0
0
0
0
0
0
0
0
0
0
0
0
0
0
0
0
0
0
0
0
0
0
0
0
0
0
0
0
0
0
0
0
0
0
0
0
0
0
0
0
0
0
0
0
0
0
0
0
0
0
0
0
0
0
0
0
0
0
0
0
0
0
0
0
0
0
0
0
0
0
0
0
0
0
0
0
0
0
0
0
0
0
0
0
0
0
0
0
0
0
0
0
0
0
0
0
0
0
0
0
0
0
0
0
0
0
0
0
0
0
0
0
0
0
0
0
0
0
0
0
0
0
0
0
0
0
0
0
0
0
0
0
0
0
0
0
0
0
0
0
0
0
0
0
0
0
0
0
0
0
0
0
0
0
0
0
0
0
0
0
0
0
0
0
0
0
0
0
0
0
0
0
0
0
0
0
0
0
0
0
0
0
0
0
0
0
0
0
0
0
0
0
0
0
0
0
0
0
0
0
0
0
0
0
0
0
0
0
0
0
0
0
0
0
0
0
0
0
0
0
0
0
0
0
0
0
0
0
0
0
0
0
0
0
0
0
0
0
0
0
0
0
0
0
0
0
0
0
0
0
0
0
0
0
0
0
0
0
0
0
0
0
0
0
0
0
0
0
0
0
0
0
0
0
0
0
0
0
0
0
0
0
0
0
0
0
0
0
0
0
0
0
0
0
0
0
0
0
0
0
0
0
0
0
0
0
0
0
0
0
0
0
0
0
0
0
0
0
0
0
0
0
0
0
0
0
0
0
0
0
0
0
0
0
0
0
0
0
0
0
0
0
0
0
0
0
0
0
0
0
0
0
0
0
0
0
0
0
0
0
0
0
0
0
0
0
0
0
0
0
0
0
0
0
0
0
0
0
0
0
0
0
0
0
0
0
0
0
0
0
0
0
0
0
0
0
0
0
0
0
0
0
0
0
0
0
0
0
0
0
0
0
0
0
0
0
0
0
0
0
0
0
0
0
0
0
0
0
0
0
0
0
0
0
0
0
0
0
0
0
0
0
0
0
0
0
0
0
0
0
0
0
0
0
0
0
0
0
0
0
0
0
0
0
0
0
0
0
0
0
0
0
0
0
0
0
0
0
0
0
0
0
0
0
0
0
0
0
0
0
0
0
0
0
0
0
0
0
0
0
0
0
0
0
0
0
0
0
0
0
0
0
0
0
0
0
0
0
0
0
0
0
0
0
0
0
0
0
0
0
0
0
0
0
0
0
0
0
0
0
0
0
0
0
0
0
0
0
0
0
0
0
0
0
0
0
0
0
0
0
0
0
0
0
0
0
0
0
0
0
0
0
0
0
0
0
0
0
0
0
0
0
0
0
0
0
0
0
0
0
0
0
0
0
0
0
0
0
0
0
0
0
0
0
0
0
0
0
0
0
0
0
0
0
0
0
0
0
0
0
0
0
0
0
0
0
0
0
0
0
0
0
0
0
0
0
0
0
0
0
0
0
0
0
0
0
0
0
0
0
0
0
0
0
0
0
0
0
0
0
0
0
0
0
0
0
0
0
0
0
0
0
0
0
0
0
0
0
0
0
0
0
0
0
0
0
0
0
0
0
0
0
0
0
0
0
0
0
0
0
0
0
0
0
0
0
0
0
0
0
0
0
0
0
0
0
0
0
0
0
0
0
0
0
0
0
0
0
0
0
0
0
0
0
0
0
0
0
0
0
0
0
0
0
0
0
0
0
0
0
0
0
0
0
0
0
0
0
0
0
0
0
0
0
0
0
0
0
0
0
0
0
0
0
0
0
0
0
0
0
0
0
0
0
0
0
0
0
0
0
0
0
0
0
0
0
0
0
0
0
0
0
0
0
0
0
0
0
0
0
0
0
0
0
0
0
0
0
0
0
0
0
0
0
0
0
0
0
0
0
0
0
0
0
0
0
0
0
0
0
0
0
0
0
0
0
0
0
0
0
0
0
0
0
0
0
0
0
0
0
0
0
0
0
0
0
0
0
0
0
0
0
0
0
0
0
0
0
0
0
0
0
0
0
0
0
0
0
0
0
0
0
0
0
0
0
0
0
0
0
0
0
0
0
0
0
0
0
0
0
0
0
0
0
0
0
0
0
0
0
0
0
0
0
0
0
0
0
0
0
0
0
0
0
0
0
0
0
0
0
0
0
0
0
0
0
0
0
0
0
0
0
0
0
0
0
0
0
0
0
0
0
0
0
0
0
0
0
0
0
0
0
0
0
0
0
0
0
0
0
0
0
0
0
0
0
0
0
0
0
0
0
0
0
0
0
0
0
0
0
0
0
0
0
0
0
0
0
0
0
0
0
0
0
0
0
0
0
0
0
0
0
0
0
0
0
0
0
0
0
0
0
0
0
0
0
0
0
0
0
0
0
0
0
0
0
0
0
0
0
0
0
0
0
0
0
0
0
0
0
0
0
0
0
0
0
0
0
0
0
0
0
0
0
0
0
0
0
0
0
0
0
0
0
0
0
0
0
0
0
0
0
0
0
0
0
0
0
0
0
0
0
0
0
0
0
0
0
0
0
0
0
0
0
0
0
0
0
0
0
0
0
0
0
0
0
0
0
0
0
0
0
0
0
0
0
0
0
0
0
0
0
0
0
0
0
0
0
0
0
0
0
0
0
0
0
0
0
0
0
0
0
0
0
0
0
0
0
0
0
0
0
0
0
0
0
0
0
0
0
0
0
0
0
0
0
0
0
0
0
0
0
0
0
0
0
0
0
0
0
0
0
0
0
0
0
0
0
0
0
0
0
0
0
0
0
0
0
0
0
0
0
0
0
0
0
0
0
0
0
0
0
0
0
0
0
0
0
0
0
0
0
0
0
0
0
0
0
0
0
0
0
0
0
0
0
0
0
0
0
0
0
0
0
0
0
0
0
0
0
0
0
0
0
0
0
0
0
0
0
0
0
0
0
0
0
0
0
0
0
0
0
0
0
0
0
0
0
0
0
0
0
0
0
0
0
0
0
0
0
0
0
0
0
0
0
0
0
0
0
0
0
0
0
0
0
0
0
0
0
0
0
0
0
0
0
0
0
0
0
0
0
0
0
0
0
0
0
0
0
0
0
0
0
0
0
0
0
0
0
0
0
0
0
0
0
0
0
0
0
0
0
0
0
0
0
0
0
0
0
0
0
0
0
0
0
0
0
0
0
0
0
0
0
0
0
0
0
0
0
0
0
0
0
0
0
0
0
0
0
0
0
0
0
0
0
0
0
0
0
0
0
0
0
0
0
0
0
0
0
0
0
0
0
0
0
0
0
0
0
0
0
0
0
0
0
0
0
0
0
0
0
0
0
0
0
0
0
0
0
0
0
0
0
0
0
0
0
0
0
0
0
0
0
0
0
0
0
0
0
0
0
0
0
0
0
0
0
0
0
0
0
0
0
0
0
0
0
0
0
0
0
0
0
0
0
0
0
0
0
0
0
0
0
0
0
0
0
0
0
0
0
0
0
0
0
0
0
0
0
0
0
0
0
0
0
0
0
0
0
0
0
0
0
0
0
0
0
0
0
0
0
0
0
0
0
0
0
0
0
0
0
0
0
0
0
0
0
0
0
0
0
0
0
0
0
0
0
0
0
0
0
0
0
0
0
0
0
0
0
0
0
0
0
0
0
0
0
0
0
0
0
0
0
0
0
0
0
0
0
0
0
0
0
0
0
0
0
0
0
0
0
0
0
0
0
0
0
0
0
0
0
0
0
0
0
0
0
0
0
0
0
0
0
0
0
0
0
0
0
0
0
0
0
0
0
0
0
0
0
0
0
0
0
0
0
0
0
0
0
0
0
0
0
0
0
0
0
0
0
0
0
0
0
0
0
0
0
0
0
0
0
0
0
0
0
0
0
0
0
0
0
0
0
0
0
0
0
0
0
0
0
0
0
0
0
0
0
0
0
0
0
0
0
0
0
0
0
0
0
0
0
0
0
0
0
0
0
0
0
0
0
0
0
0
0
0
0
0
0
0
0
0
0
0
0
0
0
0
0
0
0
0
0
0
0
0
0
0
0
0
0
0
0
0
0
0
0
0
0
0
0
0
0
0
0
0
0
0
0
0
0
0
0
0
0
0
0
0
0
0
0
0
0
0
0
0
0
0
0
0
0
0
0
0
0
0
0
0
0
0
0
0
0
0
0
0
0
0
0
0
0
0
0
0
0
0
0
0
0
0
0.0236816
0.0236816
0.0236816
0.0236816
0.0236816
-0.0294495
-0.0294495
-0.0294495
-0.0294495
-0.0294495
0
0
0
0
0
0
0
0
0
0
0
0
0
0
0
-0.0441284
-0.0441284
-0.0441284
-0.0441284
-0.0441284
0
0
0
0
0
0
0
0
0
0
0
0
0
0
0
-0.031311
-0.031311
-0.031311
-0.031311
-0.031311
0
0
0
0
0
0
0
0
0
0
0
0
0
0
0
0
0
0
0
0
0
0
0
0
0
0
0
0
0
0
0
0
0
0
0
0
0
0
0
0
0
0
0
0
0
0
0
0
0
0
0
0
0
0
0
0.0323792
0.0323792
0.0323792
0.0323792
0.0323792
-0.0382385
-0.0382385
-0.0382385
-0.0382385
-0.0382385
-0.0255432
-0.0255432
-0.0255432
-0.0255432
-0.0255432
0.0263672
0.0263672
0.0263672
0.0263672
0.0263672
0.0345154
0.0345154
0.0345154
0.0345154
0.0345154
0
0
0
0
0
-0.0352783
-0.0352783
-0.0352783
-0.0352783
-0.0352783
0.0239258
0.0239258
0.0239258
0.0239258
0.0239258
0.0424194
0.0424194
0.0424194
0.0424194
0.0424194
0
0
0
0
0
-0.0737305
-0.0737305
-0.0737305
-0.0737305
-0.0737305
0.0316772
0.0316772
0.0316772
0.0316772
0.0316772
0
0
0
0
0
0
0
0
0
0
-0.0451355
-0.0451355
-0.0451355
-0.0451355
-0.0451355
0.0452271
0.0452271
0.0452271
0.0452271
0.0452271
0.0701599
0.0701599
0.0701599
0.0701599
0.0701599
-0.0244751
-0.0244751
-0.0244751
-0.0244751
-0.0244751
-0.0431824
-0.0431824
-0.0431824
-0.0431824
-0.0431824
0
0
0
0
0
0.0435486
0.0435486
0.0435486
0.0435486
0.0435486
0.0289001
0.0289001
0.0289001
0.0289001
0.0289001
-0.0228882
-0.0228882
-0.0228882
-0.0228882
-0.0228882
-0.0224609
-0.0224609
-0.0224609
-0.0224609
-0.0224609
0
0
0
0
0
0
0
0
0
0
-0.0357971
-0.0357971
-0.0357971
-0.0357971
-0.0357971
-0.0444031
-0.0444031
-0.0444031
-0.0444031
-0.0444031
-0.0298157
-0.0298157
-0.0298157
-0.0298157
-0.0298157
0.0359497
0.0359497
0.0359497
0.0359497
0.0359497
0.0566711
0.0566711
0.0566711
0.0566711
0.0566711
0
0
0
0
0
-0.0336304
-0.0336304
-0.0336304
-0.0336304
-0.0336304
0
0
0
0
0
0.0279236
0.0279236
0.0279236
0.0279236
0.0279236
0.0504761
0.0504761
0.0504761
0.0504761
0.0504761
0
0
0
0
0
-0.0293274
-0.0293274
-0.0293274
-0.0293274
-0.0293274
-0.0236206
-0.0236206
-0.0236206
-0.0236206
-0.0236206
0
0
0
0
0
0
0
0
0
0
-0.0272522
-0.0272522
-0.0272522
-0.0272522
-0.0272522
-0.0432434
-0.0432434
-0.0432434
-0.0432434
-0.0432434
0
0
0
0
0
0.0449829
0.0449829
0.0449829
0.0449829
0.0449829
0
0
0
0
0
0
0
0
0
0
-0.028656
-0.028656
-0.028656
-0.028656
-0.028656
0
0
0
0
0
0.0753784
0.0753784
0.0753784
0.0753784
0.0753784
0.0488892
0.0488892
0.0488892
0.0488892
0.0488892
0
0
0
0
0
-0.0253601
-0.0253601
-0.0253601
-0.0253601
-0.0253601
0
0
0
0
0
0
0
0
0
0
0
0
0
0
0
-0.0657349
-0.0657349
-0.0657349
-0.0657349
-0.0657349
-0.0318298
-0.0318298
-0.0318298
-0.0318298
-0.0318298
0
0
0
0
0
0.0422974
0.0422974
0.0422974
0.0422974
0.0422974
0.0575867
0.0575867
0.0575867
0.0575867
0.0575867
0
0
0
0
0
-0.028595
-0.028595
-0.028595
-0.028595
-0.028595
-0.0400696
-0.0400696
-0.0400696
-0.0400696
-0.0400696
0.0258484
0.0258484
0.0258484
0.0258484
0.0258484
0.0527039
0.0527039
0.0527039
0.0527039
0.0527039
0.0320435
0.0320435
0.0320435
0.0320435
0.0320435
-0.023468
-0.023468
-0.023468
-0.023468
-0.023468
-0.0234985
-0.0234985
-0.0234985
-0.0234985
-0.0234985
0
0
0
0
0
0
0
0
0
0
-0.0263062
-0.0263062
-0.0263062
-0.0263062
-0.0263062
-0.0654602
-0.0654602
-0.0654602
-0.0654602
-0.0654602
-0.0512085
-0.0512085
-0.0512085
-0.0512085
-0.0512085
0.0621033
0.0621033
0.0621033
0.0621033
0.0621033
0.0994568
0.0994568
0.0994568
0.0994568
0.0994568
0
0
0
0
0
-0.0559692
-0.0559692
-0.0559692
-0.0559692
-0.0559692
0
0
0
0
0
0.0758972
0.0758972
0.0758972
0.0758972
0.0758972
0
0
0
0
0
-0.0316467
-0.0316467
-0.0316467
-0.0316467
-0.0316467
0
0
0
0
0
0.0427551
0.0427551
0.0427551
0.0427551
0.0427551
0.0421448
0.0421448
0.0421448
0.0421448
0.0421448
-0.029541
-0.029541
-0.029541
-0.029541
-0.029541
-0.0511169
-0.0511169
-0.0511169
-0.0511169
-0.0511169
-0.0601807
-0.0601807
-0.0601807
-0.0601807
-0.0601807
0
0
0
0
0
-0.0702515
-0.0702515
-0.0702515
-0.0702515
-0.0702515
0.0707703
0.0707703
0.0707703
0.0707703
0.0707703
0.0523071
0.0523071
0.0523071
0.0523071
0.0523071
0.0787048
0.0787048
0.0787048
0.0787048
0.0787048
-0.101685
-0.101685
-0.101685
-0.101685
-0.101685
0
0
0
0
0
0.0299072
0.0299072
0.0299072
0.0299072
0.0299072
0.135345
0.135345
0.135345
0.135345
0.135345
-0.0340576
-0.0340576
-0.0340576
-0.0340576
-0.0340576
-0.0512695
-0.0512695
-0.0512695
-0.0512695
-0.0512695
-0.0361938
-0.0361938
-0.0361938
-0.0361938
-0.0361938
0.053772
0.053772
0.053772
0.053772
0.053772
0
0
0
0
0
-0.0622559
-0.0622559
-0.0622559
-0.0622559
-0.0622559
-0.0646362
-0.0646362
-0.0646362
-0.0646362
-0.0646362
0
0
0
0
0
0.0479126
0.0479126
0.0479126
0.0479126
0.0479126
0.0341492
0.0341492
0.0341492
0.0341492
0.0341492
0
0
0
0
0
0
0
0
0
0
0
0
0
0
0
0
0
0
0
0
0.0343323
0.0343323
0.0343323
0.0343323
0.0343323
0
0
0
0
0
0
0
0
0
0
0
0
0
0
0
0
0
0
0
0
0
0
0
0
0
-0.0316162
-0.0316162
-0.0316162
-0.0316162
-0.0316162
-0.0541382
-0.0541382
-0.0541382
-0.0541382
-0.0541382
-0.0262146
-0.0262146
-0.0262146
-0.0262146
-0.0262146
-0.0284729
-0.0284729
-0.0284729
-0.0284729
-0.0284729
0.0353699
0.0353699
0.0353699
0.0353699
0.0353699
0.0225525
0.0225525
0.0225525
0.0225525
0.0225525
0.0597839
0.0597839
0.0597839
0.0597839
0.0597839
0
0
0
0
0
-0.0214539
-0.0214539
-0.0214539
-0.0214539
-0.0214539
0.0480042
0.0480042
0.0480042
0.0480042
0.0480042
0.025238
0.025238
0.025238
0.025238
0.025238
0.0232544
0.0232544
0.0232544
0.0232544
0.0232544
0
0
0
0
0
0
0
0
0
0
0
0
0
0
0
0
0
0
0
0
-0.0621338
-0.0621338
-0.0621338
-0.0621338
-0.0621338
-0.026123
-0.026123
-0.026123
-0.026123
-0.026123
-0.0814209
-0.0814209
-0.0814209
-0.0814209
-0.0814209
0.0366821
0.0366821
0.0366821
0.0366821
0.0366821
0.0474243
0.0474243
0.0474243
0.0474243
0.0474243
0.0328064
0.0328064
0.0328064
0.0328064
0.0328064
0
0
0
0
0
0
0
0
0
0
0.0411377
0.0411377
0.0411377
0.0411377
0.0411377
0.0285645
0.0285645
0.0285645
0.0285645
0.0285645
0.022583
0.022583
0.022583
0.022583
0.022583
0
0
0
0
0
0
0
0
0
0
0
0
0
0
0
0
0
0
0
0
-0.0437012
-0.0437012
-0.0437012
-0.0437012
-0.0437012
-0.057373
-0.057373
-0.057373
-0.057373
-0.057373
-0.0659485
-0.0659485
-0.0659485
-0.0659485
-0.0659485
0
0
0
0
0
0
0
0
0
0
0.0591125
0.0591125
0.0591125
0.0591125
0.0591125
0
0
0
0
0
0
0
0
0
0
-0.0240173
-0.0240173
-0.0240173
-0.0240173
-0.0240173
0.0280151
0.0280151
0.0280151
0.0280151
0.0280151
0.0342102
0.0342102
0.0342102
0.0342102
0.0342102
0
0
0
0
0
0
0
0
0
0
0
0
0
0
0
0
0
0
0
0
0
0
0
0
0
-0.0576782
-0.0576782
-0.0576782
-0.0576782
-0.0576782
-0.0445862
-0.0445862
-0.0445862
-0.0445862
-0.0445862
-0.0728455
-0.0728455
-0.0728455
-0.0728455
-0.0728455
0.0289001
0.0289001
0.0289001
0.0289001
0.0289001
0.0648193
0.0648193
0.0648193
0.0648193
0.0648193
0.0560608
0.0560608
0.0560608
0.0560608
0.0560608
0
0
0
0
0
-0.0263977
-0.0263977
-0.0263977
-0.0263977
-0.0263977
0
0
0
0
0
0.0435181
0.0435181
0.0435181
0.0435181
0.0435181
0.0400085
0.0400085
0.0400085
0.0400085
0.0400085
0.0265808
0.0265808
0.0265808
0.0265808
0.0265808
0
0
0
0
0
0
0
0
0
0
0
0
0
0
0
-0.0274963
-0.0274963
-0.0274963
-0.0274963
-0.0274963
-0.0523376
-0.0523376
-0.0523376
-0.0523376
-0.0523376
-0.0798035
-0.0798035
-0.0798035
-0.0798035
-0.0798035
0
0
0
0
0
0.0275879
0.0275879
0.0275879
0.0275879
0.0275879
0.063324
0.063324
0.063324
0.063324
0.063324
0.0320129
0.0320129
0.0320129
0.0320129
0.0320129
-0.0272522
-0.0272522
-0.0272522
-0.0272522
-0.0272522
0
0
0
0
0
0
0
0
0
0
0.0457153
0.0457153
0.0457153
0.0457153
0.0457153
0.0341797
0.0341797
0.0341797
0.0341797
0.0341797
0
0
0
0
0
0
0
0
0
0
0
0
0
0
0
-0.0220337
-0.0220337
-0.0220337
-0.0220337
-0.0220337
-0.053894
-0.053894
-0.053894
-0.053894
-0.053894
-0.0257568
-0.0257568
-0.0257568
-0.0257568
-0.0257568
-0.0823975
-0.0823975
-0.0823975
-0.0823975
-0.0823975
0
0
0
0
0
0.0662231
0.0662231
0.0662231
0.0662231
0.0662231
0.0567322
0.0567322
0.0567322
0.0567322
0.0567322
0.0433655
0.0433655
0.0433655
0.0433655
0.0433655
-0.0254517
-0.0254517
-0.0254517
-0.0254517
-0.0254517
-0.0216064
-0.0216064
-0.0216064
-0.0216064
-0.0216064
0
0
0
0
0
0.0228271
0.0228271
0.0228271
0.0228271
0.0228271
0.0545959
0.0545959
0.0545959
0.0545959
0.0545959
0
0
0
0
0
0
0
0
0
0
-0.0328674
-0.0328674
-0.0328674
-0.0328674
-0.0328674
-0.0457458
-0.0457458
-0.0457458
-0.0457458
-0.0457458
-0.0689392
-0.0689392
-0.0689392
-0.0689392
-0.0689392
-0.0482483
-0.0482483
-0.0482483
-0.0482483
-0.0482483
0
0
0
0
0
0
0
0
0
0
0.0689697
0.0689697
0.0689697
0.0689697
0.0689697
0.0445251
0.0445251
0.0445251
0.0445251
0.0445251
0
0
0
0
0
0
0
0
0
0
0
0
0
0
0
0
0
0
0
0
0
0
0
0
0
0.039978
0.039978
0.039978
0.039978
0.039978
0
0
0
0
0
0
0
0
0
0
0
0
0
0
0
-0.0661316
-0.0661316
-0.0661316
-0.0661316
-0.0661316
-0.0462341
-0.0462341
-0.0462341
-0.0462341
-0.0462341
-0.0717773
-0.0717773
-0.0717773
-0.0717773
-0.0717773
0
0
0
0
0
0.0335083
0.0335083
0.0335083
0.0335083
0.0335083
0.070282
0.070282
0.070282
0.070282
0.070282
0.0572815
0.0572815
0.0572815
0.0572815
0.0572815
0
0
0
0
0
0
0
0
0
0
0
0
0
0
0
0
0
0
0
0
0
0
0
0
0
0
0
0
0
0
0
0
0
0
0
0
0
0
0
0
-0.0286865
-0.0286865
-0.0286865
-0.0286865
-0.0286865
-0.0680542
-0.0680542
-0.0680542
-0.0680542
-0.0680542
-0.0514832
-0.0514832
-0.0514832
-0.0514832
-0.0514832
-0.0747986
-0.0747986
-0.0747986
-0.0747986
-0.0747986
0
0
0
0
0
0.0696411
0.0696411
0.0696411
0.0696411
0.0696411
0.074646
0.074646
0.074646
0.074646
0.074646
0.0527039
0.0527039
0.0527039
0.0527039
0.0527039
0
0
0
0
0
0
0
0
0
0
-0.0273743
-0.0273743
-0.0273743
-0.0273743
-0.0273743
0
0
0
0
0
0.0229797
0.0229797
0.0229797
0.0229797
0.0229797
0
0
0
0
0
0
0
0
0
0
0
0
0
0
0
-0.047821
-0.047821
-0.047821
-0.047821
-0.047821
-0.08078
-0.08078
-0.08078
-0.08078
-0.08078
-0.0864563
-0.0864563
-0.0864563
-0.0864563
-0.0864563
0
0
0
0
0
0
0
0
0
0
0.0852661
0.0852661
0.0852661
0.0852661
0.0852661
0.0734863
0.0734863
0.0734863
0.0734863
0.0734863
0.0431519
0.0431519
0.0431519
0.0431519
0.0431519
0
0
0
0
0
0
0
0
0
0
-0.030365
-0.030365
-0.030365
-0.030365
-0.030365
-0.0316162
-0.0316162
-0.0316162
-0.0316162
-0.0316162
0
0
0
0
0
0
0
0
0
0
0
0
0
0
0
0
0
0
0
0
-0.0594177
-0.0594177
-0.0594177
-0.0594177
-0.0594177
-0.0775757
-0.0775757
-0.0775757
-0.0775757
-0.0775757
-0.0864258
-0.0864258
-0.0864258
-0.0864258
-0.0864258
0
0
0
0
0
0.0501709
0.0501709
0.0501709
0.0501709
0.0501709
0.0758362
0.0758362
0.0758362
0.0758362
0.0758362
0.10788
0.10788
0.10788
0.10788
0.10788
0.0517883
0.0517883
0.0517883
0.0517883
0.0517883
0
0
0
0
0
-0.0266418
-0.0266418
-0.0266418
-0.0266418
-0.0266418
-0.0514526
-0.0514526
-0.0514526
-0.0514526
-0.0514526
-0.0344543
-0.0344543
-0.0344543
-0.0344543
-0.0344543
0
0
0
0
0
0
0
0
0
0
0
0
0
0
0
-0.0298462
-0.0298462
-0.0298462
-0.0298462
-0.0298462
-0.0314026
-0.0314026
-0.0314026
-0.0314026
-0.0314026
-0.0715942
-0.0715942
-0.0715942
-0.0715942
-0.0715942
-0.0282593
-0.0282593
-0.0282593
-0.0282593
-0.0282593
0
0
0
0
0
0.0424805
0.0424805
0.0424805
0.0424805
0.0424805
0.0684814
0.0684814
0.0684814
0.0684814
0.0684814
0.0524292
0.0524292
0.0524292
0.0524292
0.0524292
0.0466614
0.0466614
0.0466614
0.0466614
0.0466614
0
0
0
0
0
0
0
0
0
0
-0.0398254
-0.0398254
-0.0398254
-0.0398254
-0.0398254
-0.0360107
-0.0360107
-0.0360107
-0.0360107
-0.0360107
0
0
0
0
0
0
0
0
0
0
0
0
0
0
0
0
0
0
0
0
0
0
0
0
0
0
0
0
0
0
0
0
0
0
0
0
0
0
0
0
0
0
0
0
0
0
0
0
0
0
0
0
0
0
0
0
0
0
0
0
0
0
0
0
0
0
0
0
0
0
0
0
0
0
0
0
0
0
0
0
0
0
0
0
0
0
0
0
0
0
0
0
0
0
0
0
0
0
0
0
0
0
0
0
0
0
0
0
0
0
0
0
0
0
0
0
0
0
0
0
0
0
0
0
0
0
0
0
0
0
0
0
0
0
0
0
0
0
0
0
0
0
0
0
0
0
0
0
0
0
0
0
0
0
0
0
0
0
0
0
0
0
0
0
0
0
0
0
0
0
0
0
0
0
0
0
0
0
0
0
0
0
0
0
0
0
0
0
0
0
0
0
0
0
0
0
0
0
0
0
0
0
0
0
0
0
0
0
0
0
0
0
0
0
0
0
0
0
0
0
0
0
0
0
0
0
0
0
0
0
0
0
0
0
0
0
0
0
0
0
0
0
0
0
0
0
0
0
0
0
0
0
0
0
0
0
0
0
0
0
0
0
0
0
0
0
0
0
0
0
0
0
0
0
0
0
0
0
0
0
0
0
0
0
0
0
0
0
0
0
0
0
0
0
0
0
0
0
0
0
0
0
0
0
0
0
0
0
0
0
0
0
0
0
0
0
0
0
0
0
0
0
0
0
0
0
0
0
0
0
0
0
0
0
0
0
0
0
0
0
0
0
0
0
0
0
0
0
0
0
0
0
0
0
0
0
0
0
0
0
0
0
0
0
0
0
0
0
0
0
0
0
0
0
0
0
0
0
0
0
0
0
0
0
0
0
0
0
0
0
0
0
0
0
0
0
0
0
0
0
0
0
0
0
0
0
0
0
0
0
0
0
0
0
0
0
0
0
0
0
0
0
0
0
0
0
0
0
0
0
0
0
0
0
0
0
0
0
0
0
0
0
0
0
0
0
0
0
0
0
0
0
0
0
0
0
0
0
0
0
0
0
0
0
0
0
0
0
0
0
0
0
0
0
0
0
0
0
0
0
0
0
0
0
0
0
0
0
0
0
0
0
0
0
0
0
0
0
0
0
0
0
0
0
0
0
0
0
0
0
0
0
0
0
0
0
0
0
0
0
0
0
0
0
0
0
0
0
0
0
0
0
0
0
0
0
0
0
0
0
0
0
0
0
0
0
0
0
0
0
0
0
0
0
0
0
0
0
0
0
0
0
0
0
0
0
0
0
0
0
0
0
0
0
0
0
0
0
0
0
0
0
0
0
0
0
0
0
0
0
0
0
0
0
0
0
0
0
0
0
0
0
0
0
0
0
0
0
0
0
0
0
0
0
0
0
0
0
0
0
0
0
0
0
0
0
0
0
0
0
0
0
0
0
0
0
0
0
0
0
0
0
0
0
0
0
0
0
0
0
0
0
0
0
0
0
0
0
0
0
0
0
0
0
0
0
0
0
0
0
0
0
0
0
0
0
0
0
0
0
0
0
0
0
0
0
0
0
0
0
0
0
0
0
0
0
0
0
0
0
0
0
0
0
0
0
0
0
0
0
0
0
0
0
0
0
0
0
0
0
0
0
0
0
0
0
0
0
0
0
0
0
0
0
0
0
0
0
0
0
0
0
0
0
0
0
0
0
0
0
0
0
0
0
0
0
0
0
0
0
0
0
0
0
0
0
0
0
0
0
0
0
0
0
0
0
0
0
0
0
0
0
0
0
0
0
0
0
0
0
0
0
0
0
0
0
0
0
0
0
0
0
0
0
0
0
0
0
0
0
0
0
0
0
0
0
0
0
0
0
0
0
0
0
0
0
0
0
0
0
0
0
0
0
0
0
0
0
0
0
0
0
0
0
0
0
0
0
0
0
0
0
0
0
0
0
0
0
0
0
0
0
0
0
0
0
0
0
0
0
0
0
0
0
0
0
0
0
0
0
0
0
0
0
0
0
0
0
0
0
0
0
0
0
0
0
0
0
0
0
0
0
0
0
0
0
0
0
0
0
0
0
0
0
0
0
0
0
0
0
0
0
0
0
0
0
0
0
0
0
0
0
0
0
0
0
0
0
0
0
0
0
0
0
0
0
0
0
0
0
0
0
0
0
0
0
0
0
0
0
0
0
0
0
0
0
0
0
0
0
0
0
0
0
0
0
0
0
0
0
0
0
0
0
0
0
0
0
0
0
0
0
0
0
0
0
0
0
0
0
0
0
0
0
0
0
0
0
0
0
0.0211487
0.0211487
0.0211487
0.0211487
0.0211487
0
0
0
0
0
0
0
0
0
0
0
0
0
0
0
0
0
0
0
0
0.0285645
0.0285645
0.0285645
0.0285645
0.0285645
-0.0270386
-0.0270386
-0.0270386
-0.0270386
-0.0270386
0
0
0
0
0
0
0
0
0
0
0
0
0
0
0
0
0
0
0
0
0
0
0
0
0
0.0289917
0.0289917
0.0289917
0.0289917
0.0289917
0
0
0
0
0
0
0
0
0
0
0
0
0
0
0
0
0
0
0
0
0
0
0
0
0
0
0
0
0
0
0
0
0
0
0
0
0
0
0
0
0
0
0
0
0
-0.0265503
-0.0265503
-0.0265503
-0.0265503
-0.0265503
0
0
0
0
0
0
0
0
0
0
0
0
0
0
0
0
0
0
0
0
0
0
0
0
0
0
0
0
0
0
0
0
0
0
0
0
0
0
0
0
0
0
0
0
0
0
0
0
0
0
0
0
0
0
0
0.0415039
0.0415039
0.0415039
0.0415039
0.0415039
-0.028656
-0.028656
-0.028656
-0.028656
-0.028656
0.0410767
0.0410767
0.0410767
0.0410767
0.0410767
0
0
0
0
0
0
0
0
0
0
0
0
0
0
0
0
0
0
0
0
0
0
0
0
0
-0.0228577
-0.0228577
-0.0228577
-0.0228577
-0.0228577
0
0
0
0
0
0
0
0
0
0
0
0
0
0
0
0
0
0
0
0
-0.0343933
-0.0343933
-0.0343933
-0.0343933
-0.0343933
0.044281
0.044281
0.044281
0.044281
0.044281
0
0
0
0
0
0
0
0
0
0
-0.0384216
-0.0384216
-0.0384216
-0.0384216
-0.0384216
0.0264893
0.0264893
0.0264893
0.0264893
0.0264893
0
0
0
0
0
0
0
0
0
0
0
0
0
0
0
0
0
0
0
0
0
0
0
0
0
0.052063
0.052063
0.052063
0.052063
0.052063
-0.0530701
-0.0530701
-0.0530701
-0.0530701
-0.0530701
0
0
0
0
0
0
0
0
0
0
0
0
0
0
0
0
0
0
0
0
0.0219421
0.0219421
0.0219421
0.0219421
0.0219421
0
0
0
0
0
0
0
0
0
0
0
0
0
0
0
0
0
0
0
0
0
0
0
0
0
0
0
0
0
0
0
0
0
0
0
0
0
0
0
0
0
0
0
0
0
0
0
0
0
0
0.0293579
0.0293579
0.0293579
0.0293579
0.0293579
0
0
0
0
0
0
0
0
0
0
0
0
0
0
0
0
0
0
0
0
0
0
0
0
0
0
0
0
0
0
0
0
0
0
0
0
0
0
0
0
-0.0513
-0.0513
-0.0513
-0.0513
-0.0513
-0.0213013
-0.0213013
-0.0213013
-0.0213013
-0.0213013
-0.0341797
-0.0341797
-0.0341797
-0.0341797
-0.0341797
0
0
0
0
0
0
0
0
0
0
0
0
0
0
0
0
0
0
0
0
0
0
0
0
0
0
0
0
0
0
0
0
0
0
0
0
0
0
0
0
0
0
0
0
0
-0.0450134
-0.0450134
-0.0450134
-0.0450134
-0.0450134
-0.035614
-0.035614
-0.035614
-0.035614
-0.035614
0
0
0
0
0
0
0
0
0
0
0
0
0
0
0
0.021698
0.021698
0.021698
0.021698
0.021698
0
0
0
0
0
0
0
0
0
0
0
0
0
0
0
0
0
0
0
0
0
0
0
0
0
-0.024292
-0.024292
-0.024292
-0.024292
-0.024292
-0.0390625
-0.0390625
-0.0390625
-0.0390625
-0.0390625
-0.0713196
-0.0713196
-0.0713196
-0.0713196
-0.0713196
-0.0605164
-0.0605164
-0.0605164
-0.0605164
-0.0605164
0
0
0
0
0
0.0404663
0.0404663
0.0404663
0.0404663
0.0404663
0.0707703
0.0707703
0.0707703
0.0707703
0.0707703
0.0764771
0.0764771
0.0764771
0.0764771
0.0764771
0.052887
0.052887
0.052887
0.052887
0.052887
0
0
0
0
0
0
0
0
0
0
-0.0327148
-0.0327148
-0.0327148
-0.0327148
-0.0327148
-0.0398254
-0.0398254
-0.0398254
-0.0398254
-0.0398254
-0.0282898
-0.0282898
-0.0282898
-0.0282898
-0.0282898
-0.0233154
-0.0233154
-0.0233154
-0.0233154
-0.0233154
-0.042511
-0.042511
-0.042511
-0.042511
-0.042511
-0.0687866
-0.0687866
-0.0687866
-0.0687866
-0.0687866
-0.0276794
-0.0276794
-0.0276794
-0.0276794
-0.0276794
0.0328979
0.0328979
0.0328979
0.0328979
0.0328979
0.0671997
0.0671997
0.0671997
0.0671997
0.0671997
0.0804749
0.0804749
0.0804749
0.0804749
0.0804749
0.0529175
0.0529175
0.0529175
0.0529175
0.0529175
0.0273743
0.0273743
0.0273743
0.0273743
0.0273743
0
0
0
0
0
-0.0316162
-0.0316162
-0.0316162
-0.0316162
-0.0316162
-0.0418091
-0.0418091
-0.0418091
-0.0418091
-0.0418091
-0.0243225
-0.0243225
-0.0243225
-0.0243225
-0.0243225
0
0
0
0
0
-0.0290222
-0.0290222
-0.0290222
-0.0290222
-0.0290222
-0.0846252
-0.0846252
-0.0846252
-0.0846252
-0.0846252
-0.04776
-0.04776
-0.04776
-0.04776
-0.04776
0
0
0
0
0
0.0785522
0.0785522
0.0785522
0.0785522
0.0785522
0.0990906
0.0990906
0.0990906
0.0990906
0.0990906
0.0834351
0.0834351
0.0834351
0.0834351
0.0834351
0.0480652
0.0480652
0.0480652
0.0480652
0.0480652
0
0
0
0
0
-0.0384521
-0.0384521
-0.0384521
-0.0384521
-0.0384521
-0.0423584
-0.0423584
-0.0423584
-0.0423584
-0.0423584
-0.0463257
-0.0463257
-0.0463257
-0.0463257
-0.0463257
0
0
0
0
0
0
0
0
0
0
-0.0576477
-0.0576477
-0.0576477
-0.0576477
-0.0576477
-0.0999451
-0.0999451
-0.0999451
-0.0999451
-0.0999451
-0.0326233
-0.0326233
-0.0326233
-0.0326233
-0.0326233
0.0715942
0.0715942
0.0715942
0.0715942
0.0715942
0.0936584
0.0936584
0.0936584
0.0936584
0.0936584
0.116669
0.116669
0.116669
0.116669
0.116669
0.0461121
0.0461121
0.0461121
0.0461121
0.0461121
0
0
0
0
0
-0.0377197
-0.0377197
-0.0377197
-0.0377197
-0.0377197
-0.0591431
-0.0591431
-0.0591431
-0.0591431
-0.0591431
-0.0367126
-0.0367126
-0.0367126
-0.0367126
-0.0367126
0
0
0
0
0
0
0
0
0
0
0
0
0
0
0
-0.119202
-0.119202
-0.119202
-0.119202
-0.119202
-0.0463257
-0.0463257
-0.0463257
-0.0463257
-0.0463257
-0.0430603
-0.0430603
-0.0430603
-0.0430603
-0.0430603
0.114441
0.114441
0.114441
0.114441
0.114441
0.111969
0.111969
0.111969
0.111969
0.111969
0.114349
0.114349
0.114349
0.114349
0.114349
0.0378723
0.0378723
0.0378723
0.0378723
0.0378723
-0.0622864
-0.0622864
-0.0622864
-0.0622864
-0.0622864
-0.0691528
-0.0691528
-0.0691528
-0.0691528
-0.0691528
-0.0648804
-0.0648804
-0.0648804
-0.0648804
-0.0648804
0
0
0
0
0
0.0306702
0.0306702
0.0306702
0.0306702
0.0306702
0.0306702
0.0306702
0.0306702
0.0306702
0.0306702
-0.0477295
-0.0477295
-0.0477295
-0.0477295
-0.0477295
-0.15213
-0.15213
-0.15213
-0.15213
-0.15213
-0.0594482
-0.0594482
-0.0594482
-0.0594482
-0.0594482
0
0
0
0
0
0.137207
0.137207
0.137207
0.137207
0.137207
0.161469
0.161469
0.161469
0.161469
0.161469
0.0644226
0.0644226
0.0644226
0.0644226
0.0644226
0
0
0
0
0
-0.0716553
-0.0716553
-0.0716553
-0.0716553
-0.0716553
-0.0834351
-0.0834351
-0.0834351
-0.0834351
-0.0834351
-0.0571899
-0.0571899
-0.0571899
-0.0571899
-0.0571899
0
0
0
0
0
0.0350037
0.0350037
0.0350037
0.0350037
0.0350037
0
0
0
0
0
-0.120544
-0.120544
-0.120544
-0.120544
-0.120544
-0.147797
-0.147797
-0.147797
-0.147797
-0.147797
-0.0639343
-0.0639343
-0.0639343
-0.0639343
-0.0639343
0.09729
0.09729
0.09729
0.09729
0.09729
0.139069
0.139069
0.139069
0.139069
0.139069
0.181366
0.181366
0.181366
0.181366
0.181366
0.0426636
0.0426636
0.0426636
0.0426636
0.0426636
-0.0362854
-0.0362854
-0.0362854
-0.0362854
-0.0362854
-0.100372
-0.100372
-0.100372
-0.100372
-0.100372
-0.0803833
-0.0803833
-0.0803833
-0.0803833
-0.0803833
0
0
0
0
0
0.0297241
0.0297241
0.0297241
0.0297241
0.0297241
0.0540771
0.0540771
0.0540771
0.0540771
0.0540771
0
0
0
0
0
-0.163452
-0.163452
-0.163452
-0.163452
-0.163452
-0.0675049
-0.0675049
-0.0675049
-0.0675049
-0.0675049
-0.0325317
-0.0325317
-0.0325317
-0.0325317
-0.0325317
0.138092
0.138092
0.138092
0.138092
0.138092
0.147217
0.147217
0.147217
0.147217
0.147217
0.123413
0.123413
0.123413
0.123413
0.123413
0
0
0
0
0
-0.105713
-0.105713
-0.105713
-0.105713
-0.105713
-0.0844116
-0.0844116
-0.0844116
-0.0844116
-0.0844116
-0.0463562
-0.0463562
-0.0463562
-0.0463562
-0.0463562
0.0243225
0.0243225
0.0243225
0.0243225
0.0243225
0.0477905
0.0477905
0.0477905
0.0477905
0.0477905
0.0223083
0.0223083
0.0223083
0.0223083
0.0223083
-0.0664978
-0.0664978
-0.0664978
-0.0664978
-0.0664978
-0.186249
-0.186249
-0.186249
-0.186249
-0.186249
-0.0545959
-0.0545959
-0.0545959
-0.0545959
-0.0545959
0.0490112
0.0490112
0.0490112
0.0490112
0.0490112
0.174896
0.174896
0.174896
0.174896
0.174896
0.183441
0.183441
0.183441
0.183441
0.183441
0.0840759
0.0840759
0.0840759
0.0840759
0.0840759
-0.0387878
-0.0387878
-0.0387878
-0.0387878
-0.0387878
-0.118286
-0.118286
-0.118286
-0.118286
-0.118286
-0.0861816
-0.0861816
-0.0861816
-0.0861816
-0.0861816
0
0
0
0
0
0.0595398
0.0595398
0.0595398
0.0595398
0.0595398
0.0657043
0.0657043
0.0657043
0.0657043
0.0657043
0
0
0
0
0
-0.178528
-0.178528
-0.178528
-0.178528
-0.178528
-0.187927
-0.187927
-0.187927
-0.187927
-0.187927
-0.0561829
-0.0561829
-0.0561829
-0.0561829
-0.0561829
0.15329
0.15329
0.15329
0.15329
0.15329
0.190887
0.190887
0.190887
0.190887
0.190887
0.169678
0.169678
0.169678
0.169678
0.169678
-0.03125
-0.03125
-0.03125
-0.03125
-0.03125
-0.0769958
-0.0769958
-0.0769958
-0.0769958
-0.0769958
-0.139587
-0.139587
-0.139587
-0.139587
-0.139587
-0.0447083
-0.0447083
-0.0447083
-0.0447083
-0.0447083
0.0288391
0.0288391
0.0288391
0.0288391
0.0288391
0.0767517
0.0767517
0.0767517
0.0767517
0.0767517
0.056427
0.056427
0.056427
0.056427
0.056427
-0.0589294
-0.0589294
-0.0589294
-0.0589294
-0.0589294
-0.196075
-0.196075
-0.196075
-0.196075
-0.196075
-0.099762
-0.099762
-0.099762
-0.099762
-0.099762
0.0344543
0.0344543
0.0344543
0.0344543
0.0344543
0.185272
0.185272
0.185272
0.185272
0.185272
0.180939
0.180939
0.180939
0.180939
0.180939
0.144257
0.144257
0.144257
0.144257
0.144257
-0.036438
-0.036438
-0.036438
-0.036438
-0.036438
-0.123657
-0.123657
-0.123657
-0.123657
-0.123657
-0.134552
-0.134552
-0.134552
-0.134552
-0.134552
-0.0255432
-0.0255432
-0.0255432
-0.0255432
-0.0255432
0.0633545
0.0633545
0.0633545
0.0633545
0.0633545
0.098175
0.098175
0.098175
0.098175
0.098175
0.0310364
0.0310364
0.0310364
0.0310364
0.0310364
-0.169952
-0.169952
-0.169952
-0.169952
-0.169952
-0.211823
-0.211823
-0.211823
-0.211823
-0.211823
-0.0687256
-0.0687256
-0.0687256
-0.0687256
-0.0687256
0.134979
0.134979
0.134979
0.134979
0.134979
0.213043
0.213043
0.213043
0.213043
0.213043
0.19281
0.19281
0.19281
0.19281
0.19281
0
0
0
0
0
-0.097168
-0.097168
-0.097168
-0.097168
-0.097168
-0.147522
-0.147522
-0.147522
-0.147522
-0.147522
-0.0483398
-0.0483398
-0.0483398
-0.0483398
-0.0483398
0.0307922
0.0307922
0.0307922
0.0307922
0.0307922
0.0913696
0.0913696
0.0913696
0.0913696
0.0913696
0.0653992
0.0653992
0.0653992
0.0653992
0.0653992
-0.0389709
-0.0389709
-0.0389709
-0.0389709
-0.0389709
-0.222565
-0.222565
-0.222565
-0.222565
-0.222565
-0.152588
-0.152588
-0.152588
-0.152588
-0.152588
-0.0364685
-0.0364685
-0.0364685
-0.0364685
-0.0364685
0.186401
0.186401
0.186401
0.186401
0.186401
0.232483
0.232483
0.232483
0.232483
0.232483
0.17627
0.17627
0.17627
0.17627
0.17627
-0.0335083
-0.0335083
-0.0335083
-0.0335083
-0.0335083
-0.145508
-0.145508
-0.145508
-0.145508
-0.145508
-0.133606
-0.133606
-0.133606
-0.133606
-0.133606
0
0
0
0
0
0.0647278
0.0647278
0.0647278
0.0647278
0.0647278
0.11673
0.11673
0.11673
0.11673
0.11673
0.0297546
0.0297546
0.0297546
0.0297546
0.0297546
-0.11554
-0.11554
-0.11554
-0.11554
-0.11554
-0.240662
-0.240662
-0.240662
-0.240662
-0.240662
-0.0725098
-0.0725098
-0.0725098
-0.0725098
-0.0725098
0.0769653
0.0769653
0.0769653
0.0769653
0.0769653
0.240448
0.240448
0.240448
0.240448
0.240448
0.179199
0.179199
0.179199
0.179199
0.179199
0.0779114
0.0779114
0.0779114
0.0779114
0.0779114
-0.0923462
-0.0923462
-0.0923462
-0.0923462
-0.0923462
-0.143341
-0.143341
-0.143341
-0.143341
-0.143341
-0.129608
-0.129608
-0.129608
-0.129608
-0.129608
0
0
0
0
0
0.0864563
0.0864563
0.0864563
0.0864563
0.0864563
0.0830383
0.0830383
0.0830383
0.0830383
0.0830383
0
0
0
0
0
-0.221436
-0.221436
-0.221436
-0.221436
-0.221436
-0.23349
-0.23349
-0.23349
-0.23349
-0.23349
-0.065094
-0.065094
-0.065094
-0.065094
-0.065094
0.151703
0.151703
0.151703
0.151703
0.151703
0.240601
0.240601
0.240601
0.240601
0.240601
0.177643
0.177643
0.177643
0.177643
0.177643
-0.0264282
-0.0264282
-0.0264282
-0.0264282
-0.0264282
-0.138519
-0.138519
-0.138519
-0.138519
-0.138519
-0.129242
-0.129242
-0.129242
-0.129242
-0.129242
0
0
0
0
0
0.0650635
0.0650635
0.0650635
0.0650635
0.0650635
0.106964
0.106964
0.106964
0.106964
0.106964
0.0396729
0.0396729
0.0396729
0.0396729
0.0396729
-0.0427551
-0.0427551
-0.0427551
-0.0427551
-0.0427551
-0.230957
-0.230957
-0.230957
-0.230957
-0.230957
-0.0774231
-0.0774231
-0.0774231
-0.0774231
-0.0774231
0
0
0
0
0
0.218964
0.218964
0.218964
0.218964
0.218964
0.18692
0.18692
0.18692
0.18692
0.18692
0.123322
0.123322
0.123322
0.123322
0.123322
-0.0732117
-0.0732117
-0.0732117
-0.0732117
-0.0732117
-0.13205
-0.13205
-0.13205
-0.13205
-0.13205
-0.114655
-0.114655
-0.114655
-0.114655
-0.114655
0
0
0
0
0
0.0735779
0.0735779
0.0735779
0.0735779
0.0735779
0.102631
0.102631
0.102631
0.102631
0.102631
0
0
0
0
0
-0.214478
-0.214478
-0.214478
-0.214478
-0.214478
-0.207703
-0.207703
-0.207703
-0.207703
-0.207703
-0.0691223
-0.0691223
-0.0691223
-0.0691223
-0.0691223
0.167206
0.167206
0.167206
0.167206
0.167206
0.200195
0.200195
0.200195
0.200195
0.200195
0.172607
0.172607
0.172607
0.172607
0.172607
-0.0354004
-0.0354004
-0.0354004
-0.0354004
-0.0354004
-0.109528
-0.109528
-0.109528
-0.109528
-0.109528
-0.13208
-0.13208
-0.13208
-0.13208
-0.13208
0
0
0
0
0
0.0427856
0.0427856
0.0427856
0.0427856
0.0427856
0.0755615
0.0755615
0.0755615
0.0755615
0.0755615
0.0384827
0.0384827
0.0384827
0.0384827
0.0384827
-0.0595093
-0.0595093
-0.0595093
-0.0595093
-0.0595093
-0.217163
-0.217163
-0.217163
-0.217163
-0.217163
-0.0628357
-0.0628357
-0.0628357
-0.0628357
-0.0628357
0.0375977
0.0375977
0.0375977
0.0375977
0.0375977
0.209381
0.209381
0.209381
0.209381
0.209381
0.166931
0.166931
0.166931
0.166931
0.166931
0.103912
0.103912
0.103912
0.103912
0.103912
-0.0697327
-0.0697327
-0.0697327
-0.0697327
-0.0697327
-0.101257
-0.101257
-0.101257
-0.101257
-0.101257
-0.14563
-0.14563
-0.14563
-0.14563
-0.14563
0
0
0
0
0
0.0444336
0.0444336
0.0444336
0.0444336
0.0444336
0.0897827
0.0897827
0.0897827
0.0897827
0.0897827
0
0
0
0
0
-0.195129
-0.195129
-0.195129
-0.195129
-0.195129
-0.0897217
-0.0897217
-0.0897217
-0.0897217
-0.0897217
-0.0579834
-0.0579834
-0.0579834
-0.0579834
-0.0579834
0.177643
0.177643
0.177643
0.177643
0.177643
0.172882
0.172882
0.172882
0.172882
0.172882
0.153381
0.153381
0.153381
0.153381
0.153381
-0.021637
-0.021637
-0.021637
-0.021637
-0.021637
-0.0751343
-0.0751343
-0.0751343
-0.0751343
-0.0751343
-0.122406
-0.122406
-0.122406
-0.122406
-0.122406
-0.0309143
-0.0309143
-0.0309143
-0.0309143
-0.0309143
0.027771
0.027771
0.027771
0.027771
0.027771
0.0735168
0.0735168
0.0735168
0.0735168
0.0735168
0
0
0
0
0
-0.152069
-0.152069
-0.152069
-0.152069
-0.152069
-0.172516
-0.172516
-0.172516
-0.172516
-0.172516
-0.0460815
-0.0460815
-0.0460815
-0.0460815
-0.0460815
0.0954895
0.0954895
0.0954895
0.0954895
0.0954895
0.166656
0.166656
0.166656
0.166656
0.166656
0.136078
0.136078
0.136078
0.136078
0.136078
0
0
0
0
0
-0.0567322
-0.0567322
-0.0567322
-0.0567322
-0.0567322
-0.0872498
-0.0872498
-0.0872498
-0.0872498
-0.0872498
-0.0332031
-0.0332031
-0.0332031
-0.0332031
-0.0332031
0
0
0
0
0
0.046051
0.046051
0.046051
0.046051
0.046051
0.0338135
0.0338135
0.0338135
0.0338135
0.0338135
-0.0534668
-0.0534668
-0.0534668
-0.0534668
-0.0534668
-0.160889
-0.160889
-0.160889
-0.160889
-0.160889
-0.055542
-0.055542
-0.055542
-0.055542
-0.055542
0.0304565
0.0304565
0.0304565
0.0304565
0.0304565
0.169495
0.169495
0.169495
0.169495
0.169495
0.122925
0.122925
0.122925
0.122925
0.122925
0.0900269
0.0900269
0.0900269
0.0900269
0.0900269
-0.0542603
-0.0542603
-0.0542603
-0.0542603
-0.0542603
-0.0526123
-0.0526123
-0.0526123
-0.0526123
-0.0526123
-0.114624
-0.114624
-0.114624
-0.114624
-0.114624
0
0
0
0
0
0
0
0
0
0
0.0592651
0.0592651
0.0592651
0.0592651
0.0592651
-0.0351562
-0.0351562
-0.0351562
-0.0351562
-0.0351562
-0.154968
-0.154968
-0.154968
-0.154968
-0.154968
-0.0515137
-0.0515137
-0.0515137
-0.0515137
-0.0515137
0
0
0
0
0
0.159607
0.159607
0.159607
0.159607
0.159607
0.11264
0.11264
0.11264
0.11264
0.11264
0.0901489
0.0901489
0.0901489
0.0901489
0.0901489
-0.0451355
-0.0451355
-0.0451355
-0.0451355
-0.0451355
-0.0509644
-0.0509644
-0.0509644
-0.0509644
-0.0509644
-0.0787048
-0.0787048
-0.0787048
-0.0787048
-0.0787048
0
0
0
0
0
0.0239868
0.0239868
0.0239868
0.0239868
0.0239868
0.0484009
0.0484009
0.0484009
0.0484009
0.0484009
-0.0263977
-0.0263977
-0.0263977
-0.0263977
-0.0263977
-0.163727
-0.163727
-0.163727
-0.163727
-0.163727
-0.110657
-0.110657
-0.110657
-0.110657
-0.110657
-0.0264893
-0.0264893
-0.0264893
-0.0264893
-0.0264893
0.114868
0.114868
0.114868
0.114868
0.114868
0.151154
0.151154
0.151154
0.151154
0.151154
0.0906677
0.0906677
0.0906677
0.0906677
0.0906677
0
0
0
0
0
-0.0767517
-0.0767517
-0.0767517
-0.0767517
-0.0767517
-0.070282
-0.070282
-0.070282
-0.070282
-0.070282
0
0
0
0
0
0.0368958
0.0368958
0.0368958
0.0368958
0.0368958
0.0504761
0.0504761
0.0504761
0.0504761
0.0504761
0
0
0
0
0
-0.128052
-0.128052
-0.128052
-0.128052
-0.128052
-0.141998
-0.141998
-0.141998
-0.141998
-0.141998
-0.0230713
-0.0230713
-0.0230713
-0.0230713
-0.0230713
0.0681458
0.0681458
0.0681458
0.0681458
0.0681458
0.152954
0.152954
0.152954
0.152954
0.152954
0.093811
0.093811
0.093811
0.093811
0.093811
0
0
0
0
0
-0.063385
-0.063385
-0.063385
-0.063385
-0.063385
-0.0567932
-0.0567932
-0.0567932
-0.0567932
-0.0567932
-0.0410767
-0.0410767
-0.0410767
-0.0410767
-0.0410767
0.041626
0.041626
0.041626
0.041626
0.041626
0.0304871
0.0304871
0.0304871
0.0304871
0.0304871
0.0256348
0.0256348
0.0256348
0.0256348
0.0256348
-0.0672302
-0.0672302
-0.0672302
-0.0672302
-0.0672302
-0.160767
-0.160767
-0.160767
-0.160767
-0.160767
-0.043335
-0.043335
-0.043335
-0.043335
-0.043335
0.0385132
0.0385132
0.0385132
0.0385132
0.0385132
0.155548
0.155548
0.155548
0.155548
0.155548
0.0804443
0.0804443
0.0804443
0.0804443
0.0804443
0.0600586
0.0600586
0.0600586
0.0600586
0.0600586
-0.0465393
-0.0465393
-0.0465393
-0.0465393
-0.0465393
-0.0419312
-0.0419312
-0.0419312
-0.0419312
-0.0419312
-0.0552979
-0.0552979
-0.0552979
-0.0552979
-0.0552979
0
0
0
0
0
0.0416565
0.0416565
0.0416565
0.0416565
0.0416565
0.0461426
0.0461426
0.0461426
0.0461426
0.0461426
0
0
0
0
0
-0.142456
-0.142456
-0.142456
-0.142456
-0.142456
-0.130005
-0.130005
-0.130005
-0.130005
-0.130005
0
0
0
0
0
0.0708618
0.0708618
0.0708618
0.0708618
0.0708618
0.13797
0.13797
0.13797
0.13797
0.13797
0.0687866
0.0687866
0.0687866
0.0687866
0.0687866
0
0
0
0
0
-0.0707092
-0.0707092
-0.0707092
-0.0707092
-0.0707092
-0.0404663
-0.0404663
-0.0404663
-0.0404663
-0.0404663
-0.0231628
-0.0231628
-0.0231628
-0.0231628
-0.0231628
0.0513306
0.0513306
0.0513306
0.0513306
0.0513306
0.0325317
0.0325317
0.0325317
0.0325317
0.0325317
0.0374146
0.0374146
0.0374146
0.0374146
0.0374146
-0.0853882
-0.0853882
-0.0853882
-0.0853882
-0.0853882
-0.142029
-0.142029
-0.142029
-0.142029
-0.142029
-0.0532837
-0.0532837
-0.0532837
-0.0532837
-0.0532837
0.0457458
0.0457458
0.0457458
0.0457458
0.0457458
0.135651
0.135651
0.135651
0.135651
0.135651
0.0711975
0.0711975
0.0711975
0.0711975
0.0711975
0.033844
0.033844
0.033844
0.033844
0.033844
-0.0622864
-0.0622864
-0.0622864
-0.0622864
-0.0622864
-0.0380554
-0.0380554
-0.0380554
-0.0380554
-0.0380554
-0.0386658
-0.0386658
-0.0386658
-0.0386658
-0.0386658
0
0
0
0
0
0.0316467
0.0316467
0.0316467
0.0316467
0.0316467
0.0365295
0.0365295
0.0365295
0.0365295
0.0365295
0
0
0
0
0
-0.138611
-0.138611
-0.138611
-0.138611
-0.138611
-0.0585327
-0.0585327
-0.0585327
-0.0585327
-0.0585327
-0.0351562
-0.0351562
-0.0351562
-0.0351562
-0.0351562
0.0813293
0.0813293
0.0813293
0.0813293
0.0813293
0.0913696
0.0913696
0.0913696
0.0913696
0.0913696
0.0566406
0.0566406
0.0566406
0.0566406
0.0566406
0
0
0
0
0
-0.052948
-0.052948
-0.052948
-0.052948
-0.052948
-0.0350037
-0.0350037
-0.0350037
-0.0350037
-0.0350037
-0.023407
-0.023407
-0.023407
-0.023407
-0.023407
0.0406799
0.0406799
0.0406799
0.0406799
0.0406799
0.0219116
0.0219116
0.0219116
0.0219116
0.0219116
0.0368652
0.0368652
0.0368652
0.0368652
0.0368652
-0.0770569
-0.0770569
-0.0770569
-0.0770569
-0.0770569
-0.13623
-0.13623
-0.13623
-0.13623
-0.13623
-0.0332336
-0.0332336
-0.0332336
-0.0332336
-0.0332336
0.0227356
0.0227356
0.0227356
0.0227356
0.0227356
0.117828
0.117828
0.117828
0.117828
0.117828
0.0585632
0.0585632
0.0585632
0.0585632
0.0585632
0.0465393
0.0465393
0.0465393
0.0465393
0.0465393
-0.0568542
-0.0568542
-0.0568542
-0.0568542
-0.0568542
-0.0233459
-0.0233459
-0.0233459
-0.0233459
-0.0233459
-0.0359192
-0.0359192
-0.0359192
-0.0359192
-0.0359192
0
0
0
0
0
0.029541
0.029541
0.029541
0.029541
0.029541
0.0218811
0.0218811
0.0218811
0.0218811
0.0218811
0
0
0
0
0
-0.124573
-0.124573
-0.124573
-0.124573
-0.124573
-0.0579834
-0.0579834
-0.0579834
-0.0579834
-0.0579834
-0.0339355
-0.0339355
-0.0339355
-0.0339355
-0.0339355
0.0454712
0.0454712
0.0454712
0.0454712
0.0454712
0.0697937
0.0697937
0.0697937
0.0697937
0.0697937
0.040741
0.040741
0.040741
0.040741
0.040741
0.0212708
0.0212708
0.0212708
0.0212708
0.0212708
-0.0478821
-0.0478821
-0.0478821
-0.0478821
-0.0478821
0
0
0
0
0
-0.0276184
-0.0276184
-0.0276184
-0.0276184
-0.0276184
0.0221863
0.0221863
0.0221863
0.0221863
0.0221863
0
0
0
0
0
0.0245972
0.0245972
0.0245972
0.0245972
0.0245972
-0.0390015
-0.0390015
-0.0390015
-0.0390015
-0.0390015
-0.118317
-0.118317
-0.118317
-0.118317
-0.118317
0
0
0
0
0
0
0
0
0
0
0.104523
0.104523
0.104523
0.104523
0.104523
0.0490417
0.0490417
0.0490417
0.0490417
0.0490417
0.0342407
0.0342407
0.0342407
0.0342407
0.0342407
0
0
0
0
0
-0.0366516
-0.0366516
-0.0366516
-0.0366516
-0.0366516
0
0
0
0
0
0
0
0
0
0
0.0363159
0.0363159
0.0363159
0.0363159
0.0363159
0
0
0
0
0
0
0
0
0
0
-0.0643921
-0.0643921
-0.0643921
-0.0643921
-0.0643921
-0.116669
-0.116669
-0.116669
-0.116669
-0.116669
0
0
0
0
0
0
0
0
0
0
0.0922852
0.0922852
0.0922852
0.0922852
0.0922852
0.0376282
0.0376282
0.0376282
0.0376282
0.0376282
0.033844
0.033844
0.033844
0.033844
0.033844
-0.0290833
-0.0290833
-0.0290833
-0.0290833
-0.0290833
-0.0354614
-0.0354614
-0.0354614
-0.0354614
-0.0354614
0
0
0
0
0
0
0
0
0
0
0.0410767
0.0410767
0.0410767
0.0410767
0.0410767
0
0
0
0
0
0
0
0
0
0
-0.0766602
-0.0766602
-0.0766602
-0.0766602
-0.0766602
-0.101196
-0.101196
-0.101196
-0.101196
-0.101196
0
0
0
0
0
0
0
0
0
0
0.0989685
0.0989685
0.0989685
0.0989685
0.0989685
0.0346985
0.0346985
0.0346985
0.0346985
0.0346985
0.0309448
0.0309448
0.0309448
0.0309448
0.0309448
-0.0232544
-0.0232544
-0.0232544
-0.0232544
-0.0232544
-0.033844
-0.033844
-0.033844
-0.033844
-0.033844
0
0
0
0
0
0
0
0
0
0
0.0447388
0.0447388
0.0447388
0.0447388
0.0447388
0
0
0
0
0
0
0
0
0
0
-0.0641174
-0.0641174
-0.0641174
-0.0641174
-0.0641174
-0.0969543
-0.0969543
-0.0969543
-0.0969543
-0.0969543
0
0
0
0
0
0
0
0
0
0
0.0801086
0.0801086
0.0801086
0.0801086
0.0801086
0.0306702
0.0306702
0.0306702
0.0306702
0.0306702
0.022644
0.022644
0.022644
0.022644
0.022644
0
0
0
0
0
-0.040802
-0.040802
-0.040802
-0.040802
-0.040802
0
0
0
0
0
0
0
0
0
0
0.0475159
0.0475159
0.0475159
0.0475159
0.0475159
0
0
0
0
0
0
0
0
0
0
-0.0354309
-0.0354309
-0.0354309
-0.0354309
-0.0354309
-0.0921021
-0.0921021
-0.0921021
-0.0921021
-0.0921021
0
0
0
0
0
0
0
0
0
0
0.0636292
0.0636292
0.0636292
0.0636292
0.0636292
0.0399475
0.0399475
0.0399475
0.0399475
0.0399475
0
0
0
0
0
0
0
0
0
0
-0.037262
-0.037262
-0.037262
-0.037262
-0.037262
0
0
0
0
0
0
0
0
0
0
0
0
0
0
0
0.0463257
0.0463257
0.0463257
0.0463257
0.0463257
0
0
0
0
0
0
0
0
0
0
-0.0746155
-0.0746155
-0.0746155
-0.0746155
-0.0746155
-0.0253906
-0.0253906
-0.0253906
-0.0253906
-0.0253906
0
0
0
0
0
0
0
0
0
0
0.0439758
0.0439758
0.0439758
0.0439758
0.0439758
0
0
0
0
0
0
0
0
0
0
0
0
0
0
0
-0.0267029
-0.0267029
-0.0267029
-0.0267029
-0.0267029
0
0
0
0
0
0
0
0
0
0
0.0232239
0.0232239
0.0232239
0.0232239
0.0232239
0.0290527
0.0290527
0.0290527
0.0290527
0.0290527
0
0
0
0
0
0
0
0
0
0
-0.0628967
-0.0628967
-0.0628967
-0.0628967
-0.0628967
0
0
0
0
0
0
0
0
0
0
0
0
0
0
0
0.0338135
0.0338135
0.0338135
0.0338135
0.0338135
0
0
0
0
0
0
0
0
0
0
0
0
0
0
0
0
0
0
0
0
0
0
0
0
0
0
0
0
0
0
0
0
0
0
0
0.0217896
0.0217896
0.0217896
0.0217896
0.0217896
0
0
0
0
0
0
0
0
0
0
-0.032959
-0.032959
-0.032959
-0.032959
-0.032959
-0.037384
-0.037384
-0.037384
-0.037384
-0.037384
0
0
0
0
0
0
0
0
0
0
0
0
0
0
0
0
0
0
0
0
0
0
0
0
0
0
0
0
0
0
0
0
0
0
0
0
0
0
0
0
0
0
0
0
0
0
0
0
0
0
0
0
0
0
0
0
0
0
0
0
0
0
0
0
0
0
0
0
0
0
0
0
0
0
0
-0.0225525
-0.0225525
-0.0225525
-0.0225525
-0.0225525
0
0
0
0
0
0
0
0
0
0
0
0
0
0
0
0
0
0
0
0
0
0
0
0
0
0
0
0
0
0
0
0
0
0
0
0
0
0
0
0
0
0
0
0
0
0
0
0
0
0
0
0
0
0
0
0
0
0
0
0
0
0
0
0
0
0
0
0
0
0
0
0
0
0
0
0
0
0
0
0
0
0
0
0
0
0
0
0
0
0
0
0
0
0
0
0
0
0
0
0
0
0
0
0
0
0
0
0
0
0
0
0
0
0
0
0
0
0
0
0
0
0
0
0
0
0
0
0
0
0
0
0
0
0
0
0
0
0
0
0
0
0
0
0
0
0
0
0
0
0
0
0
0
0
0
0
0
0
0
0
0
0
0
0
0
0
0
0
0
0
0
0
0
0
0
0
0
0
0
0
0
0
0
0
0
0
0
0
0
0
0
0
0
0
0
0
0
0
0
0
0
0
0
0
0
0
0
0
0
0
0
0
0
0
0
0
0
0
0
0
0
0
0
0
0
0
0
0
0
0
0
0
0
0
0
0
0
0
0
0
0
0
0
0
0
0
0
0
0
0
0
0
0
0
0
0
0
0
0
0
0
0
0
0
0
0
0
0
0
0
0
0
0
0
0
0
0
0
0
0
0
0
0
0
0
0
0
0
0
0
0
0
0
0
0
0
0
0
0
0
0
0
0
0
0
0
0
0
0
0
0
0
0
0
0
0
0
0
0
0
0
0
0
0
0
0
0
0
0
0
0
0
0
0
0
0
0
0
0
0
0
0
0
0
0
0
0
0
0
0
0
0
0
0
0
0
0
0
0
0
0
0
0
0
0
0
0
0
0
0
0
0
0
0
0
0
0
0
0
0
0
0
0
0
0
0
0
0
0
0
0
0
0
0
0
0
0
0
0
0
0
0
0
0
0
0
0
0
0
0
0
0
0
0
0
0
0
0
0
0
0
0
0
0
0
0
0
0
0
0
0
0
0
0
0
0
0
0
0
0
0
0
0
0
0
0
0
0
0
0
0
0
0
0
0
0
0
0
0
0
0
0
0
0
0
0
0
0
0
0
0
0
0
0
0
0
0
0
0
0
0
0
0
0
0
0
0
0
0
0
0
0
0
0
0
0
0
0
0
0
0
0
0
0
0
0
0
0
0
0
0
0
0
0
0
0
0
0
0
0
0
0
0
0
0
0
0
0
0
0
0
0
0
0
0
0
0
0
0
0
0
0
0
0
0
0
0
0
0
0
0
0
0
0
0
0
0
0
0
0
0
0
0
0
0
0
0
0
0
0
0
0
0
0
0
0
0
0
0
0
0
0
0
0
0
0
0
0
0
0
0
0
0
0
0
0
0
0
0
0
0
0
0
0
0
0
0
0
0
0
0
0
0
0
0
0
0
0
0
0
0
0
0
0
0
0
0
0
0
0
0
0
0
0
0
0
0
0
0
0
0
0
0
0
0
0
0
0
0
0
0
0
0
0
0
0
0
0
0
0
0
0
0
0
0
0
0
0
0
0
0
0
0
0
0
0
0
0
0
0
0
0
0
0
0
0
0
0
0
0
0
0
0
0
0
0
0
0
0
0
0
0
0
0
0
0
0
0
0
0
0
0
0
0
0
0
0
0
0
0
0
0
0
0
0
0
0
0
0
0
0
0
0
0
0
0
0
0
0
0
0
0
0
0
0
0
0
0
0
0
0
0
0
0
0
0
0
0
0
0
0
0
0
0
0
0
0
0
0
0
0
0
0
0
0
0
0
0
0
0
0
0
0
0
0
0
0
0
0
0
0
0
0
0
0
0
0
0
0
0
0
0
0
0
0
0
0
0
0
0
0
0
0
0
0
0
0
0
0
0
0
0
0
0
0
0
0
0
0
0
0
0
0
0
0
0
0
0
0
0
0
0
0
0
0
0
0
0
0
0
0
0
0
0
0
0
0
0
0
0
0
0
0
0
0
0
0
0
0
0
0
0
0
0
0
0
0
0
0
0
0
0
0
0
0
0
0
0
0
0
0
0
0
0
0
0
0
0
0
0
0
0
0
0
0
0
0
0
0
0
0
0
0
0
0
0
0
0
0
0
0
0
0
0
0
0
0
0
0
0
0
0
0
0
0
0
0
0
0
0
0
0
0
0
0
0
0
0
0
0
0
0
0
0
0
0
0
0
0
0
0
0
0
0
0
0
0
0
0
0
0
0
0
0
0
0
0
0
0
0
0
0
0
0
0
0
0
0
0
0
0
0
0
0
0
0
0
0
0
0
0
0
0
0
0
0
0
0
0
0
0
0
0
0
0
0
0
0
0
0
0
0
0
0
0
0
0
0
0
0
0
0
0
0
0
0
0
0
0
0
0
0
0
0
0
0
0
0
0
0
0
0
0
0
0
0
0
0
0
0
0
0
0
0
0
0
0
0
0
0
0
0
0
0
0
0
0
0
0
0
0
0
0
0
0
0
0
0
0
0
0
0
0
0
0
0
0
0
0
0
0
0
0
0
0
0
0
0
0
0
0
0
0
0
0
0
0
0
0
0
0
0
0
0
0
0
0
0
0
0
0
0
0
0
0
0
0
0
0
0
0
0
0
0
0
0
0
0
0
0
0
0
0
0
0
0
0
0
0
0
0
0
0
0
0
0
0
0
0
0
0
0
0
0
0
0
0
0
0
0
0
0
0
0
0
0
0
0
0
0
0
0
0
0
0
0
0
0
0
0
0
0
0
0
0
0
0
0
0
0
0
0
0
0
0
0
0
0
0
0
0
0
0
0
0
0
0
0
0
0
0
0
0
0
0
0
0
0
0
0
0
0
0
0
0
0
0
0
0
0
0
0
0
0
0
0
0
0
0
0
0
0
0
0
0
0
0
0
0
0
0
0
0
0
0
0
0
0
0
0
0
0
0
0
0
0
0
0
0
0
0
0
0
0
0
0
0
0
0
0
0
0
0
0
0
0
0
0
0
0
0
0
0
0
0
0
0
0
0
0
0
0
0
0
0
0
0
0
0
0
0
0
0
0
0
0
0
0
0
0
0
0
0
0
0
0
0
0
0
0
0
0
0
0
0
0
0
0
0
0
0
0
0
0
0
0
0
0
0
0
0
0
0
0
0
0
0
0
0
0
0
0
0
0
0
0
0
0
0
0
0
0
0
0
0
0
0
0
0
0
0
0
0
0
0
0
0
0
0
0
0
0
0
0
0
0
0
0
0
0
0
0
0
0
0
0
0
0
0
0
0
0
0
0
0
0
0
0
0
0
0
0
0
0
0
0
0
0
0
0
0
0
0
0
0
0
0
0
0
0
0
0
0
0
0
0
0
0
0
0
0
0
0
0
0
0
0
0
0
0
0
0
0
0
0
0
0
0
0
0
0
0
0
0
0
0
0
0
0
0
0
0
0
0
0
0
0
0
0
0
0
0
0
0
0
0
0
0
0
0
0
0
0
0
0
0
0
0
0
0
0
0
0
0
0
0
0
0
0
0
0
0
0
0
0
0
0
0
0
0
0
0
0
0
0
0
0
0
0
0
0
0
0
0
0
0
0
0
0
0
0
0
0
0
0
0
0
0
0
0
0
0
0
0
0
0
0
0
0
0
0
0
0
0
0
0
0
0
0
0
0
0
0
0
0
0
0
0
0
0
0
0
0
0
0
0
0
0
0
0
0
0
0
0
0
0
0
0
0
0
0
0
0
0
0
0
0
0
0
0
0
0
0
0
0
0
0
0
0
0
0
0
0
0
0
0
0
0
0
0
0
0
0
0
0
0
0
0
0
0
0
0
0
0
0
0
0
0
0
0
0
0
0
0
0
0
0
0
0
0
0
0
0
0
0
0
0
0
0
0
0
0
0
0
0
0
0
0
0
0
0
0
0
0
0
0
0
0
0
0
0
0
0
0
0
0
0
0
0
0
0
0
0
0
0
0
0
0
0
0
0
0
0
0
0
0
0
0
0
0
0
0
0
0
0
0
0
0
0
0
0
0
0
0
0
0
0
0
0
0
0
0
0
0
0
0
0
0
0
0
0
0
0
0
0
0
0
0
0
0
0
0
0
0
0
0
0
0
0
0
0
0
0
0
0
0
0
0
0
0
0
0
0
0
0
0
0
0
0
0
0
0
0
0
0
0
0
0
0
0
0
0
0
0
0
0
0
0
0
0
0
0
0
0
0
0
0
0
0
0
0
0
0
0
0
0
0
0
0
0
0
0
0
0
0
0
0
0
0
0
0
0
0
0
0
0
0
0
0
0
0
0
0
0
0
0
0
0
0
0
0
0
0
0
0
0
0
0
0
0
0
0
0
0
0
0
0
0
0
0
0
0
0
0
0
0
0
0
0
0
0
0
0
0
0
0
0
0
0
0
0
0
0
0
0
0
0
0
0
0
0
0
0
0
0
0
0
0
0
0
0
0
0
0
0
0
0
0
0
0
0
0
0
0
0
0
0
0
0
0
0
0
0
0
0
0
0
0
0
0
0
0
0
0
0
0
0
0
0
0
0
0
0
0
0
0
0
0
0
0
0
0
0
0
0
0
0
0
0
0
0
0
0
0
0
0
0
0
0
0
0
0
0
0
0
0
0
0
0
0
0
0
0
0
0
0
0
0
0
0
0
0
0
0
0
0
0
0
0
0
0
0
0
0
0
0
0
0
0
0
0
0
0
0
0
0
0
0
0
0
0
0
0
0
0
0
0
0
0
0
0
0
0
0
0
0
0
0
0
0
0
0
0
0
0
0
0
0
0
0
0
0
0
0
0
0
0
0
0
0
0
0
0
0
0
0
0
0
0
0
0
0
0
0
0
0
0
0
0
0
0
0
0
0
0
0
0
0
0
0
0
0
0
0
0
0
0
0
0
0
0
0
0
0
0
0
0
0
0
0
0
0
0
0
0
0
0
0
0
0
0
0
0
0
0
0
0
0
0
0
0
0
0
0
0
0
0
0
0
0
0
0
0
0
0
0
0
0
0
0
0
0
0
0
0
0
0
0
0
0
0
0
0
0
0
0
0
0
0
0
0
0
0
0
0
0
0
0
0
0
0
0
0
0
0
0
0
0
0
0
0
0
0
0
0
0
0
0
0
0
0
0
0
0
0
0
0
0
0
0
0
0
0
0
0
0
0
0
0
0
0
0
0
0
0
0
0
0
0
0
0
0
0
0
0
0
0
0
0
0
0
0
0
0
0
0
0
0
0
0
0
0
0
0
0
0
0
0
0
0
0
0
0
0
0
0
0
0
0
0
0
0
0
0
0
0
0
0
0
0
0
0
0
0
0
0
0
0
0
0
0
0
0
0
0
0
0
0
0
0
0
0
0
0
0
0
0
0
0
0
0
0
0
0
0
0
0
0
0
0
0
0
0
0
0
0
0
0
0
0
0
0
0
0
0
0
0
0
0
0
0
0
0
0
0
0
0
0
0
0
0
0
0
0
0
0
0
0
0
0
0
0
0
0
0
0
0
0
0
0
0
0
0
0
0
0
0
0
0
0
0
0
0
0
0
0
0
0
0
0
0
0
0
0
0
0
0
0
0
0
0
0
0
0
0
0
0
0
0
0
0
0
0
0
0
0
0
0
0
0
0
0
0
0
0
0
0
0
0
0
0
0
0
0
0
0
0
0
0
0
0
0
0
0
0
0
0
0
0
0
0
0
0
0
0
0
0
0
0
0
0
0
0
0
0
0
0
0
0
0
0
0
0
0
0
0
0
0
0
0
0
0
0
0
0
0
0
0
0
0
0
0
0
0
0
0
0
0
0
0
0
0
0
0
0
0
0
0
0
0
0
0
0
0
0
0
0
0
0
0
0
0
0
0
0
0
0
0
0
0
0
0
0
0
0
0
0
0
0
0
0
0
0
0
0
0
0
0
0
0
0
0
0
0
0
0
0
0
0
0
0
0
0
0
0
0
0
0
0
0
0
0
0
0
0
0
0
0
0
0
0
0
0
0
0
0
0
0
0
0
0
0
0
0
0
0
0
0
0
0
0
0
0
0
0
0
0
0
0
0
0
0
0
0
0
0
0
0
0
0
0
0
0
0
0
0
0
0
0
0
0
0
0
0
0
0
0
0
0
0
0
0
0
0
0
0
0
0
0
0
0
0
0
0
0
0
0
0
0
0
0
0
0
0
0
0
0
0
0
0
0
0
0
0
0
0
0
0
0
0
0
0
0
0
0
0
0
0
0
0
-0.0244141
-0.0244141
-0.0244141
-0.0244141
-0.0244141
-0.0222473
-0.0222473
-0.0222473
-0.0222473
-0.0222473
0
0
0
0
0
0.0243225
0.0243225
0.0243225
0.0243225
0.0243225
0.0244751
0.0244751
0.0244751
0.0244751
0.0244751
0
0
0
0
0
0
0
0
0
0
0
0
0
0
0
0
0
0
0
0
0
0
0
0
0
0
0
0
0
0
0
0
0
0
0
0
0
0
0
0
0
0
0
0
0
0
0
0
0
0
0
0
0
0
0
-0.0341492
-0.0341492
-0.0341492
-0.0341492
-0.0341492
-0.0245667
-0.0245667
-0.0245667
-0.0245667
-0.0245667
0
0
0
0
0
0.0328369
0.0328369
0.0328369
0.0328369
0.0328369
0.030304
0.030304
0.030304
0.030304
0.030304
0
0
0
0
0
0
0
0
0
0
0
0
0
0
0
0
0
0
0
0
0
0
0
0
0
0
0
0
0
0
0
0
0
0
0
0
0
0
0
0
0
0
0
0
0
0
0
0
0
0
-0.0372925
-0.0372925
-0.0372925
-0.0372925
-0.0372925
-0.0437012
-0.0437012
-0.0437012
-0.0437012
-0.0437012
0
0
0
0
0
0.0369873
0.0369873
0.0369873
0.0369873
0.0369873
0.0452881
0.0452881
0.0452881
0.0452881
0.0452881
0.0283508
0.0283508
0.0283508
0.0283508
0.0283508
0
0
0
0
0
0
0
0
0
0
0
0
0
0
0
-0.0245972
-0.0245972
-0.0245972
-0.0245972
-0.0245972
-0.0211182
-0.0211182
-0.0211182
-0.0211182
-0.0211182
0
0
0
0
0
0
0
0
0
0
0
0
0
0
0
0
0
0
0
0
-0.0307922
-0.0307922
-0.0307922
-0.0307922
-0.0307922
-0.0619202
-0.0619202
-0.0619202
-0.0619202
-0.0619202
-0.0326843
-0.0326843
-0.0326843
-0.0326843
-0.0326843
0.0311584
0.0311584
0.0311584
0.0311584
0.0311584
0.0614014
0.0614014
0.0614014
0.0614014
0.0614014
0.0437622
0.0437622
0.0437622
0.0437622
0.0437622
0.0218811
0.0218811
0.0218811
0.0218811
0.0218811
0
0
0
0
0
0
0
0
0
0
-0.0294495
-0.0294495
-0.0294495
-0.0294495
-0.0294495
-0.0259399
-0.0259399
-0.0259399
-0.0259399
-0.0259399
0
0
0
0
0
0
0
0
0
0
0
0
0
0
0
0
0
0
0
0
-0.0249939
-0.0249939
-0.0249939
-0.0249939
-0.0249939
-0.0729675
-0.0729675
-0.0729675
-0.0729675
-0.0729675
-0.0645447
-0.0645447
-0.0645447
-0.0645447
-0.0645447
0.0248718
0.0248718
0.0248718
0.0248718
0.0248718
0.0857849
0.0857849
0.0857849
0.0857849
0.0857849
0.0674744
0.0674744
0.0674744
0.0674744
0.0674744
0.0249329
0.0249329
0.0249329
0.0249329
0.0249329
0
0
0
0
0
0
0
0
0
0
-0.0394287
-0.0394287
-0.0394287
-0.0394287
-0.0394287
-0.0352783
-0.0352783
-0.0352783
-0.0352783
-0.0352783
0
0
0
0
0
0.0235596
0.0235596
0.0235596
0.0235596
0.0235596
0
0
0
0
0
0
0
0
0
0
-0.0269775
-0.0269775
-0.0269775
-0.0269775
-0.0269775
-0.079071
-0.079071
-0.079071
-0.079071
-0.079071
-0.0808716
-0.0808716
-0.0808716
-0.0808716
-0.0808716
0
0
0
0
0
0.106232
0.106232
0.106232
0.106232
0.106232
0.0862732
0.0862732
0.0862732
0.0862732
0.0862732
0.0238953
0.0238953
0.0238953
0.0238953
0.0238953
0
0
0
0
0
-0.0217285
-0.0217285
-0.0217285
-0.0217285
-0.0217285
-0.0422668
-0.0422668
-0.0422668
-0.0422668
-0.0422668
-0.0276794
-0.0276794
-0.0276794
-0.0276794
-0.0276794
0
0
0
0
0
0.0342712
0.0342712
0.0342712
0.0342712
0.0342712
0
0
0
0
0
0
0
0
0
0
-0.0381775
-0.0381775
-0.0381775
-0.0381775
-0.0381775
-0.0827637
-0.0827637
-0.0827637
-0.0827637
-0.0827637
-0.0939636
-0.0939636
-0.0939636
-0.0939636
-0.0939636
0
0
0
0
0
0.126312
0.126312
0.126312
0.126312
0.126312
0.11261
0.11261
0.11261
0.11261
0.11261
0
0
0
0
0
-0.0241089
-0.0241089
-0.0241089
-0.0241089
-0.0241089
-0.0340271
-0.0340271
-0.0340271
-0.0340271
-0.0340271
-0.0386963
-0.0386963
-0.0386963
-0.0386963
-0.0386963
0
0
0
0
0
0.0365601
0.0365601
0.0365601
0.0365601
0.0365601
0.0428772
0.0428772
0.0428772
0.0428772
0.0428772
0
0
0
0
0
-0.0277405
-0.0277405
-0.0277405
-0.0277405
-0.0277405
-0.0473022
-0.0473022
-0.0473022
-0.0473022
-0.0473022
-0.0804443
-0.0804443
-0.0804443
-0.0804443
-0.0804443
-0.0986938
-0.0986938
-0.0986938
-0.0986938
-0.0986938
0
0
0
0
0
0.134247
0.134247
0.134247
0.134247
0.134247
0.122681
0.122681
0.122681
0.122681
0.122681
0
0
0
0
0
-0.0467834
-0.0467834
-0.0467834
-0.0467834
-0.0467834
-0.0422363
-0.0422363
-0.0422363
-0.0422363
-0.0422363
-0.0292358
-0.0292358
-0.0292358
-0.0292358
-0.0292358
0
0
0
0
0
0.0589294
0.0589294
0.0589294
0.0589294
0.0589294
0.0421753
0.0421753
0.0421753
0.0421753
0.0421753
0
0
0
0
0
-0.0405273
-0.0405273
-0.0405273
-0.0405273
-0.0405273
-0.0494385
-0.0494385
-0.0494385
-0.0494385
-0.0494385
-0.059082
-0.059082
-0.059082
-0.059082
-0.059082
-0.0805054
-0.0805054
-0.0805054
-0.0805054
-0.0805054
0
0
0
0
0
0.125092
0.125092
0.125092
0.125092
0.125092
0.123718
0.123718
0.123718
0.123718
0.123718
0
0
0
0
0
-0.056366
-0.056366
-0.056366
-0.056366
-0.056366
-0.0410767
-0.0410767
-0.0410767
-0.0410767
-0.0410767
0
0
0
0
0
0.030426
0.030426
0.030426
0.030426
0.030426
0.0635376
0.0635376
0.0635376
0.0635376
0.0635376
0.0348816
0.0348816
0.0348816
0.0348816
0.0348816
-0.0299683
-0.0299683
-0.0299683
-0.0299683
-0.0299683
-0.046814
-0.046814
-0.046814
-0.046814
-0.046814
-0.0348206
-0.0348206
-0.0348206
-0.0348206
-0.0348206
-0.0378418
-0.0378418
-0.0378418
-0.0378418
-0.0378418
-0.0764465
-0.0764465
-0.0764465
-0.0764465
-0.0764465
-0.0458374
-0.0458374
-0.0458374
-0.0458374
-0.0458374
0.1008
0.1008
0.1008
0.1008
0.1008
0.13681
0.13681
0.13681
0.13681
0.13681
0
0
0
0
0
-0.060791
-0.060791
-0.060791
-0.060791
-0.060791
-0.0362244
-0.0362244
-0.0362244
-0.0362244
-0.0362244
0
0
0
0
0
0.0350037
0.0350037
0.0350037
0.0350037
0.0350037
0.0569153
0.0569153
0.0569153
0.0569153
0.0569153
0.0302429
0.0302429
0.0302429
0.0302429
0.0302429
-0.0354309
-0.0354309
-0.0354309
-0.0354309
-0.0354309
-0.0360718
-0.0360718
-0.0360718
-0.0360718
-0.0360718
0
0
0
0
0
-0.0312805
-0.0312805
-0.0312805
-0.0312805
-0.0312805
-0.0814209
-0.0814209
-0.0814209
-0.0814209
-0.0814209
-0.0610657
-0.0610657
-0.0610657
-0.0610657
-0.0610657
0.0851746
0.0851746
0.0851746
0.0851746
0.0851746
0.134888
0.134888
0.134888
0.134888
0.134888
0
0
0
0
0
-0.0571899
-0.0571899
-0.0571899
-0.0571899
-0.0571899
-0.0341797
-0.0341797
-0.0341797
-0.0341797
-0.0341797
0
0
0
0
0
0.0381165
0.0381165
0.0381165
0.0381165
0.0381165
0.0603027
0.0603027
0.0603027
0.0603027
0.0603027
0.0328369
0.0328369
0.0328369
0.0328369
0.0328369
-0.044281
-0.044281
-0.044281
-0.044281
-0.044281
-0.0388184
-0.0388184
-0.0388184
-0.0388184
-0.0388184
0
0
0
0
0
-0.0238037
-0.0238037
-0.0238037
-0.0238037
-0.0238037
-0.0722961
-0.0722961
-0.0722961
-0.0722961
-0.0722961
-0.0873413
-0.0873413
-0.0873413
-0.0873413
-0.0873413
0.0517883
0.0517883
0.0517883
0.0517883
0.0517883
0.137756
0.137756
0.137756
0.137756
0.137756
0.0463867
0.0463867
0.0463867
0.0463867
0.0463867
-0.0608826
-0.0608826
-0.0608826
-0.0608826
-0.0608826
-0.0336609
-0.0336609
-0.0336609
-0.0336609
-0.0336609
0
0
0
0
0
0.0421448
0.0421448
0.0421448
0.0421448
0.0421448
0.0574951
0.0574951
0.0574951
0.0574951
0.0574951
0.0291443
0.0291443
0.0291443
0.0291443
0.0291443
-0.0419006
-0.0419006
-0.0419006
-0.0419006
-0.0419006
-0.0339355
-0.0339355
-0.0339355
-0.0339355
-0.0339355
0
0
0
0
0
0
0
0
0
0
-0.0736694
-0.0736694
-0.0736694
-0.0736694
-0.0736694
-0.0983276
-0.0983276
-0.0983276
-0.0983276
-0.0983276
0
0
0
0
0
0.13559
0.13559
0.13559
0.13559
0.13559
0.0678101
0.0678101
0.0678101
0.0678101
0.0678101
-0.0592041
-0.0592041
-0.0592041
-0.0592041
-0.0592041
-0.0527039
-0.0527039
-0.0527039
-0.0527039
-0.0527039
0
0
0
0
0
0.0349426
0.0349426
0.0349426
0.0349426
0.0349426
0.0648804
0.0648804
0.0648804
0.0648804
0.0648804
0.0306396
0.0306396
0.0306396
0.0306396
0.0306396
-0.0406799
-0.0406799
-0.0406799
-0.0406799
-0.0406799
-0.0411682
-0.0411682
-0.0411682
-0.0411682
-0.0411682
0
0
0
0
0
0
0
0
0
0
-0.0572205
-0.0572205
-0.0572205
-0.0572205
-0.0572205
-0.108368
-0.108368
-0.108368
-0.108368
-0.108368
-0.0291138
-0.0291138
-0.0291138
-0.0291138
-0.0291138
0.133972
0.133972
0.133972
0.133972
0.133972
0.0977478
0.0977478
0.0977478
0.0977478
0.0977478
-0.0394897
-0.0394897
-0.0394897
-0.0394897
-0.0394897
-0.0657959
-0.0657959
-0.0657959
-0.0657959
-0.0657959
0
0
0
0
0
0.0283813
0.0283813
0.0283813
0.0283813
0.0283813
0.0646057
0.0646057
0.0646057
0.0646057
0.0646057
0.0404358
0.0404358
0.0404358
0.0404358
0.0404358
-0.0328369
-0.0328369
-0.0328369
-0.0328369
-0.0328369
-0.0471802
-0.0471802
-0.0471802
-0.0471802
-0.0471802
0
0
0
0
0
0
0
0
0
0
-0.0316772
-0.0316772
-0.0316772
-0.0316772
-0.0316772
-0.0941772
-0.0941772
-0.0941772
-0.0941772
-0.0941772
-0.0615845
-0.0615845
-0.0615845
-0.0615845
-0.0615845
0.101135
0.101135
0.101135
0.101135
0.101135
0.127014
0.127014
0.127014
0.127014
0.127014
0
0
0
0
0
-0.0679321
-0.0679321
-0.0679321
-0.0679321
-0.0679321
-0.0227356
-0.0227356
-0.0227356
-0.0227356
-0.0227356
0.0262146
0.0262146
0.0262146
0.0262146
0.0262146
0.0631104
0.0631104
0.0631104
0.0631104
0.0631104
0.0590515
0.0590515
0.0590515
0.0590515
0.0590515
0
0
0
0
0
-0.0447388
-0.0447388
-0.0447388
-0.0447388
-0.0447388
0
0
0
0
0
0
0
0
0
0
0
0
0
0
0
-0.0929871
-0.0929871
-0.0929871
-0.0929871
-0.0929871
-0.118042
-0.118042
-0.118042
-0.118042
-0.118042
0.0426025
0.0426025
0.0426025
0.0426025
0.0426025
0.146149
0.146149
0.146149
0.146149
0.146149
0.0414429
0.0414429
0.0414429
0.0414429
0.0414429
-0.0725098
-0.0725098
-0.0725098
-0.0725098
-0.0725098
-0.0433655
-0.0433655
-0.0433655
-0.0433655
-0.0433655
0
0
0
0
0
0.067749
0.067749
0.067749
0.067749
0.067749
0.0728455
0.0728455
0.0728455
0.0728455
0.0728455
0
0
0
0
0
-0.0526123
-0.0526123
-0.0526123
-0.0526123
-0.0526123
-0.0232849
-0.0232849
-0.0232849
-0.0232849
-0.0232849
0
0
0
0
0
0
0
0
0
0
-0.0722961
-0.0722961
-0.0722961
-0.0722961
-0.0722961
-0.116394
-0.116394
-0.116394
-0.116394
-0.116394
0
0
0
0
0
0.133423
0.133423
0.133423
0.133423
0.133423
0.0654297
0.0654297
0.0654297
0.0654297
0.0654297
-0.0553589
-0.0553589
-0.0553589
-0.0553589
-0.0553589
-0.050415
-0.050415
-0.050415
-0.050415
-0.050415
0
0
0
0
0
0.0449829
0.0449829
0.0449829
0.0449829
0.0449829
0.0710449
0.0710449
0.0710449
0.0710449
0.0710449
0
0
0
0
0
-0.038208
-0.038208
-0.038208
-0.038208
-0.038208
-0.0283203
-0.0283203
-0.0283203
-0.0283203
-0.0283203
0
0
0
0
0
0
0
0
0
0
-0.0349426
-0.0349426
-0.0349426
-0.0349426
-0.0349426
-0.106323
-0.106323
-0.106323
-0.106323
-0.106323
-0.0732727
-0.0732727
-0.0732727
-0.0732727
-0.0732727
0.0977173
0.0977173
0.0977173
0.0977173
0.0977173
0.135895
0.135895
0.135895
0.135895
0.135895
0
0
0
0
0
-0.0609741
-0.0609741
-0.0609741
-0.0609741
-0.0609741
-0.0272217
-0.0272217
-0.0272217
-0.0272217
-0.0272217
0.0242004
0.0242004
0.0242004
0.0242004
0.0242004
0.0788574
0.0788574
0.0788574
0.0788574
0.0788574
0.0613403
0.0613403
0.0613403
0.0613403
0.0613403
0
0
0
0
0
-0.0350037
-0.0350037
-0.0350037
-0.0350037
-0.0350037
0
0
0
0
0
0
0
0
0
0
0
0
0
0
0
-0.0880127
-0.0880127
-0.0880127
-0.0880127
-0.0880127
-0.117279
-0.117279
-0.117279
-0.117279
-0.117279
0.0366516
0.0366516
0.0366516
0.0366516
0.0366516
0.118134
0.118134
0.118134
0.118134
0.118134
0
0
0
0
0
-0.050293
-0.050293
-0.050293
-0.050293
-0.050293
0
0
0
0
0
0
0
0
0
0
0.0621643
0.0621643
0.0621643
0.0621643
0.0621643
0.0666504
0.0666504
0.0666504
0.0666504
0.0666504
0
0
0
0
0
-0.022583
-0.022583
-0.022583
-0.022583
-0.022583
0
0
0
0
0
0
0
0
0
0
0
0
0
0
0
-0.0410156
-0.0410156
-0.0410156
-0.0410156
-0.0410156
-0.114044
-0.114044
-0.114044
-0.114044
-0.114044
-0.063324
-0.063324
-0.063324
-0.063324
-0.063324
0.109467
0.109467
0.109467
0.109467
0.109467
0.0993347
0.0993347
0.0993347
0.0993347
0.0993347
0
0
0
0
0
-0.0407715
-0.0407715
-0.0407715
-0.0407715
-0.0407715
-0.0230103
-0.0230103
-0.0230103
-0.0230103
-0.0230103
0
0
0
0
0
0.0760193
0.0760193
0.0760193
0.0760193
0.0760193
0.0527954
0.0527954
0.0527954
0.0527954
0.0527954
0
0
0
0
0
0
0
0
0
0
0
0
0
0
0
0
0
0
0
0
0
0
0
0
0
-0.0778503
-0.0778503
-0.0778503
-0.0778503
-0.0778503
-0.116516
-0.116516
-0.116516
-0.116516
-0.116516
0
0
0
0
0
0.092804
0.092804
0.092804
0.092804
0.092804
0
0
0
0
0
-0.0231628
-0.0231628
-0.0231628
-0.0231628
-0.0231628
0
0
0
0
0
0
0
0
0
0
0.0482483
0.0482483
0.0482483
0.0482483
0.0482483
0.0687866
0.0687866
0.0687866
0.0687866
0.0687866
0
0
0
0
0
0
0
0
0
0
0
0
0
0
0
0
0
0
0
0
0
0
0
0
0
-0.0354919
-0.0354919
-0.0354919
-0.0354919
-0.0354919
-0.102386
-0.102386
-0.102386
-0.102386
-0.102386
-0.0455322
-0.0455322
-0.0455322
-0.0455322
-0.0455322
0.0795288
0.0795288
0.0795288
0.0795288
0.0795288
0.0587158
0.0587158
0.0587158
0.0587158
0.0587158
0
0
0
0
0
0
0
0
0
0
0
0
0
0
0
0
0
0
0
0
0.0635376
0.0635376
0.0635376
0.0635376
0.0635376
0.0551453
0.0551453
0.0551453
0.0551453
0.0551453
0
0
0
0
0
0
0
0
0
0
0
0
0
0
0
0
0
0
0
0
0
0
0
0
0
-0.0621338
-0.0621338
-0.0621338
-0.0621338
-0.0621338
-0.0884399
-0.0884399
-0.0884399
-0.0884399
-0.0884399
0
0
0
0
0
0.0524597
0.0524597
0.0524597
0.0524597
0.0524597
0.0245056
0.0245056
0.0245056
0.0245056
0.0245056
0
0
0
0
0
0
0
0
0
0
0
0
0
0
0
0.0225525
0.0225525
0.0225525
0.0225525
0.0225525
0.0472412
0.0472412
0.0472412
0.0472412
0.0472412
0.0369873
0.0369873
0.0369873
0.0369873
0.0369873
0
0
0
0
0
0
0
0
0
0
0
0
0
0
0
0
0
0
0
0
0
0
0
0
0
-0.0608521
-0.0608521
-0.0608521
-0.0608521
-0.0608521
-0.0635376
-0.0635376
-0.0635376
-0.0635376
-0.0635376
0
0
0
0
0
0.0252075
0.0252075
0.0252075
0.0252075
0.0252075
0
0
0
0
0
0
0
0
0
0
0
0
0
0
0
0
0
0
0
0
0
0
0
0
0
0.0289001
0.0289001
0.0289001
0.0289001
0.0289001
0.0239563
0.0239563
0.0239563
0.0239563
0.0239563
0
0
0
0
0
0
0
0
0
0
0
0
0
0
0
0
0
0
0
0
0
0
0
0
0
-0.0361938
-0.0361938
-0.0361938
-0.0361938
-0.0361938
-0.0389709
-0.0389709
-0.0389709
-0.0389709
-0.0389709
0
0
0
0
0
0
0
0
0
0
0
0
0
0
0
0
0
0
0
0
0
0
0
0
0
0
0
0
0
0
0
0
0
0
0
0
0
0
0
0
0.0215454
0.0215454
0.0215454
0.0215454
0.0215454
0
0
0
0
0
0
0
0
0
0
0
0
0
0
0
0
0
0
0
0
0
0
0
0
0
0
0
0
0
0
-0.0354309
-0.0354309
-0.0354309
-0.0354309
-0.0354309
-0.0287781
-0.0287781
-0.0287781
-0.0287781
-0.0287781
-0.0294189
-0.0294189
-0.0294189
-0.0294189
-0.0294189
-0.0230103
-0.0230103
-0.0230103
-0.0230103
-0.0230103
0
0
0
0
0
0
0
0
0
0
0
0
0
0
0
0
0
0
0
0
0.0258179
0.0258179
0.0258179
0.0258179
0.0258179
0.0262146
0.0262146
0.0262146
0.0262146
0.0262146
0.0227356
0.0227356
0.0227356
0.0227356
0.0227356
0.022522
0.022522
0.022522
0.022522
0.022522
0
0
0
0
0
0
0
0
0
0
0
0
0
0
0
0
0
0
0
0
-0.0335693
-0.0335693
-0.0335693
-0.0335693
-0.0335693
-0.0335693
-0.0335693
-0.0335693
-0.0335693
-0.0335693
-0.0342102
-0.0342102
-0.0342102
-0.0342102
-0.0342102
-0.0269165
-0.0269165
-0.0269165
-0.0269165
-0.0269165
0
0
0
0
0
0
0
0
0
0
0
0
0
0
0
0
0
0
0
0
0.0248718
0.0248718
0.0248718
0.0248718
0.0248718
0.0255737
0.0255737
0.0255737
0.0255737
0.0255737
0.0245056
0.0245056
0.0245056
0.0245056
0.0245056
0.0242004
0.0242004
0.0242004
0.0242004
0.0242004
0
0
0
0
0
0
0
0
0
0
0
0
0
0
0
0
0
0
0
0
-0.0260315
-0.0260315
-0.0260315
-0.0260315
-0.0260315
-0.0368652
-0.0368652
-0.0368652
-0.0368652
-0.0368652
-0.0325317
-0.0325317
-0.0325317
-0.0325317
-0.0325317
-0.0329895
-0.0329895
-0.0329895
-0.0329895
-0.0329895
0
0
0
0
0
0
0
0
0
0
0
0
0
0
0
0
0
0
0
0
0
0
0
0
0
0.0262756
0.0262756
0.0262756
0.0262756
0.0262756
0.0248108
0.0248108
0.0248108
0.0248108
0.0248108
0.0241089
0.0241089
0.0241089
0.0241089
0.0241089
0.0223083
0.0223083
0.0223083
0.0223083
0.0223083
0
0
0
0
0
0
0
0
0
0
0
0
0
0
0
0
0
0
0
0
-0.0325012
-0.0325012
-0.0325012
-0.0325012
-0.0325012
-0.0354004
-0.0354004
-0.0354004
-0.0354004
-0.0354004
-0.0331116
-0.0331116
-0.0331116
-0.0331116
-0.0331116
-0.0290527
-0.0290527
-0.0290527
-0.0290527
-0.0290527
0
0
0
0
0
0
0
0
0
0
0
0
0
0
0
0
0
0
0
0
0.0239563
0.0239563
0.0239563
0.0239563
0.0239563
0.0255737
0.0255737
0.0255737
0.0255737
0.0255737
0.0227051
0.0227051
0.0227051
0.0227051
0.0227051
0.0228882
0.0228882
0.0228882
0.0228882
0.0228882
0
0
0
0
0
0
0
0
0
0
0
0
0
0
0
0
0
0
0
0
0
0
0
0
0
-0.0329285
-0.0329285
-0.0329285
-0.0329285
-0.0329285
-0.0355835
-0.0355835
-0.0355835
-0.0355835
-0.0355835
-0.032135
-0.032135
-0.032135
-0.032135
-0.032135
-0.0273132
-0.0273132
-0.0273132
-0.0273132
-0.0273132
0
0
0
0
0
0
0
0
0
0
0
0
0
0
0
0
0
0
0
0
0.0236816
0.0236816
0.0236816
0.0236816
0.0236816
0.0257874
0.0257874
0.0257874
0.0257874
0.0257874
0
0
0
0
0
0.0219421
0.0219421
0.0219421
0.0219421
0.0219421
0
0
0
0
0
0
0
0
0
0
0
0
0
0
0
0
0
0
0
0
0
0
0
0
0
-0.0337524
-0.0337524
-0.0337524
-0.0337524
-0.0337524
-0.0328979
-0.0328979
-0.0328979
-0.0328979
-0.0328979
-0.0310364
-0.0310364
-0.0310364
-0.0310364
-0.0310364
-0.0240784
-0.0240784
-0.0240784
-0.0240784
-0.0240784
0
0
0
0
0
0
0
0
0
0
0
0
0
0
0
0
0
0
0
0
0.0211487
0.0211487
0.0211487
0.0211487
0.0211487
0.022644
0.022644
0.022644
0.022644
0.022644
0
0
0
0
0
0
0
0
0
0
0
0
0
0
0
0
0
0
0
0
0
0
0
0
0
0
0
0
0
0
0
0
0
0
0
-0.0247498
-0.0247498
-0.0247498
-0.0247498
-0.0247498
-0.0358887
-0.0358887
-0.0358887
-0.0358887
-0.0358887
-0.0263367
-0.0263367
-0.0263367
-0.0263367
-0.0263367
-0.0260315
-0.0260315
-0.0260315
-0.0260315
-0.0260315
0
0
0
0
0
0
0
0
0
0
0
0
0
0
0
0
0
0
0
0
0
0
0
0
0
0.0222473
0.0222473
0.0222473
0.0222473
0.0222473
0
0
0
0
0
0
0
0
0
0
0
0
0
0
0
0
0
0
0
0
0
0
0
0
0
0
0
0
0
0
0
0
0
0
0
0
0
0
0
0
-0.0230713
-0.0230713
-0.0230713
-0.0230713
-0.0230713
-0.0270081
-0.0270081
-0.0270081
-0.0270081
-0.0270081
-0.0275574
-0.0275574
-0.0275574
-0.0275574
-0.0275574
0
0
0
0
0
0
0
0
0
0
0
0
0
0
0
0
0
0
0
0
0
0
0
0
0
0
0
0
0
0
0
0
0
0
0
0
0
0
0
0
0
0
0
0
0
0
0
0
0
0
0
0
0
0
0
0
0
0
0
0
0
0
0
0
0
0
0
0
0
0
0
0
0
0
0
0
0
0
0
0
-0.0219727
-0.0219727
-0.0219727
-0.0219727
-0.0219727
-0.023468
-0.023468
-0.023468
-0.023468
-0.023468
0
0
0
0
0
0
0
0
0
0
0
0
0
0
0
0
0
0
0
0
0
0
0
0
0
0
0
0
0
0
0
0
0
0
0
0
0
0
0
0
0
0
0
0
0
0
0
0
0
0
0
0
0
0
0
0
0
0
0
0
0
0
0
0
0
0
0
0
0
0
0
0
0
0
0
0
0
0
0
0
0
0
0
0
0
0
0
0
0
0
0
0
0
0
0
0
0
0
0
0
0
0
0
0
0
0
0
0
0
0
0
0
0
0
0
0
0
0
0
0
0
0
0
0
0
0
0
0
0
0
0
0
0
0
0
0
0
0
0
0
0
0
0
0
0
0
0
0
0
0
0
0
0
0
0
0
0
0
0
0
0
0
0
0
0
0
0
0
0
0
0
0
0
0
0
0
0
0
0
0
0
0
0
0
0
0
0
0
0
0
0
0
0
0
0
0
0
0
0
0
0
0
0
0
0
0
0
0
0
0
0
0
0
0
0
0
0
0
0
0
0
0
0
0
0
0
0
0
0
0
0
0
0
0
0
0
0
0
0
0
0
0
0
0
0
0
0
0
0
0
0
0
0
0
0
0
0
0
0
0
0
0
0
0
0
0
0
0
0
0
0
0
0
0
0
0
0
0
0
0
0
0
0
0
0
0
0
0
0
0
0
0
0
0
0
0
0
0
0
0
0
0
0
0
0
0
0
0
0
0
0
0
0
0
0
0
0
0
0
0
0
0
0
0
0
0
0
0
0
0
0
0
0
0
0
0
0
0
0
0
0
0
0
0
0
0
0
0
0
0
0
0
0
0
0
0
0
0
0
0
0
0
0
0
0
0
0
0
0
0
0
0
0
0
0
0
0
0
0
0
0
0
0
0
0
0
0
0
0
0
0
0
0
0
0
0
0
0
0
0
0
0
0
0
0
0
0
0
0
0
0
0
0
0
0
0
0
0
0
0
0
0
0
0
0
0
0
0
0
0
0
0
0
0
0
0
0
0
0
0
0
0
0
0
0
0
0
0
0
0
0
0
0
0
0
0
0
0
0
0
0
0
0
0
0
0
0
0
0
0
0
0
0
0
0
0
0
0
0
0
0
0
0
0
0
0
0
0
0
0
0
0
0
0
0
0
0
0
0
0
0
0
0
0
0
0
0
0
0
0
0
0
0
0
0
0
0
0
0
0
0
0
0
0
0
0
0
0
0
0
0
0
0
0
0
0
0
0
0
0
0
0
0
0
0
0
0
0
0
0
0
0
0
0
0
0
0
0
0
0
0
0
0
0
0
0
0
0
0
0
0
0
0
0
0
0
0
0
0
0
0
0
0
0
0
0
0
0
0
0
0
0
0
0
0
0
0
0
0
0
0
0
0
0
0
0
0
0
0
0
0
0
0
0
0
0
0
0
0
0
0
0
0
0
0
0
0
0
0
0
0
0
0
0
0
0
0
0
0
0
0
0
0
0
0
0
0
0
0
0
0
0
0
0
0
0
0
0
0
0
0
0
0
0
0
0
0
0
0
0
0
0
0
0
0
0
0
0
0
0
0
0
0
0
0
0
0
0
0
0
0
0
0
0
0
0
0
0
0
0
0
0
0
0
0
0
0
0
0
0
0
0
0
0
0
0
0
0
0
0
0
0
0
0
0
0
0
0
0
0
0
0
0
0
0
0
0
0
0
0
0
0
0
0
0
0
0
0
0
0
0
0
0
0
0
0
0
0
0
0
0
0
0
0
0
0
0
0
0
0
0
0
0
0
0
0
0
0
0
0
0
0
0
0
0
0
0
0
0
0
0
0
0
0
0
0
0
0
0
0
0
0
0
0
0
0
0
0
0
0
0
0
0
0
0
0
0
0
0
0
0
0
0
0
0
0
0
0
0
0
0
0
0
0
0
0
0
0
0
0
0
0
0
0
0
0
0
0
0
0
0
0
0
0
0
0
0
0
0
0
0
0
0
0
0
0
0
0
0
0
0
0
0
0
0
0
0
0
0
0
0
0
0
0
0
0
0
0
0
0
0
0
0
0
0
0
0
0
0
0
0
0
0
0
0
0
0
0
0
0
0
0
0
0
0
0
0
0
0
0
0
0
0
0
0
0
0
0
0
0
0
0
0
0
0
0
0
0
0
0
0
0
0
0
0
0
0
0
0
0
0
0
0
0
0
0
0
0
0
0
0
0
0
0
0
0
0
0
0
0
0
0
0
0
0
0
0
0
0
0
0
0
0
0
0
0
0
0
0
0
0
0
0
0
0
0
0
0
0
0
0
0
0
0
0
0
0
0
0
0
0
0
0
0
0
0
0
0
0
0
0
0
0
0
0
0
0
0
0
0
0
0
0
0
0
0
0
0
0
0
0
0
0
0
0
0
0
0
0
0
0
0
0
0
0
0
0
0
0
0
0
0
0
0
0
0
0
0
0
0
0
0
0
0
0
0
0
0
0
0
0
0
0
0
0
0
0
0
0
0
0
0
0
0
0
0
0
0
0
0
0
0
0
0
0
0
0
0
0
0
0
0
0
0
0
0
0
0
0
0
0
0
0
0
0
0
0
0
0
0
0
0
0
0
0
0
0
0
0
0
0
0
0
0
0
0
0
0
0
0
0
0
0
0
0
0
0
0
0
0
0
0
0
0
0
0
0
0
0
0
0
0
0
0
0
0
0
0
0
0
0
0
0
0
0
0
0
0
0
0
0
0
0
0
0
0
0
0
0
0
0
0
0
0
0
0
0
0
0
0
0
0
0
0
0
0
0
0
0
0
0
0
0
0
0
0
0
0
0
0
0
0
0
0
0
0
0
0
0
0
0
0
0
0
0
0
0
0
0
0
0
0
0
0
0
0
0
0
0
0
0
0
0
0
0
0
0
0
0
0
0
0
0
0
0
0
0
0
0
0
0
0
0
0
0
0
0
0
0
0
0
0
0
0
0
0
0
0
0
0
0
0
0
0
0
0
0
0
0
0
0
0
0
0
0
0
0
0
0
0
0
0
0
0
0
0
0
0
0
0
0
0
0
0
0
0
0
0
0
0
0
0
0
0
0
0
0
0
0
0
0
0
0
0
0
0
0
0
0
0
0
0
0
0
0
0
0
0
0
0
0
0
0
0
0
0
0
0
0
0
0
0
0
0
0
0
0
0
0
0
0
0
0
0
0
0
0
0
0
0
0
0
0
0
0
0
0
0
0
0
0
0
0
0
0
0
0
0
0
0
0
0
0
0
0
0
0
0
0
0
0
0
0
0
0
0
0
0
0
0
0
0
0
0
0
0
0
0
0
0
0
0
0
0
0
0
0
0
0
0
0
0
0
0
0
0
0
0
0
0
0
0
0
0
0
0
0
0
0
0
0
0
0
0
0
0
0
0
0
0
0
0
0
0
0
0
0
0
0
0
0
0
0
0
0
0
0
0
0
0
0
0
0
0
0
0
0
0
0
0
0
0
0
0
0
0
0
0
0
0
0
0
0
0
0
0
0
0
0
0
0
0
0
0
0
0
0
0
0
0
0
0
0
0
0
0
0
0
0
0
0
0
0
0
0
0
0
0
0
0
0
0
0
0
0
0
0
0
0
0
0
0
0
0
0
0
0
0
0
0
0
0
0
0
0
0
0
0
0
0
0
0
0
0
0
0
0
0
0
0
0
0
0
0
0
0
0
0
0
0
0
0
0
0
0
0
0
0
0
0
0
0
0
0
0
0
0
0
0
0
0
0
0
0
0
0
0
0
0
0
0
0
0
0
0
0
0
0
0
0
0
0
0
0
0
0
0
0
0
0
0
0
0
0
0
0
0
0
0
0
0
0
0
0
0
0
0
0
0
0
0
0
0
0
0
0
0
0
0
0
0
0
0
0
0
0
0
0
0
0
0
0
0
0
0
0
0
0
0
0
0
0
0
0
0
0
0
0
0
0
0
0
0
0
0
0
0
0
0
0
0
0
0
0
0
0
0
0
0
0
0
0
0
0
0
0
0
0
0
0
0
0
0
0
0
0
0
0
0
0
0
0
0
0
0
0
0
0
0
0
0
0
0
0
0
0
0
0
0
0
0
0
0
0
0
0
0
0
0
0
0
0
0
0
0
0
0
0
0
0
0
0
0
0
0
0
0
0
0
0
0
0
0
0
0
0
0
0
0
0
0
0
0
0
0
0
0
0
0
0
0
0
0
0
0
0
0
0
0
0
0.0222168
0.0222168
0.0222168
0.0222168
0.0222168
-0.0253906
-0.0253906
-0.0253906
-0.0253906
-0.0253906
0
0
0
0
0
0
0
0
0
0
0
0
0
0
0
0
0
0
0
0
0
0
0
0
0
0
0
0
0
0
0
0
0
0
0
0
0
0
0
0
0
0
0
0
0
0
0
0
0
0
0
0
0
0
0
0
0
0
0
0
0
0
0
0
0
0
0
0
0
0
0
0
0
0
0
0
0
0
0
0
0
0
0
0
0
0
0
0
0
0
0
0
0
0
0
0
0
0
0
0
0
0
0
0
0
0
0
0
0
0
0
0
0
0
0
0
0
0
0
0
0
0
0
0
0
0
0
0
0
0
0
0
0
0
0
-0.0221558
-0.0221558
-0.0221558
-0.0221558
-0.0221558
0
0
0
0
0
0
0
0
0
0
0
0
0
0
0
0
0
0
0
0
0
0
0
0
0
0
0
0
0
0
0
0
0
0
0
0
0
0
0
0
0
0
0
0
0
0
0
0
0
0
-0.0403748
-0.0403748
-0.0403748
-0.0403748
-0.0403748
0
0
0
0
0
0
0
0
0
0
0
0
0
0
0
0
0
0
0
0
0
0
0
0
0
0
0
0
0
0
0
0
0
0
0
0
0
0
0
0
0
0
0
0
0
0
0
0
0
0
0.0287781
0.0287781
0.0287781
0.0287781
0.0287781
0
0
0
0
0
-0.0255127
-0.0255127
-0.0255127
-0.0255127
-0.0255127
0
0
0
0
0
0
0
0
0
0
0
0
0
0
0
0
0
0
0
0
0
0
0
0
0
0
0
0
0
0
0
0
0
0
0
0
0
0
0
0
0
0
0
0
0
0
0
0
0
0
0
0
0
0
0
0
0
0
0
0
0
0
0
0
0
0
0
0
0
0
0
0
0
0
0
0
0
0
0
0
0
0
0
0
0
0
0
0
0
0
0
0
0
0
0
0
0
0
0
0
0
0
0
0
0
0
0
0
0
0
0
0
0
0
0
0
0
0
0
0
0
0
0
0
0
0
0
0
0
0
0
0
0
0
0
-0.0241394
-0.0241394
-0.0241394
-0.0241394
-0.0241394
0
0
0
0
0
0
0
0
0
0
0
0
0
0
0
0
0
0
0
0
0
0
0
0
0
0
0
0
0
0
0
0
0
0
0
0
0
0
0
0
0
0
0
0
0
0
0
0
0
0
0
0
0
0
0
0
0
0
0
0
0
0
0
0
0
0
0
0
0
0
0
0
0
0
0
0
0
0
0
0
0
0
0
0
0
0
0
0
0
0
0
0
0
0
0
0
0
0
0
0
0
0
0
0
0
0
0
0
0
0
0
0
0
0
0
0
0
0
0
0
0
0
0
0
0
0
0
0
0
0
0
0
0
0
0
0
0
0
0
0
0
0
0
0
0
0
0
0
0
0
0
0
0
0
0
0
0
0
0
0
0
0
0
0
0
0
0
0
0
0
0
0
0
0
0
0
0
0
0
0
0
0
0
0
0
0
0
0
0
0
0
0
0
0
0
0
0
0
0
0
0
0
0
0
0
0
0
0
0
0
0
0
0
0
0
0
0
0
0
0
0
0
0
0
0
0
0
0
0
0
0
0
0
0
0
0
0
0
0
0
0
0
0
0
0
0
0
0
0
0
0
0
0
0
0
0
0
0
0
0
0
0
0
0
0
0
0
0
0
0
0
0
0
0
0
0
0
0
0
0
0
0
0
0
0
0
0
0
0
0
0
0
0
0
0
0
0
0
0
0
0
0
0
0
0
0
0
0
0
0
0
0
0
0
0
0
0
0
0
0
0
0
0
0
0
0
0
0
0
0
0
0
0
0
0
0
0
0
0
0
0
0
0
0
0
0
0
0
0
0
0
0
0
0
0
0
0
0
0
0
0
0
0
0
0
0
0
0
0
0
0
0
0
0
0
0
0
0
0
0
0
0
0
0
0
0
0
0
0
0
0
0
0
0
0
0
0
0
0
0
0
0
0
0
0
0
0
0
0
0
0
0
0
0
0
0
0
0
0
0
0
0
0
0
0
0
0
0
0
0
0
0
0
0
0
0
0
0
0
0
0
0
0
0
0
0
0
0
0
0
0
0
0
0
0
0
0
0
0
0
0
0
0
0
0
0
0
0
0
0
0
0
0
0
0
0
0
0
0
0
0
0
0
0
0
0
0
0
0
0
0
0
0
0
0
0
0
0
0
0
0
0
0
0
0
0
0
0
0
0
0
0
0
0
0
0
0
0
0
0
0
0
0
0
0
0
0
0
0
0
0
0
0
0
0
0
0
0
0
0
0
0
0
0
0
0
0
0
0
0
0
0
0
0
0
0
0
0
0
0
0
0
0
0
0
0
0
0
0
0
0
0
0
0
0
0
0
0
0
0
0
0
0
0
0
0
0
0
0
0
0
0
0
0
0
0
0
0
0
0
0
0
0
0
0
0
0
0
0
0
0
0
0
0
0
0
0
0
0
0
0
0
0
0
0
0
0
0
0
0
0
0
0
0
0
0
0
0
0
0
0
0
0
0
0
0
0
0
0
0
0
0
0
0
0
0
0
0
0
0
0
0
0
0
0
0
0
0
0
0
0
0
0
0
0
0
0
0
0
0
0
0
0
0
0
0
0
0
0
0
0
0
0
0
0
0
0
0
0
0
0
0
0
0
0
0
0
0
0
0
0
0
0
0
0
0
0
0
0
0
0
0
0
0
0
0
0
0
0
0
0
0
0
0
0
0
0
0
0
0
0
0
0
0
0
0
0
0
0
0
0
0
0
0
0
0
0
0
0
0
0
0
0
0
0
0
0
0
0
0
0
0
0
0
0
0
0
0
0
0
0
0
0
0
0
0
0
0
0
0
0
0
0
0
0
0
0
0
0
0
0
0
0
0
0
0
0
0
0
0
0
0
0
0
0
0
0
0
0
0
0
0
0
0
0
0
0
0
0
0
0
0
0
0
0
0
0
0
0
0
0
0
0
0
0
0
0
0
0
0
0
0
0
0
0
0
0
0
0
0
0
0
0
0
0
0
0
0
0
0
0
0
0
0
0
0
0
0
0
0
0
0
0
0
0
0
0
0
0
0
0
0
0
0
0
0
0
0
0
0
0
0
0
0
0
0
0
0
0
0
0
0
0
0
0
0
0
0
0
0
0
0
0
0
0
0
0
0
0
0
0
0
0
0
0
0
0
0
0
0
0
0
0
0
0
0
0
0
0
0
0
0
0
0
0
0
0
0
0
0
0
0
0
0
0
0
0
0
0
0
0
0
0
0
0
0
0
0
0
0
0
0
0
0
0
0
0
0
0
0
0
0
0
0
0
0
0
0
0
0
0
0
0
0
0
0
0
0
0
0
0
0
0
0
0
0
0
0
0
0
0
0
0
0
0
0
0
0
0
0
0
0
0
0
0
0
0
0
0
0
0
0
0
0
0
0
0
0
0
0
0
0
0
0
0
0
0
0
0
0
0
0
0
0
0
0
0
0
0
0
0
0
0
0
0
0
0
0
0
0
0
0
0
0
0
0
0
0
0
0
0
0
0
0
0
0
0
0
0
0
0
0
0
0
0
0
0
0
0
0
0
0
0
0
0
0
0
0
0
0
0
0
0
0
0
0
0
0
0
0
0
0
0
0
0
0
0
0
0
0
0
0
0
0
0
0
0
0
0
0
0
0
0
0
0
0
0
0
0
0
0
0
0
0
0
0
0
0
0
0
0
0
0
0
0
0
0
0
0
0
0
0
0
0
0
0
0
0
0
0
0
0
0
0
0
0
0
0
0
0
0
0
0
0
0
0
0
0
0
0
0
0
0
0
0
0
0
0
0
0
0
0
0
0
0
0
0
0
0
0
0
0
0
0
0
0
0
0
0
0
0
0
0
0
0
0
0
0
0
0
0
0
0
0
0
0
0
0
0
0
0
0
0
0
0
0
0
0
0
0
0
0
0
0
0
0
0
0
0
0
0
0
0
0
0
0
0
0
0
0
0
0
0
0
0
0
0
0
0
0
0
0
0
0
0
0
0
0
0
0
0
0
0
0
0
0
0
0
0
0
0
0
0
0
0
0
0
0
0
0
0
0
0
0
0
0
0
0
0
0
0
0
0
0
0
0
0
0
0
0
0
0
0
0
0
0
0
0
0
0
0
0
0
0
0
0
0
0
0
0
0
0
0
0
0
0
0
0
0
0
0
0
0
0
0
0
0
0
0
0
0
0
0
0
0
0
0
0
0
0
0
0
0
0
0
0
0
0
0
0
0
0
0
0
0
0
0
0
0
0
0
0
0
0
0
0
0
0
0
0
0
0
0
0
0
0
0
0
0
0
0
0
0
0
0
0
0
0
0
0
0
0
0
0
0
0
0
0
0
0
0
0
0
0
0
0
0
0
0
0
0
0
0
0
0
0
0
0
0
0
0
0
0
0
0
0
0
0
0
0
0
0
0
0
0
0
0
0
0
0
0
0
0
0
0
0
0
0
0
0
0
0
0
0
0
0
0
0
0
0
0
0
0
0
0
0
0
0
0
0
0
0
0
0
0
0
0
0
0
0
0
0
0
0
0
0
0
0
0
0
0
0
0
0
0
0
0
0
0
0
0
0
0
0
0
0
0
0
0
0
0
0
0
0
0
0
0
0
0
0
0
0
0
0
0
0
0
0
0
0
0
0
0
0
0
0
0
0
0
0
0
0
0
0
0
0
0
0
0
0
0
0
0
0
0
0
0
0
0
0
0
0
0
0
0
0
0
0
0
0
0
0
0
0
0
0
0
0
0
0
0
0
0
0
0
0
0
0
0
0
0
0
0
0
0
0
0
0
0
0
0
0
0
0
0
0
0
0
0
0
0
0
0
0
0
0
0
0
0
0
0
0
0
0
0
0
0
0
0
0
0
0
0
0
0
0
0
0
0
0
0
0
0
0
0
0
0
0
0
0
0
0
0
0
0
0
0
0
0
0
0
0
0
0
0
0
0
0
0
0
0
0
0
0
0
0
0
0
0
0
0
0
0
0
0
0
0
0
0
0
0
0
0
0
0
0
0
0
0
0
0
0
0
0
0
0
0
0
0
0
0
0
0
0
0
0
0
0
0
0
0
0
0
0
0
0
0
0
0
0
0
0
0
0
0
0
0
0
0
0
0
0
0
0
0
0
0
0
0
0
0
0
0
0
0
0
0
0
0
0
0
0
0
0
0
0
0
0
0
0
0
0
0
0
0
0
0
0
0
0
0
0
0
0
0
0
0
0
0
0
0
0
0
0
0
0
0
0
0
0
0
0
0
0
0
0
0
0
0
0
0
0
0
0
0
0
0
0
0
0
0
0
0
0
0
0
0
0
0
0
0
0
0
0
0
0
0
0
0
0
0
0
0
0
0
0
0
0
0
0
0
0
0
0
0
0
0
0
0
0
0
0
0
0
0
0
0
0
0
0
0
0
0
0
0
0
0
0
0
0
0
0
0
0
0
0
0
0
0
0
0
0
0
0
0
0
0
0
0
0
0
0
0
0
0
0
0
0
0
0
0
0
0
0
0
0
0
0
0
0
0
0
0
0
0
0
0
0
0
0
0
0
0
0
0
0
0
0
0
0
0
0
0
0
0
0
0
0
0
0
0
0
0
0
0
0
0
0
0
0
0
0
0
0
0
0
0
0
0
0
0
0
0
0
0
0
0
0
0
0
0
0
0
0
0
0
0
0
0
0
0
0
0
0
0
0
0
0
0
0
0
0
0
0
0
0
0
0
0
0
0
0
0
0
0
0
0
0
0
0
0
0
0
0
0
0
0
0
0
0
0
0
0
0
0
0
0
0
0
0
0
0
0
0
0
0
0
0
0
0
0
0
0
0
0
0
0
0
0
0
0
0
0
0
0
0
0
0
0
0
0
0
0
0
0
0
0
0
0
0
0
0
0
0
0
0
0
0
0
0
0
0
0
0
0
0
0
0
0
0
0
0
0
0
0
0
0
0
0
0
0
0
0
0
0
0
0
0
0
0
0
0
0
0
0
0
0
0
0
0
0
0
0
0
0
0
0
0
0
0
0
0
0
0
0
0
0
0
0
0
0
0
0
0
0
0
0
0
0
0
0
0
0
0
0
0
0
0
0
0
0
0
0
0
0
0
0
0
0
0
0
0
0
0
0
0
0
0
0
0
0
0
0
0
0
0
0
0
0
0
0
0
0
0
0
0
0
0
0
0
0
0
0
0
0
0
0
0
0
0
0
0
0
0
0
0
0
0
0
0
0
0
0
0
0
0
0
0
0
0
0
0
0
0
0
0
0
0
0
0
0
0
0
0
0
0
0
0
0
0
0
0
0
0
0
0
0
0
0
0
0
0
0
0
0
0
0
0
0
0
0
0
0
0
0
0
0
0
0
0
0
0
0
0
0
0
0
0
0
0
0
0
0
0
0
0
0
0
0
0
0
0
0
0
0
0
0
0
0
0
0
0
0
0
0
0
0
0
0
0
0
0
0
0
0
0
0
0
0
0
0
0
0
0
0
0
0
0
0
0
0
0
0
0
0
0
0
0
0
0
0
0
0
0
0
0
0
0
0
0
0
0
0
0
0
0
0
0
0
0
0
0
0
0
0
0
0
0
0
0
0
0
0
0
0
0
0
0
0
0
0
0
0
0
0
0
0
0
0
0
0
0
0
0
0
0
0
0
0
0
0
0
0
0
0
0
0
0
0
0
0
0
0
0
0
0
0
0
0
0
0
0
0
0
0
0
0
0
0
0
0
0
0
0
0
0
0
0
0
0
0
0
0
0
0
0
0
0
0
0
0
0
0
0
0
0
0
0
0
0
0
0
0
0
0
0
0
0
0
0
0
0
0
0
0
0
0
0
0
0
0
0
0
0
0
0
0
0
0
0
0
0
0
0
0
0
0
0
0
0
0
0
0
0
0
0
0
0
0
0
0
0
0
0
0
0
0
0
0
0
0
0
0
0
0
0
0
0
0
0
0
0
0
0
0
0
0
0
0
0
0
0
0
0
0
0
0
0
0
0
0
0
0
0
0
0
0
0
0
0
0
0
0
0
0
0
0
0
0
0
0
0
0
0
0
0
0
0
0
0
0
0
0
0
0
0
0
0
0
0
0
0
0
0
0
0
0
0
0
0
0
0
0
0
0
0
0
0
0
0
0
0
0
0
0
0
0
0
0
0
0
0
0
0
0
0
0
0
0
0
0
0
0
0
0
0
0
0
0
0
0
0
0
0
0
0
0
0
0
0
0
0
0
0
0
0
0
0
0
0
0
0
0
0
0
0
0
0
0
0
0
0
0
0
0
0
0
0
0
0
0
0
0
0
0
0
0
0
0
0
0
0
0
0
0
0
0
0
0
0
0
0
0
0
0
0
0
0
0
0
0
0
0
0
0
0
0
0
0
0
0
0
0
0
0
0
0
0
0
0
0
0
0
0
0
0
0
0
0
0
0
0
0
0
0
0
0
0
0
0
0
0
0
0
0
0
0
0
0
0
0
0
0
0
0
0
0
0
0
0
0
0
0
0
0
0
0
0
0
0
0
0
0
0
0
0
0
0
0
0
0
0
0
0
0
0
0
0
0
0
0
0
0
0
0
0
0
0
0
0
0
0
0
0
0
0
0
0
0
0
0
0
0
0
0
0
0
0
0
0
0
0
0
0
0
0
0
0
0
0
0
0
0
0
0
0
0
0
0
0
0
0
0
0
0
0
0
0
0
0
0
0
0
0
0
0
0
0
0
0
0
0
0
0
0
0
0
0
0
0
0
0
0
0
0
0
0
0
0
0
0
0
0
0
0
0
0
0
0
0
0
0
0
0
0
0
0
0
0
0
0
0
0
0
0
0
0
0
0
0
0
0
0
0
0
0
0
0
0
0
0
0
0
0
0
0
0
0
0
0
0
0
0
0
0
0
0
0
0
0
0
0
0
0
0
0
0
0
0
0
0
0
0
0
0
0
0
0
0
0
0
0
0
0
0
0
0
0
0
0
0
0
0
0
0
0
0
0
0
0
0
0
0
0
0
0
0
0
0
0
0
0
0
0
0
0
0
0
0
0
0
0
0
0
0
0
0
0
0
0
0
0
0
0
0
0
0
0
0
0
0
0
0
0
0
0
0
0
0
0
0
0
0
0
0
0
0
0
0
0
0
0
0
0
0
0
0
0
0
0
0
0
0
0
0
0
0
0
0
0
0
0
0
0
0
0
0
0
0
0
0
0
0
0
0
0
0
0
0
0
0
0
0
0
0
0
0
0
0
0
0
0
0
0
0
0
0
0
0
0
0
0
0
0
0
0
0
0
0
0
0
0
0
0
0
0
0
0
0
0
0
0
0
0
0
0
0
0
0
0
0
0
0
0
0
0
0
0
0
0
0
0
0
0
0
0
0
0
0
0
0
0
0
0
0
0
0
0
0
0
0
0
0
0
0
0
0
0
0
0
0
0
0
0
0
0
0
0
0
0
0
0
0
0
0
0
0
0
0
0
0
0
0
0
0
0
0
0
0
0
0
0
0
0
0
-0.0345459
-0.0345459
-0.0345459
-0.0345459
-0.0345459
0
0
0
0
0
0
0
0
0
0
0
0
0
0
0
0
0
0
0
0
0
0
0
0
0
0
0
0
0
0
0
0
0
0
0
0
0
0
0
0
0
0
0
0
0
0
0
0
0
0
0
0
0
0
0
0
0
0
0
0
0
0
0
0
0
0
0
0
0
0
0
0
0
0
0
0
0
0
0
0
0
0
0
0
0
0
0
0
0
0
0
0
0
0
0
0
0
0
0
0
0
0
0
0
0
0
0
0
0
0
0
0
0
0
0
0
0
0
0
0
0.0230408
0.0230408
0.0230408
0.0230408
0.0230408
0
0
0
0
0
0
0
0
0
0
0
0
0
0
0
0
0
0
0
0
0
0
0
0
0
-0.0313416
-0.0313416
-0.0313416
-0.0313416
-0.0313416
-0.0379944
-0.0379944
-0.0379944
-0.0379944
-0.0379944
-0.0336304
-0.0336304
-0.0336304
-0.0336304
-0.0336304
-0.0311279
-0.0311279
-0.0311279
-0.0311279
-0.0311279
0
0
0
0
0
0.0450745
0.0450745
0.0450745
0.0450745
0.0450745
0.0670166
0.0670166
0.0670166
0.0670166
0.0670166
0.0370483
0.0370483
0.0370483
0.0370483
0.0370483
0
0
0
0
0
-0.032074
-0.032074
-0.032074
-0.032074
-0.032074
-0.0237732
-0.0237732
-0.0237732
-0.0237732
-0.0237732
0
0
0
0
0
0.0239563
0.0239563
0.0239563
0.0239563
0.0239563
0
0
0
0
0
0
0
0
0
0
-0.0662537
-0.0662537
-0.0662537
-0.0662537
-0.0662537
-0.0787659
-0.0787659
-0.0787659
-0.0787659
-0.0787659
-0.0648499
-0.0648499
-0.0648499
-0.0648499
-0.0648499
0
0
0
0
0
0.0657349
0.0657349
0.0657349
0.0657349
0.0657349
0.0973511
0.0973511
0.0973511
0.0973511
0.0973511
0.0924988
0.0924988
0.0924988
0.0924988
0.0924988
0
0
0
0
0
-0.032074
-0.032074
-0.032074
-0.032074
-0.032074
-0.0568542
-0.0568542
-0.0568542
-0.0568542
-0.0568542
0
0
0
0
0
0.0317688
0.0317688
0.0317688
0.0317688
0.0317688
0.0563354
0.0563354
0.0563354
0.0563354
0.0563354
0
0
0
0
0
0
0
0
0
0
-0.0533752
-0.0533752
-0.0533752
-0.0533752
-0.0533752
-0.0547485
-0.0547485
-0.0547485
-0.0547485
-0.0547485
-0.0625
-0.0625
-0.0625
-0.0625
-0.0625
-0.053009
-0.053009
-0.053009
-0.053009
-0.053009
0
0
0
0
0
0.0679016
0.0679016
0.0679016
0.0679016
0.0679016
0.0959167
0.0959167
0.0959167
0.0959167
0.0959167
0.0574951
0.0574951
0.0574951
0.0574951
0.0574951
0
0
0
0
0
-0.0341187
-0.0341187
-0.0341187
-0.0341187
-0.0341187
-0.0229492
-0.0229492
-0.0229492
-0.0229492
-0.0229492
0.0213318
0.0213318
0.0213318
0.0213318
0.0213318
0.0313721
0.0313721
0.0313721
0.0313721
0.0313721
0.0265198
0.0265198
0.0265198
0.0265198
0.0265198
0
0
0
0
0
-0.0262451
-0.0262451
-0.0262451
-0.0262451
-0.0262451
-0.0301208
-0.0301208
-0.0301208
-0.0301208
-0.0301208
-0.0249023
-0.0249023
-0.0249023
-0.0249023
-0.0249023
-0.0392151
-0.0392151
-0.0392151
-0.0392151
-0.0392151
-0.0666504
-0.0666504
-0.0666504
-0.0666504
-0.0666504
-0.0570374
-0.0570374
-0.0570374
-0.0570374
-0.0570374
0.0439148
0.0439148
0.0439148
0.0439148
0.0439148
0.106781
0.106781
0.106781
0.106781
0.106781
0.0775757
0.0775757
0.0775757
0.0775757
0.0775757
0
0
0
0
0
-0.0505371
-0.0505371
-0.0505371
-0.0505371
-0.0505371
-0.0288086
-0.0288086
-0.0288086
-0.0288086
-0.0288086
0
0
0
0
0
0.053009
0.053009
0.053009
0.053009
0.053009
0.0297546
0.0297546
0.0297546
0.0297546
0.0297546
0
0
0
0
0
-0.0234375
-0.0234375
-0.0234375
-0.0234375
-0.0234375
-0.0300293
-0.0300293
-0.0300293
-0.0300293
-0.0300293
0
0
0
0
0
-0.0231628
-0.0231628
-0.0231628
-0.0231628
-0.0231628
-0.0581055
-0.0581055
-0.0581055
-0.0581055
-0.0581055
-0.0811768
-0.0811768
-0.0811768
-0.0811768
-0.0811768
0
0
0
0
0
0.0733032
0.0733032
0.0733032
0.0733032
0.0733032
0.0987549
0.0987549
0.0987549
0.0987549
0.0987549
0.0327454
0.0327454
0.0327454
0.0327454
0.0327454
-0.0307312
-0.0307312
-0.0307312
-0.0307312
-0.0307312
-0.0531006
-0.0531006
-0.0531006
-0.0531006
-0.0531006
0
0
0
0
0
0.0663757
0.0663757
0.0663757
0.0663757
0.0663757
0.0539856
0.0539856
0.0539856
0.0539856
0.0539856
0
0
0
0
0
-0.0409241
-0.0409241
-0.0409241
-0.0409241
-0.0409241
-0.0293884
-0.0293884
-0.0293884
-0.0293884
-0.0293884
0
0
0
0
0
0
0
0
0
0
-0.0473633
-0.0473633
-0.0473633
-0.0473633
-0.0473633
-0.092804
-0.092804
-0.092804
-0.092804
-0.092804
-0.0788269
-0.0788269
-0.0788269
-0.0788269
-0.0788269
0.0752258
0.0752258
0.0752258
0.0752258
0.0752258
0.115356
0.115356
0.115356
0.115356
0.115356
0.056488
0.056488
0.056488
0.056488
0.056488
-0.0369568
-0.0369568
-0.0369568
-0.0369568
-0.0369568
-0.0605164
-0.0605164
-0.0605164
-0.0605164
-0.0605164
0
0
0
0
0
0.0737
0.0737
0.0737
0.0737
0.0737
0.0755615
0.0755615
0.0755615
0.0755615
0.0755615
0
0
0
0
0
-0.0491028
-0.0491028
-0.0491028
-0.0491028
-0.0491028
-0.0346375
-0.0346375
-0.0346375
-0.0346375
-0.0346375
0
0
0
0
0
0
0
0
0
0
-0.0265808
-0.0265808
-0.0265808
-0.0265808
-0.0265808
-0.101196
-0.101196
-0.101196
-0.101196
-0.101196
-0.112061
-0.112061
-0.112061
-0.112061
-0.112061
0.059021
0.059021
0.059021
0.059021
0.059021
0.105286
0.105286
0.105286
0.105286
0.105286
0.111176
0.111176
0.111176
0.111176
0.111176
-0.0419312
-0.0419312
-0.0419312
-0.0419312
-0.0419312
-0.0663452
-0.0663452
-0.0663452
-0.0663452
-0.0663452
-0.0309448
-0.0309448
-0.0309448
-0.0309448
-0.0309448
0.0765991
0.0765991
0.0765991
0.0765991
0.0765991
0.101562
0.101562
0.101562
0.101562
0.101562
0.0358582
0.0358582
0.0358582
0.0358582
0.0358582
-0.0451965
-0.0451965
-0.0451965
-0.0451965
-0.0451965
-0.0548096
-0.0548096
-0.0548096
-0.0548096
-0.0548096
0
0
0
0
0
0.0366821
0.0366821
0.0366821
0.0366821
0.0366821
0
0
0
0
0
-0.0835571
-0.0835571
-0.0835571
-0.0835571
-0.0835571
-0.120819
-0.120819
-0.120819
-0.120819
-0.120819
-0.0829468
-0.0829468
-0.0829468
-0.0829468
-0.0829468
0.0892639
0.0892639
0.0892639
0.0892639
0.0892639
0.11734
0.11734
0.11734
0.11734
0.11734
0.0470276
0.0470276
0.0470276
0.0470276
0.0470276
-0.0598145
-0.0598145
-0.0598145
-0.0598145
-0.0598145
-0.0662537
-0.0662537
-0.0662537
-0.0662537
-0.0662537
0
0
0
0
0
0.0910339
0.0910339
0.0910339
0.0910339
0.0910339
0.0897217
0.0897217
0.0897217
0.0897217
0.0897217
0
0
0
0
0
-0.0514526
-0.0514526
-0.0514526
-0.0514526
-0.0514526
-0.0382385
-0.0382385
-0.0382385
-0.0382385
-0.0382385
0.0306702
0.0306702
0.0306702
0.0306702
0.0306702
0.0259399
0.0259399
0.0259399
0.0259399
0.0259399
-0.0297852
-0.0297852
-0.0297852
-0.0297852
-0.0297852
-0.109161
-0.109161
-0.109161
-0.109161
-0.109161
-0.125885
-0.125885
-0.125885
-0.125885
-0.125885
0.0638733
0.0638733
0.0638733
0.0638733
0.0638733
0.107178
0.107178
0.107178
0.107178
0.107178
0.0883789
0.0883789
0.0883789
0.0883789
0.0883789
-0.0411072
-0.0411072
-0.0411072
-0.0411072
-0.0411072
-0.0612793
-0.0612793
-0.0612793
-0.0612793
-0.0612793
0
0
0
0
0
0.0768127
0.0768127
0.0768127
0.0768127
0.0768127
0.0938416
0.0938416
0.0938416
0.0938416
0.0938416
0.0466919
0.0466919
0.0466919
0.0466919
0.0466919
-0.0430298
-0.0430298
-0.0430298
-0.0430298
-0.0430298
-0.0523376
-0.0523376
-0.0523376
-0.0523376
-0.0523376
0
0
0
0
0
0.0230103
0.0230103
0.0230103
0.0230103
0.0230103
0
0
0
0
0
-0.0738831
-0.0738831
-0.0738831
-0.0738831
-0.0738831
-0.122864
-0.122864
-0.122864
-0.122864
-0.122864
-0.0834656
-0.0834656
-0.0834656
-0.0834656
-0.0834656
0.0674744
0.0674744
0.0674744
0.0674744
0.0674744
0.104187
0.104187
0.104187
0.104187
0.104187
0.0526733
0.0526733
0.0526733
0.0526733
0.0526733
-0.0368347
-0.0368347
-0.0368347
-0.0368347
-0.0368347
-0.0549927
-0.0549927
-0.0549927
-0.0549927
-0.0549927
0
0
0
0
0
0.0713196
0.0713196
0.0713196
0.0713196
0.0713196
0.0870056
0.0870056
0.0870056
0.0870056
0.0870056
0
0
0
0
0
-0.0424194
-0.0424194
-0.0424194
-0.0424194
-0.0424194
-0.0507202
-0.0507202
-0.0507202
-0.0507202
-0.0507202
0
0
0
0
0
0
0
0
0
0
0
0
0
0
0
-0.0903625
-0.0903625
-0.0903625
-0.0903625
-0.0903625
-0.117584
-0.117584
-0.117584
-0.117584
-0.117584
0.0299988
0.0299988
0.0299988
0.0299988
0.0299988
0.0794067
0.0794067
0.0794067
0.0794067
0.0794067
0.0937195
0.0937195
0.0937195
0.0937195
0.0937195
0
0
0
0
0
-0.046936
-0.046936
-0.046936
-0.046936
-0.046936
-0.0363159
-0.0363159
-0.0363159
-0.0363159
-0.0363159
0.0458069
0.0458069
0.0458069
0.0458069
0.0458069
0.0778198
0.0778198
0.0778198
0.0778198
0.0778198
0.0744019
0.0744019
0.0744019
0.0744019
0.0744019
0
0
0
0
0
-0.0435486
-0.0435486
-0.0435486
-0.0435486
-0.0435486
-0.0408936
-0.0408936
-0.0408936
-0.0408936
-0.0408936
0
0
0
0
0
0
0
0
0
0
-0.0466919
-0.0466919
-0.0466919
-0.0466919
-0.0466919
-0.103455
-0.103455
-0.103455
-0.103455
-0.103455
-0.0745544
-0.0745544
-0.0745544
-0.0745544
-0.0745544
0.0246582
0.0246582
0.0246582
0.0246582
0.0246582
0.0776062
0.0776062
0.0776062
0.0776062
0.0776062
0.0574036
0.0574036
0.0574036
0.0574036
0.0574036
0
0
0
0
0
-0.0327759
-0.0327759
-0.0327759
-0.0327759
-0.0327759
0
0
0
0
0
0.0360107
0.0360107
0.0360107
0.0360107
0.0360107
0.0661011
0.0661011
0.0661011
0.0661011
0.0661011
0.0302429
0.0302429
0.0302429
0.0302429
0.0302429
0
0
0
0
0
-0.0320129
-0.0320129
-0.0320129
-0.0320129
-0.0320129
-0.0262451
-0.0262451
-0.0262451
-0.0262451
-0.0262451
0
0
0
0
0
0
0
0
0
0
-0.0612183
-0.0612183
-0.0612183
-0.0612183
-0.0612183
-0.0899963
-0.0899963
-0.0899963
-0.0899963
-0.0899963
0
0
0
0
0
0.0341187
0.0341187
0.0341187
0.0341187
0.0341187
0.0647583
0.0647583
0.0647583
0.0647583
0.0647583
0.028717
0.028717
0.028717
0.028717
0.028717
0
0
0
0
0
0
0
0
0
0
0
0
0
0
0
0.0378418
0.0378418
0.0378418
0.0378418
0.0378418
0.0556641
0.0556641
0.0556641
0.0556641
0.0556641
0.028717
0.028717
0.028717
0.028717
0.028717
0
0
0
0
0
-0.0228271
-0.0228271
-0.0228271
-0.0228271
-0.0228271
-0.0279236
-0.0279236
-0.0279236
-0.0279236
-0.0279236
-0.0249939
-0.0249939
-0.0249939
-0.0249939
-0.0249939
-0.0410767
-0.0410767
-0.0410767
-0.0410767
-0.0410767
-0.0707397
-0.0707397
-0.0707397
-0.0707397
-0.0707397
-0.0644531
-0.0644531
-0.0644531
-0.0644531
-0.0644531
0
0
0
0
0
0.0350037
0.0350037
0.0350037
0.0350037
0.0350037
0.0560608
0.0560608
0.0560608
0.0560608
0.0560608
0.026062
0.026062
0.026062
0.026062
0.026062
0
0
0
0
0
0
0
0
0
0
0
0
0
0
0
0.033844
0.033844
0.033844
0.033844
0.033844
0.0335999
0.0335999
0.0335999
0.0335999
0.0335999
0
0
0
0
0
0
0
0
0
0
0
0
0
0
0
-0.0305176
-0.0305176
-0.0305176
-0.0305176
-0.0305176
-0.0345764
-0.0345764
-0.0345764
-0.0345764
-0.0345764
-0.0445557
-0.0445557
-0.0445557
-0.0445557
-0.0445557
-0.0437927
-0.0437927
-0.0437927
-0.0437927
-0.0437927
0
0
0
0
0
0
0
0
0
0
0
0
0
0
0
0
0
0
0
0
0
0
0
0
0
0
0
0
0
0
0
0
0
0
0
0
0
0
0
0
0.0216064
0.0216064
0.0216064
0.0216064
0.0216064
0
0
0
0
0
0
0
0
0
0
0
0
0
0
0
0
0
0
0
0
0
0
0
0
0
0
0
0
0
0
-0.0231934
-0.0231934
-0.0231934
-0.0231934
-0.0231934
-0.0306702
-0.0306702
-0.0306702
-0.0306702
-0.0306702
-0.0319214
-0.0319214
-0.0319214
-0.0319214
-0.0319214
-0.0282593
-0.0282593
-0.0282593
-0.0282593
-0.0282593
0
0
0
0
0
0
0
0
0
0
0
0
0
0
0
0
0
0
0
0
0.0238953
0.0238953
0.0238953
0.0238953
0.0238953
0.0281677
0.0281677
0.0281677
0.0281677
0.0281677
0.029541
0.029541
0.029541
0.029541
0.029541
0.0258484
0.0258484
0.0258484
0.0258484
0.0258484
0.0230713
0.0230713
0.0230713
0.0230713
0.0230713
0
0
0
0
0
0
0
0
0
0
0
0
0
0
0
0
0
0
0
0
-0.0279236
-0.0279236
-0.0279236
-0.0279236
-0.0279236
-0.039856
-0.039856
-0.039856
-0.039856
-0.039856
-0.039917
-0.039917
-0.039917
-0.039917
-0.039917
-0.034729
-0.034729
-0.034729
-0.034729
-0.034729
-0.0228271
-0.0228271
-0.0228271
-0.0228271
-0.0228271
0
0
0
0
0
0
0
0
0
0
0
0
0
0
0
0.0247803
0.0247803
0.0247803
0.0247803
0.0247803
0.0301819
0.0301819
0.0301819
0.0301819
0.0301819
0.0312805
0.0312805
0.0312805
0.0312805
0.0312805
0.0281677
0.0281677
0.0281677
0.0281677
0.0281677
0.0252686
0.0252686
0.0252686
0.0252686
0.0252686
0
0
0
0
0
0
0
0
0
0
0
0
0
0
0
0
0
0
0
0
-0.0298157
-0.0298157
-0.0298157
-0.0298157
-0.0298157
-0.0410461
-0.0410461
-0.0410461
-0.0410461
-0.0410461
-0.0431519
-0.0431519
-0.0431519
-0.0431519
-0.0431519
-0.0368958
-0.0368958
-0.0368958
-0.0368958
-0.0368958
-0.0257568
-0.0257568
-0.0257568
-0.0257568
-0.0257568
0
0
0
0
0
0
0
0
0
0
0
0
0
0
0
0.0245667
0.0245667
0.0245667
0.0245667
0.0245667
0.0299683
0.0299683
0.0299683
0.0299683
0.0299683
0.0322571
0.0322571
0.0322571
0.0322571
0.0322571
0.0290833
0.0290833
0.0290833
0.0290833
0.0290833
0.0259399
0.0259399
0.0259399
0.0259399
0.0259399
0
0
0
0
0
0
0
0
0
0
0
0
0
0
0
0
0
0
0
0
-0.0302734
-0.0302734
-0.0302734
-0.0302734
-0.0302734
-0.0413818
-0.0413818
-0.0413818
-0.0413818
-0.0413818
-0.041748
-0.041748
-0.041748
-0.041748
-0.041748
-0.0378723
-0.0378723
-0.0378723
-0.0378723
-0.0378723
-0.0239258
-0.0239258
-0.0239258
-0.0239258
-0.0239258
0
0
0
0
0
0
0
0
0
0
0
0
0
0
0
0.026001
0.026001
0.026001
0.026001
0.026001
0.0304871
0.0304871
0.0304871
0.0304871
0.0304871
0.0328979
0.0328979
0.0328979
0.0328979
0.0328979
0.0289917
0.0289917
0.0289917
0.0289917
0.0289917
0.0263062
0.0263062
0.0263062
0.0263062
0.0263062
0
0
0
0
0
0
0
0
0
0
0
0
0
0
0
0
0
0
0
0
-0.0289307
-0.0289307
-0.0289307
-0.0289307
-0.0289307
-0.0412598
-0.0412598
-0.0412598
-0.0412598
-0.0412598
-0.043396
-0.043396
-0.043396
-0.043396
-0.043396
-0.038147
-0.038147
-0.038147
-0.038147
-0.038147
-0.0252075
-0.0252075
-0.0252075
-0.0252075
-0.0252075
0
0
0
0
0
0
0
0
0
0
0
0
0
0
0
0.0260925
0.0260925
0.0260925
0.0260925
0.0260925
0.0308228
0.0308228
0.0308228
0.0308228
0.0308228
0.0333252
0.0333252
0.0333252
0.0333252
0.0333252
0.0297546
0.0297546
0.0297546
0.0297546
0.0297546
0.0267029
0.0267029
0.0267029
0.0267029
0.0267029
0
0
0
0
0
0
0
0
0
0
0
0
0
0
0
0
0
0
0
0
-0.0285034
-0.0285034
-0.0285034
-0.0285034
-0.0285034
-0.0414429
-0.0414429
-0.0414429
-0.0414429
-0.0414429
-0.0444641
-0.0444641
-0.0444641
-0.0444641
-0.0444641
-0.0392456
-0.0392456
-0.0392456
-0.0392456
-0.0392456
-0.0269165
-0.0269165
-0.0269165
-0.0269165
-0.0269165
0
0
0
0
0
0
0
0
0
0
0
0
0
0
0
0.0253296
0.0253296
0.0253296
0.0253296
0.0253296
0.0310364
0.0310364
0.0310364
0.0310364
0.0310364
0.0340271
0.0340271
0.0340271
0.0340271
0.0340271
0.0306396
0.0306396
0.0306396
0.0306396
0.0306396
0.0276184
0.0276184
0.0276184
0.0276184
0.0276184
0.0213013
0.0213013
0.0213013
0.0213013
0.0213013
0
0
0
0
0
0
0
0
0
0
0
0
0
0
0
-0.0269775
-0.0269775
-0.0269775
-0.0269775
-0.0269775
-0.0397034
-0.0397034
-0.0397034
-0.0397034
-0.0397034
-0.0444031
-0.0444031
-0.0444031
-0.0444031
-0.0444031
-0.039978
-0.039978
-0.039978
-0.039978
-0.039978
-0.0281982
-0.0281982
-0.0281982
-0.0281982
-0.0281982
0
0
0
0
0
0
0
0
0
0
0
0
0
0
0
0.0258789
0.0258789
0.0258789
0.0258789
0.0258789
0.0328369
0.0328369
0.0328369
0.0328369
0.0328369
0.0345154
0.0345154
0.0345154
0.0345154
0.0345154
0.0329285
0.0329285
0.0329285
0.0329285
0.0329285
0.0276489
0.0276489
0.0276489
0.0276489
0.0276489
0.0227661
0.0227661
0.0227661
0.0227661
0.0227661
0
0
0
0
0
0
0
0
0
0
0
0
0
0
0
-0.0262451
-0.0262451
-0.0262451
-0.0262451
-0.0262451
-0.0385437
-0.0385437
-0.0385437
-0.0385437
-0.0385437
-0.0450134
-0.0450134
-0.0450134
-0.0450134
-0.0450134
-0.0400391
-0.0400391
-0.0400391
-0.0400391
-0.0400391
-0.0292053
-0.0292053
-0.0292053
-0.0292053
-0.0292053
0
0
0
0
0
0
0
0
0
0
0
0
0
0
0
0.0256958
0.0256958
0.0256958
0.0256958
0.0256958
0.032074
0.032074
0.032074
0.032074
0.032074
0.0349731
0.0349731
0.0349731
0.0349731
0.0349731
0.0328064
0.0328064
0.0328064
0.0328064
0.0328064
0.0288391
0.0288391
0.0288391
0.0288391
0.0288391
0.0235901
0.0235901
0.0235901
0.0235901
0.0235901
0
0
0
0
0
0
0
0
0
0
0
0
0
0
0
-0.0249329
-0.0249329
-0.0249329
-0.0249329
-0.0249329
-0.0379944
-0.0379944
-0.0379944
-0.0379944
-0.0379944
-0.0450134
-0.0450134
-0.0450134
-0.0450134
-0.0450134
-0.0416565
-0.0416565
-0.0416565
-0.0416565
-0.0416565
-0.0315552
-0.0315552
-0.0315552
-0.0315552
-0.0315552
0
0
0
0
0
0
0
0
0
0
0
0
0
0
0
0.0261841
0.0261841
0.0261841
0.0261841
0.0261841
0.0310059
0.0310059
0.0310059
0.0310059
0.0310059
0.0352173
0.0352173
0.0352173
0.0352173
0.0352173
0.0325623
0.0325623
0.0325623
0.0325623
0.0325623
0.028717
0.028717
0.028717
0.028717
0.028717
0.0226746
0.0226746
0.0226746
0.0226746
0.0226746
0
0
0
0
0
0
0
0
0
0
0
0
0
0
0
-0.0237427
-0.0237427
-0.0237427
-0.0237427
-0.0237427
-0.0354004
-0.0354004
-0.0354004
-0.0354004
-0.0354004
-0.0455017
-0.0455017
-0.0455017
-0.0455017
-0.0455017
-0.0411987
-0.0411987
-0.0411987
-0.0411987
-0.0411987
-0.0334167
-0.0334167
-0.0334167
-0.0334167
-0.0334167
0
0
0
0
0
0
0
0
0
0
0
0
0
0
0
0.0248718
0.0248718
0.0248718
0.0248718
0.0248718
0.0318604
0.0318604
0.0318604
0.0318604
0.0318604
0.0344238
0.0344238
0.0344238
0.0344238
0.0344238
0.0333862
0.0333862
0.0333862
0.0333862
0.0333862
0.0282593
0.0282593
0.0282593
0.0282593
0.0282593
0.0221863
0.0221863
0.0221863
0.0221863
0.0221863
0
0
0
0
0
0
0
0
0
0
0
0
0
0
0
-0.0221558
-0.0221558
-0.0221558
-0.0221558
-0.0221558
-0.033905
-0.033905
-0.033905
-0.033905
-0.033905
-0.0447083
-0.0447083
-0.0447083
-0.0447083
-0.0447083
-0.0422058
-0.0422058
-0.0422058
-0.0422058
-0.0422058
-0.0357056
-0.0357056
-0.0357056
-0.0357056
-0.0357056
0
0
0
0
0
0
0
0
0
0
0
0
0
0
0
0.0246277
0.0246277
0.0246277
0.0246277
0.0246277
0.0315247
0.0315247
0.0315247
0.0315247
0.0315247
0.0345459
0.0345459
0.0345459
0.0345459
0.0345459
0.0333252
0.0333252
0.0333252
0.0333252
0.0333252
0.0291443
0.0291443
0.0291443
0.0291443
0.0291443
0.0228882
0.0228882
0.0228882
0.0228882
0.0228882
0
0
0
0
0
0
0
0
0
0
0
0
0
0
0
0
0
0
0
0
-0.0323486
-0.0323486
-0.0323486
-0.0323486
-0.0323486
-0.0437927
-0.0437927
-0.0437927
-0.0437927
-0.0437927
-0.0430603
-0.0430603
-0.0430603
-0.0430603
-0.0430603
-0.0375061
-0.0375061
-0.0375061
-0.0375061
-0.0375061
-0.0216675
-0.0216675
-0.0216675
-0.0216675
-0.0216675
0
0
0
0
0
0
0
0
0
0
0.0238953
0.0238953
0.0238953
0.0238953
0.0238953
0.0322876
0.0322876
0.0322876
0.0322876
0.0322876
0.0355835
0.0355835
0.0355835
0.0355835
0.0355835
0.0346375
0.0346375
0.0346375
0.0346375
0.0346375
0.0292664
0.0292664
0.0292664
0.0292664
0.0292664
0.0223694
0.0223694
0.0223694
0.0223694
0.0223694
0
0
0
0
0
0
0
0
0
0
0
0
0
0
0
0
0
0
0
0
-0.0309448
-0.0309448
-0.0309448
-0.0309448
-0.0309448
-0.0429382
-0.0429382
-0.0429382
-0.0429382
-0.0429382
-0.0433044
-0.0433044
-0.0433044
-0.0433044
-0.0433044
-0.0378113
-0.0378113
-0.0378113
-0.0378113
-0.0378113
-0.0235596
-0.0235596
-0.0235596
-0.0235596
-0.0235596
0
0
0
0
0
0
0
0
0
0
0.0228882
0.0228882
0.0228882
0.0228882
0.0228882
0.0320129
0.0320129
0.0320129
0.0320129
0.0320129
0.0349121
0.0349121
0.0349121
0.0349121
0.0349121
0.0339355
0.0339355
0.0339355
0.0339355
0.0339355
0.0292664
0.0292664
0.0292664
0.0292664
0.0292664
0.0230408
0.0230408
0.0230408
0.0230408
0.0230408
0
0
0
0
0
0
0
0
0
0
0
0
0
0
0
0
0
0
0
0
-0.031189
-0.031189
-0.031189
-0.031189
-0.031189
-0.0437927
-0.0437927
-0.0437927
-0.0437927
-0.0437927
-0.0424194
-0.0424194
-0.0424194
-0.0424194
-0.0424194
-0.0373535
-0.0373535
-0.0373535
-0.0373535
-0.0373535
-0.0226135
-0.0226135
-0.0226135
-0.0226135
-0.0226135
0
0
0
0
0
0
0
0
0
0
0.0236206
0.0236206
0.0236206
0.0236206
0.0236206
0.0325012
0.0325012
0.0325012
0.0325012
0.0325012
0.0362244
0.0362244
0.0362244
0.0362244
0.0362244
0.0345764
0.0345764
0.0345764
0.0345764
0.0345764
0.0304565
0.0304565
0.0304565
0.0304565
0.0304565
0.0223389
0.0223389
0.0223389
0.0223389
0.0223389
0
0
0
0
0
0
0
0
0
0
0
0
0
0
0
-0.0215149
-0.0215149
-0.0215149
-0.0215149
-0.0215149
-0.0313721
-0.0313721
-0.0313721
-0.0313721
-0.0313721
-0.0434875
-0.0434875
-0.0434875
-0.0434875
-0.0434875
-0.0421753
-0.0421753
-0.0421753
-0.0421753
-0.0421753
-0.0369873
-0.0369873
-0.0369873
-0.0369873
-0.0369873
-0.0211792
-0.0211792
-0.0211792
-0.0211792
-0.0211792
0
0
0
0
0
0
0
0
0
0
0.0239258
0.0239258
0.0239258
0.0239258
0.0239258
0.0323792
0.0323792
0.0323792
0.0323792
0.0323792
0.0359802
0.0359802
0.0359802
0.0359802
0.0359802
0.0338135
0.0338135
0.0338135
0.0338135
0.0338135
0.0290833
0.0290833
0.0290833
0.0290833
0.0290833
0.021698
0.021698
0.021698
0.021698
0.021698
0
0
0
0
0
0
0
0
0
0
0
0
0
0
0
-0.0220642
-0.0220642
-0.0220642
-0.0220642
-0.0220642
-0.0329895
-0.0329895
-0.0329895
-0.0329895
-0.0329895
-0.0426636
-0.0426636
-0.0426636
-0.0426636
-0.0426636
-0.0403748
-0.0403748
-0.0403748
-0.0403748
-0.0403748
-0.0335388
-0.0335388
-0.0335388
-0.0335388
-0.0335388
0
0
0
0
0
0
0
0
0
0
0
0
0
0
0
0.0251465
0.0251465
0.0251465
0.0251465
0.0251465
0.032196
0.032196
0.032196
0.032196
0.032196
0.0361938
0.0361938
0.0361938
0.0361938
0.0361938
0.0332642
0.0332642
0.0332642
0.0332642
0.0332642
0.0288086
0.0288086
0.0288086
0.0288086
0.0288086
0.021637
0.021637
0.021637
0.021637
0.021637
0
0
0
0
0
0
0
0
0
0
0
0
0
0
0
-0.0236206
-0.0236206
-0.0236206
-0.0236206
-0.0236206
-0.0348816
-0.0348816
-0.0348816
-0.0348816
-0.0348816
-0.0423279
-0.0423279
-0.0423279
-0.0423279
-0.0423279
-0.0405884
-0.0405884
-0.0405884
-0.0405884
-0.0405884
-0.0328064
-0.0328064
-0.0328064
-0.0328064
-0.0328064
0
0
0
0
0
0
0
0
0
0
0
0
0
0
0
0.0255432
0.0255432
0.0255432
0.0255432
0.0255432
0.0327454
0.0327454
0.0327454
0.0327454
0.0327454
0.0362854
0.0362854
0.0362854
0.0362854
0.0362854
0.0314026
0.0314026
0.0314026
0.0314026
0.0314026
0.0280457
0.0280457
0.0280457
0.0280457
0.0280457
0
0
0
0
0
0
0
0
0
0
0
0
0
0
0
0
0
0
0
0
-0.0252991
-0.0252991
-0.0252991
-0.0252991
-0.0252991
-0.0366211
-0.0366211
-0.0366211
-0.0366211
-0.0366211
-0.041748
-0.041748
-0.041748
-0.041748
-0.041748
-0.0400085
-0.0400085
-0.0400085
-0.0400085
-0.0400085
-0.0282288
-0.0282288
-0.0282288
-0.0282288
-0.0282288
0
0
0
0
0
0
0
0
0
0
0
0
0
0
0
0.0280762
0.0280762
0.0280762
0.0280762
0.0280762
0.0341187
0.0341187
0.0341187
0.0341187
0.0341187
0.0344238
0.0344238
0.0344238
0.0344238
0.0344238
0.0309753
0.0309753
0.0309753
0.0309753
0.0309753
0.0264893
0.0264893
0.0264893
0.0264893
0.0264893
0
0
0
0
0
0
0
0
0
0
0
0
0
0
0
0
0
0
0
0
-0.0270386
-0.0270386
-0.0270386
-0.0270386
-0.0270386
-0.0392151
-0.0392151
-0.0392151
-0.0392151
-0.0392151
-0.0398254
-0.0398254
-0.0398254
-0.0398254
-0.0398254
-0.0370789
-0.0370789
-0.0370789
-0.0370789
-0.0370789
-0.0254517
-0.0254517
-0.0254517
-0.0254517
-0.0254517
0
0
0
0
0
0
0
0
0
0
0
0
0
0
0
0.0279236
0.0279236
0.0279236
0.0279236
0.0279236
0.0340576
0.0340576
0.0340576
0.0340576
0.0340576
0.0346069
0.0346069
0.0346069
0.0346069
0.0346069
0.0298767
0.0298767
0.0298767
0.0298767
0.0298767
0.0245361
0.0245361
0.0245361
0.0245361
0.0245361
0
0
0
0
0
0
0
0
0
0
0
0
0
0
0
-0.0211792
-0.0211792
-0.0211792
-0.0211792
-0.0211792
-0.0312195
-0.0312195
-0.0312195
-0.0312195
-0.0312195
-0.0403137
-0.0403137
-0.0403137
-0.0403137
-0.0403137
-0.0368042
-0.0368042
-0.0368042
-0.0368042
-0.0368042
-0.0312805
-0.0312805
-0.0312805
-0.0312805
-0.0312805
0
0
0
0
0
0
0
0
0
0
0
0
0
0
0
0
0
0
0
0
0.0276184
0.0276184
0.0276184
0.0276184
0.0276184
0.0339355
0.0339355
0.0339355
0.0339355
0.0339355
0.0324402
0.0324402
0.0324402
0.0324402
0.0324402
0.0277405
0.0277405
0.0277405
0.0277405
0.0277405
0.0217896
0.0217896
0.0217896
0.0217896
0.0217896
0
0
0
0
0
0
0
0
0
0
0
0
0
0
0
-0.025116
-0.025116
-0.025116
-0.025116
-0.025116
-0.0341797
-0.0341797
-0.0341797
-0.0341797
-0.0341797
-0.039032
-0.039032
-0.039032
-0.039032
-0.039032
-0.0349731
-0.0349731
-0.0349731
-0.0349731
-0.0349731
-0.0271301
-0.0271301
-0.0271301
-0.0271301
-0.0271301
0
0
0
0
0
0
0
0
0
0
0
0
0
0
0
0.0245972
0.0245972
0.0245972
0.0245972
0.0245972
0.0296631
0.0296631
0.0296631
0.0296631
0.0296631
0.0331116
0.0331116
0.0331116
0.0331116
0.0331116
0.0310974
0.0310974
0.0310974
0.0310974
0.0310974
0.0253601
0.0253601
0.0253601
0.0253601
0.0253601
0
0
0
0
0
0
0
0
0
0
0
0
0
0
0
0
0
0
0
0
-0.0281372
-0.0281372
-0.0281372
-0.0281372
-0.0281372
-0.0369873
-0.0369873
-0.0369873
-0.0369873
-0.0369873
-0.0360413
-0.0360413
-0.0360413
-0.0360413
-0.0360413
-0.0315857
-0.0315857
-0.0315857
-0.0315857
-0.0315857
-0.0211182
-0.0211182
-0.0211182
-0.0211182
-0.0211182
0
0
0
0
0
0
0
0
0
0
0
0
0
0
0
0.0262146
0.0262146
0.0262146
0.0262146
0.0262146
0.0319519
0.0319519
0.0319519
0.0319519
0.0319519
0.0324097
0.0324097
0.0324097
0.0324097
0.0324097
0.0288696
0.0288696
0.0288696
0.0288696
0.0288696
0.0227661
0.0227661
0.0227661
0.0227661
0.0227661
0
0
0
0
0
0
0
0
0
0
0
0
0
0
0
-0.0242615
-0.0242615
-0.0242615
-0.0242615
-0.0242615
-0.0325317
-0.0325317
-0.0325317
-0.0325317
-0.0325317
-0.037384
-0.037384
-0.037384
-0.037384
-0.037384
-0.0344849
-0.0344849
-0.0344849
-0.0344849
-0.0344849
-0.0273132
-0.0273132
-0.0273132
-0.0273132
-0.0273132
0
0
0
0
0
0
0
0
0
0
0
0
0
0
0
0.0235291
0.0235291
0.0235291
0.0235291
0.0235291
0.0290222
0.0290222
0.0290222
0.0290222
0.0290222
0.0319214
0.0319214
0.0319214
0.0319214
0.0319214
0.031189
0.031189
0.031189
0.031189
0.031189
0.0254822
0.0254822
0.0254822
0.0254822
0.0254822
0
0
0
0
0
0
0
0
0
0
0
0
0
0
0
0
0
0
0
0
-0.0276794
-0.0276794
-0.0276794
-0.0276794
-0.0276794
-0.0361023
-0.0361023
-0.0361023
-0.0361023
-0.0361023
-0.0359497
-0.0359497
-0.0359497
-0.0359497
-0.0359497
-0.0310974
-0.0310974
-0.0310974
-0.0310974
-0.0310974
-0.0214233
-0.0214233
-0.0214233
-0.0214233
-0.0214233
0
0
0
0
0
0
0
0
0
0
0
0
0
0
0
0.0254822
0.0254822
0.0254822
0.0254822
0.0254822
0.0309143
0.0309143
0.0309143
0.0309143
0.0309143
0.0316162
0.0316162
0.0316162
0.0316162
0.0316162
0.0282898
0.0282898
0.0282898
0.0282898
0.0282898
0.0218506
0.0218506
0.0218506
0.0218506
0.0218506
0
0
0
0
0
0
0
0
0
0
0
0
0
0
0
-0.0233765
-0.0233765
-0.0233765
-0.0233765
-0.0233765
-0.0334473
-0.0334473
-0.0334473
-0.0334473
-0.0334473
-0.0359802
-0.0359802
-0.0359802
-0.0359802
-0.0359802
-0.033905
-0.033905
-0.033905
-0.033905
-0.033905
-0.0262756
-0.0262756
-0.0262756
-0.0262756
-0.0262756
0
0
0
0
0
0
0
0
0
0
0
0
0
0
0
0.0216064
0.0216064
0.0216064
0.0216064
0.0216064
0.0285339
0.0285339
0.0285339
0.0285339
0.0285339
0.032135
0.032135
0.032135
0.032135
0.032135
0.0296936
0.0296936
0.0296936
0.0296936
0.0296936
0.0250244
0.0250244
0.0250244
0.0250244
0.0250244
0
0
0
0
0
0
0
0
0
0
0
0
0
0
0
0
0
0
0
0
-0.0287476
-0.0287476
-0.0287476
-0.0287476
-0.0287476
-0.0361633
-0.0361633
-0.0361633
-0.0361633
-0.0361633
-0.0344543
-0.0344543
-0.0344543
-0.0344543
-0.0344543
-0.030365
-0.030365
-0.030365
-0.030365
-0.030365
0
0
0
0
0
0
0
0
0
0
0
0
0
0
0
0
0
0
0
0
0.0256958
0.0256958
0.0256958
0.0256958
0.0256958
0.0312195
0.0312195
0.0312195
0.0312195
0.0312195
0.0303955
0.0303955
0.0303955
0.0303955
0.0303955
0.0263672
0.0263672
0.0263672
0.0263672
0.0263672
0
0
0
0
0
0
0
0
0
0
0
0
0
0
0
0
0
0
0
0
-0.0245972
-0.0245972
-0.0245972
-0.0245972
-0.0245972
-0.0328674
-0.0328674
-0.0328674
-0.0328674
-0.0328674
-0.0341797
-0.0341797
-0.0341797
-0.0341797
-0.0341797
-0.0312195
-0.0312195
-0.0312195
-0.0312195
-0.0312195
-0.0239868
-0.0239868
-0.0239868
-0.0239868
-0.0239868
0
0
0
0
0
0
0
0
0
0
0
0
0
0
0
0.0221558
0.0221558
0.0221558
0.0221558
0.0221558
0.0289612
0.0289612
0.0289612
0.0289612
0.0289612
0.0314941
0.0314941
0.0314941
0.0314941
0.0314941
0.0285339
0.0285339
0.0285339
0.0285339
0.0285339
0.0233459
0.0233459
0.0233459
0.0233459
0.0233459
0
0
0
0
0
0
0
0
0
0
0
0
0
0
0
0
0
0
0
0
-0.0285034
-0.0285034
-0.0285034
-0.0285034
-0.0285034
-0.0350342
-0.0350342
-0.0350342
-0.0350342
-0.0350342
-0.0335999
-0.0335999
-0.0335999
-0.0335999
-0.0335999
-0.0278625
-0.0278625
-0.0278625
-0.0278625
-0.0278625
0
0
0
0
0
0
0
0
0
0
0
0
0
0
0
0
0
0
0
0
0.0259705
0.0259705
0.0259705
0.0259705
0.0259705
0.0311584
0.0311584
0.0311584
0.0311584
0.0311584
0.0308533
0.0308533
0.0308533
0.0308533
0.0308533
0.0257874
0.0257874
0.0257874
0.0257874
0.0257874
0
0
0
0
0
0
0
0
0
0
0
0
0
0
0
0
0
0
0
0
-0.0237732
-0.0237732
-0.0237732
-0.0237732
-0.0237732
-0.0328369
-0.0328369
-0.0328369
-0.0328369
-0.0328369
-0.0339355
-0.0339355
-0.0339355
-0.0339355
-0.0339355
-0.0302429
-0.0302429
-0.0302429
-0.0302429
-0.0302429
-0.0237732
-0.0237732
-0.0237732
-0.0237732
-0.0237732
0
0
0
0
0
0
0
0
0
0
0
0
0
0
0
0.0213623
0.0213623
0.0213623
0.0213623
0.0213623
0.028656
0.028656
0.028656
0.028656
0.028656
0.0318604
0.0318604
0.0318604
0.0318604
0.0318604
0.0282593
0.0282593
0.0282593
0.0282593
0.0282593
0.0220642
0.0220642
0.0220642
0.0220642
0.0220642
0
0
0
0
0
0
0
0
0
0
0
0
0
0
0
0
0
0
0
0
-0.0270081
-0.0270081
-0.0270081
-0.0270081
-0.0270081
-0.0338745
-0.0338745
-0.0338745
-0.0338745
-0.0338745
-0.0325928
-0.0325928
-0.0325928
-0.0325928
-0.0325928
-0.0278625
-0.0278625
-0.0278625
-0.0278625
-0.0278625
0
0
0
0
0
0
0
0
0
0
0
0
0
0
0
0
0
0
0
0
0.0232849
0.0232849
0.0232849
0.0232849
0.0232849
0.0290222
0.0290222
0.0290222
0.0290222
0.0290222
0.0312195
0.0312195
0.0312195
0.0312195
0.0312195
0.0264282
0.0264282
0.0264282
0.0264282
0.0264282
0
0
0
0
0
0
0
0
0
0
0
0
0
0
0
0
0
0
0
0
0
0
0
0
0
-0.0283203
-0.0283203
-0.0283203
-0.0283203
-0.0283203
-0.0328369
-0.0328369
-0.0328369
-0.0328369
-0.0328369
-0.0297546
-0.0297546
-0.0297546
-0.0297546
-0.0297546
-0.0253906
-0.0253906
-0.0253906
-0.0253906
-0.0253906
0
0
0
0
0
0
0
0
0
0
0
0
0
0
0
0
0
0
0
0
0.0220642
0.0220642
0.0220642
0.0220642
0.0220642
0.0295715
0.0295715
0.0295715
0.0295715
0.0295715
0.0259094
0.0259094
0.0259094
0.0259094
0.0259094
0.0282898
0.0282898
0.0282898
0.0282898
0.0282898
0
0
0
0
0
0
0
0
0
0
0
0
0
0
0
-0.0248718
-0.0248718
-0.0248718
-0.0248718
-0.0248718
-0.0418396
-0.0418396
-0.0418396
-0.0418396
-0.0418396
-0.0496521
-0.0496521
-0.0496521
-0.0496521
-0.0496521
-0.036377
-0.036377
-0.036377
-0.036377
-0.036377
0
0
0
0
0
0
0
0
0
0
0
0
0
0
0
0.0272217
0.0272217
0.0272217
0.0272217
0.0272217
0.0355835
0.0355835
0.0355835
0.0355835
0.0355835
0
0
0
0
0
0
0
0
0
0
0
0
0
0
0
0
0
0
0
0
0
0
0
0
0
0
0
0
0
0
0
0
0
0
0
-0.0244751
-0.0244751
-0.0244751
-0.0244751
-0.0244751
-0.0542297
-0.0542297
-0.0542297
-0.0542297
-0.0542297
-0.0620117
-0.0620117
-0.0620117
-0.0620117
-0.0620117
-0.0376587
-0.0376587
-0.0376587
-0.0376587
-0.0376587
0
0
0
0
0
0.0282288
0.0282288
0.0282288
0.0282288
0.0282288
0
0
0
0
0
0.0239868
0.0239868
0.0239868
0.0239868
0.0239868
0.0264893
0.0264893
0.0264893
0.0264893
0.0264893
0
0
0
0
0
0
0
0
0
0
0
0
0
0
0
0
0
0
0
0
0
0
0
0
0
0
0
0
0
0
0
0
0
0
0
-0.028656
-0.028656
-0.028656
-0.028656
-0.028656
-0.0600586
-0.0600586
-0.0600586
-0.0600586
-0.0600586
-0.0659485
-0.0659485
-0.0659485
-0.0659485
-0.0659485
-0.0342407
-0.0342407
-0.0342407
-0.0342407
-0.0342407
0.0308838
0.0308838
0.0308838
0.0308838
0.0308838
0.0480652
0.0480652
0.0480652
0.0480652
0.0480652
0.026001
0.026001
0.026001
0.026001
0.026001
0
0
0
0
0
0.0224609
0.0224609
0.0224609
0.0224609
0.0224609
0
0
0
0
0
0
0
0
0
0
0
0
0
0
0
0
0
0
0
0
0
0
0
0
0
0
0
0
0
0
0
0
0
0
0
-0.0267334
-0.0267334
-0.0267334
-0.0267334
-0.0267334
-0.0637817
-0.0637817
-0.0637817
-0.0637817
-0.0637817
-0.0759888
-0.0759888
-0.0759888
-0.0759888
-0.0759888
-0.0327454
-0.0327454
-0.0327454
-0.0327454
-0.0327454
0.0433044
0.0433044
0.0433044
0.0433044
0.0433044
0.0585327
0.0585327
0.0585327
0.0585327
0.0585327
0.0357361
0.0357361
0.0357361
0.0357361
0.0357361
0.026947
0.026947
0.026947
0.026947
0.026947
0
0
0
0
0
0
0
0
0
0
-0.0281067
-0.0281067
-0.0281067
-0.0281067
-0.0281067
0
0
0
0
0
0
0
0
0
0
0
0
0
0
0
0
0
0
0
0
0
0
0
0
0
-0.0301819
-0.0301819
-0.0301819
-0.0301819
-0.0301819
-0.0775757
-0.0775757
-0.0775757
-0.0775757
-0.0775757
-0.089325
-0.089325
-0.089325
-0.089325
-0.089325
-0.0357056
-0.0357056
-0.0357056
-0.0357056
-0.0357056
0.0544128
0.0544128
0.0544128
0.0544128
0.0544128
0.0721436
0.0721436
0.0721436
0.0721436
0.0721436
0.0439758
0.0439758
0.0439758
0.0439758
0.0439758
0.0337524
0.0337524
0.0337524
0.0337524
0.0337524
0
0
0
0
0
-0.0241394
-0.0241394
-0.0241394
-0.0241394
-0.0241394
-0.0417786
-0.0417786
-0.0417786
-0.0417786
-0.0417786
0
0
0
0
0
0.0214539
0.0214539
0.0214539
0.0214539
0.0214539
0.0211792
0.0211792
0.0211792
0.0211792
0.0211792
0
0
0
0
0
0
0
0
0
0
-0.0344543
-0.0344543
-0.0344543
-0.0344543
-0.0344543
-0.0865173
-0.0865173
-0.0865173
-0.0865173
-0.0865173
-0.0957947
-0.0957947
-0.0957947
-0.0957947
-0.0957947
0
0
0
0
0
0.0721436
0.0721436
0.0721436
0.0721436
0.0721436
0.0798035
0.0798035
0.0798035
0.0798035
0.0798035
0.051178
0.051178
0.051178
0.051178
0.051178
0.0388794
0.0388794
0.0388794
0.0388794
0.0388794
0
0
0
0
0
-0.0352478
-0.0352478
-0.0352478
-0.0352478
-0.0352478
-0.0471191
-0.0471191
-0.0471191
-0.0471191
-0.0471191
0
0
0
0
0
0
0
0
0
0
0
0
0
0
0
0
0
0
0
0
0
0
0
0
0
-0.0437317
-0.0437317
-0.0437317
-0.0437317
-0.0437317
-0.0984802
-0.0984802
-0.0984802
-0.0984802
-0.0984802
-0.088501
-0.088501
-0.088501
-0.088501
-0.088501
0
0
0
0
0
0.0860291
0.0860291
0.0860291
0.0860291
0.0860291
0.0747681
0.0747681
0.0747681
0.0747681
0.0747681
0.0444946
0.0444946
0.0444946
0.0444946
0.0444946
0.0419312
0.0419312
0.0419312
0.0419312
0.0419312
0
0
0
0
0
-0.0479126
-0.0479126
-0.0479126
-0.0479126
-0.0479126
-0.0515442
-0.0515442
-0.0515442
-0.0515442
-0.0515442
0
0
0
0
0
0
0
0
0
0
0
0
0
0
0
0
0
0
0
0
0
0
0
0
0
-0.059967
-0.059967
-0.059967
-0.059967
-0.059967
-0.111786
-0.111786
-0.111786
-0.111786
-0.111786
-0.0699768
-0.0699768
-0.0699768
-0.0699768
-0.0699768
0.0471802
0.0471802
0.0471802
0.0471802
0.0471802
0.096283
0.096283
0.096283
0.096283
0.096283
0.0690918
0.0690918
0.0690918
0.0690918
0.0690918
0.0505676
0.0505676
0.0505676
0.0505676
0.0505676
0.0411682
0.0411682
0.0411682
0.0411682
0.0411682
0
0
0
0
0
-0.0614929
-0.0614929
-0.0614929
-0.0614929
-0.0614929
-0.040741
-0.040741
-0.040741
-0.040741
-0.040741
0
0
0
0
0
0
0
0
0
0
0
0
0
0
0
0
0
0
0
0
0
0
0
0
0
-0.0820312
-0.0820312
-0.0820312
-0.0820312
-0.0820312
-0.111847
-0.111847
-0.111847
-0.111847
-0.111847
-0.0350342
-0.0350342
-0.0350342
-0.0350342
-0.0350342
0.0783081
0.0783081
0.0783081
0.0783081
0.0783081
0.0961609
0.0961609
0.0961609
0.0961609
0.0961609
0.0675964
0.0675964
0.0675964
0.0675964
0.0675964
0.0558167
0.0558167
0.0558167
0.0558167
0.0558167
0.0384216
0.0384216
0.0384216
0.0384216
0.0384216
-0.0339966
-0.0339966
-0.0339966
-0.0339966
-0.0339966
-0.0692139
-0.0692139
-0.0692139
-0.0692139
-0.0692139
-0.0334167
-0.0334167
-0.0334167
-0.0334167
-0.0334167
0
0
0
0
0
0
0
0
0
0
0
0
0
0
0
0.0250854
0.0250854
0.0250854
0.0250854
0.0250854
-0.0226746
-0.0226746
-0.0226746
-0.0226746
-0.0226746
-0.10022
-0.10022
-0.10022
-0.10022
-0.10022
-0.102386
-0.102386
-0.102386
-0.102386
-0.102386
0
0
0
0
0
0.0924377
0.0924377
0.0924377
0.0924377
0.0924377
0.0809021
0.0809021
0.0809021
0.0809021
0.0809021
0.0604248
0.0604248
0.0604248
0.0604248
0.0604248
0.0617676
0.0617676
0.0617676
0.0617676
0.0617676
0
0
0
0
0
-0.0597839
-0.0597839
-0.0597839
-0.0597839
-0.0597839
-0.0724792
-0.0724792
-0.0724792
-0.0724792
-0.0724792
-0.0220337
-0.0220337
-0.0220337
-0.0220337
-0.0220337
0
0
0
0
0
0
0
0
0
0
0.0256653
0.0256653
0.0256653
0.0256653
0.0256653
0.0258179
0.0258179
0.0258179
0.0258179
0.0258179
-0.0438538
-0.0438538
-0.0438538
-0.0438538
-0.0438538
-0.11969
-0.11969
-0.11969
-0.11969
-0.11969
-0.0802307
-0.0802307
-0.0802307
-0.0802307
-0.0802307
0.0506592
0.0506592
0.0506592
0.0506592
0.0506592
0.100708
0.100708
0.100708
0.100708
0.100708
0.0743408
0.0743408
0.0743408
0.0743408
0.0743408
0.0679321
0.0679321
0.0679321
0.0679321
0.0679321
0.0634155
0.0634155
0.0634155
0.0634155
0.0634155
0
0
0
0
0
-0.08078
-0.08078
-0.08078
-0.08078
-0.08078
-0.0661011
-0.0661011
-0.0661011
-0.0661011
-0.0661011
0
0
0
0
0
0
0
0
0
0
0
0
0
0
0
0.0365295
0.0365295
0.0365295
0.0365295
0.0365295
0
0
0
0
0
-0.0715942
-0.0715942
-0.0715942
-0.0715942
-0.0715942
-0.12619
-0.12619
-0.12619
-0.12619
-0.12619
-0.0562134
-0.0562134
-0.0562134
-0.0562134
-0.0562134
0.0761414
0.0761414
0.0761414
0.0761414
0.0761414
0.100464
0.100464
0.100464
0.100464
0.100464
0.0765381
0.0765381
0.0765381
0.0765381
0.0765381
0.0710144
0.0710144
0.0710144
0.0710144
0.0710144
0.0550842
0.0550842
0.0550842
0.0550842
0.0550842
-0.0365601
-0.0365601
-0.0365601
-0.0365601
-0.0365601
-0.088562
-0.088562
-0.088562
-0.088562
-0.088562
-0.0539551
-0.0539551
-0.0539551
-0.0539551
-0.0539551
0
0
0
0
0
0
0
0
0
0
0.022644
0.022644
0.022644
0.022644
0.022644
0.0362549
0.0362549
0.0362549
0.0362549
0.0362549
0
0
0
0
0
-0.0993958
-0.0993958
-0.0993958
-0.0993958
-0.0993958
-0.122162
-0.122162
-0.122162
-0.122162
-0.122162
0
0
0
0
0
0.0861511
0.0861511
0.0861511
0.0861511
0.0861511
0.079834
0.079834
0.079834
0.079834
0.079834
0.069519
0.069519
0.069519
0.069519
0.069519
0.0736694
0.0736694
0.0736694
0.0736694
0.0736694
0.030304
0.030304
0.030304
0.030304
0.030304
-0.0629883
-0.0629883
-0.0629883
-0.0629883
-0.0629883
-0.0851135
-0.0851135
-0.0851135
-0.0851135
-0.0851135
-0.0311584
-0.0311584
-0.0311584
-0.0311584
-0.0311584
0
0
0
0
0
0
0
0
0
0
0.0274353
0.0274353
0.0274353
0.0274353
0.0274353
0.0298157
0.0298157
0.0298157
0.0298157
0.0298157
-0.0442505
-0.0442505
-0.0442505
-0.0442505
-0.0442505
-0.125641
-0.125641
-0.125641
-0.125641
-0.125641
-0.0821838
-0.0821838
-0.0821838
-0.0821838
-0.0821838
0.0510864
0.0510864
0.0510864
0.0510864
0.0510864
0.0997925
0.0997925
0.0997925
0.0997925
0.0997925
0.0738525
0.0738525
0.0738525
0.0738525
0.0738525
0.0700684
0.0700684
0.0700684
0.0700684
0.0700684
0.0644531
0.0644531
0.0644531
0.0644531
0.0644531
0
0
0
0
0
-0.0863953
-0.0863953
-0.0863953
-0.0863953
-0.0863953
-0.0645752
-0.0645752
-0.0645752
-0.0645752
-0.0645752
0
0
0
0
0
0
0
0
0
0
0
0
0
0
0
0.0365295
0.0365295
0.0365295
0.0365295
0.0365295
0
0
0
0
0
-0.0823059
-0.0823059
-0.0823059
-0.0823059
-0.0823059
-0.131256
-0.131256
-0.131256
-0.131256
-0.131256
-0.0525208
-0.0525208
-0.0525208
-0.0525208
-0.0525208
0.07901
0.07901
0.07901
0.07901
0.07901
0.101471
0.101471
0.101471
0.101471
0.101471
0.0810547
0.0810547
0.0810547
0.0810547
0.0810547
0.0782471
0.0782471
0.0782471
0.0782471
0.0782471
0.0483704
0.0483704
0.0483704
0.0483704
0.0483704
-0.0450439
-0.0450439
-0.0450439
-0.0450439
-0.0450439
-0.089447
-0.089447
-0.089447
-0.089447
-0.089447
-0.0536499
-0.0536499
-0.0536499
-0.0536499
-0.0536499
0
0
0
0
0
0
0
0
0
0
0.0288391
0.0288391
0.0288391
0.0288391
0.0288391
0.0375366
0.0375366
0.0375366
0.0375366
0.0375366
0
0
0
0
0
-0.105957
-0.105957
-0.105957
-0.105957
-0.105957
-0.112793
-0.112793
-0.112793
-0.112793
-0.112793
0
0
0
0
0
0.0943604
0.0943604
0.0943604
0.0943604
0.0943604
0.0901489
0.0901489
0.0901489
0.0901489
0.0901489
0.0784607
0.0784607
0.0784607
0.0784607
0.0784607
0.0679016
0.0679016
0.0679016
0.0679016
0.0679016
0
0
0
0
0
-0.0732727
-0.0732727
-0.0732727
-0.0732727
-0.0732727
-0.0813904
-0.0813904
-0.0813904
-0.0813904
-0.0813904
-0.0228882
-0.0228882
-0.0228882
-0.0228882
-0.0228882
0
0
0
0
0
0
0
0
0
0
0.0363159
0.0363159
0.0363159
0.0363159
0.0363159
0
0
0
0
0
-0.0578003
-0.0578003
-0.0578003
-0.0578003
-0.0578003
-0.124542
-0.124542
-0.124542
-0.124542
-0.124542
-0.0892944
-0.0892944
-0.0892944
-0.0892944
-0.0892944
0.0377808
0.0377808
0.0377808
0.0377808
0.0377808
0.105743
0.105743
0.105743
0.105743
0.105743
0.0895996
0.0895996
0.0895996
0.0895996
0.0895996
0.0784302
0.0784302
0.0784302
0.0784302
0.0784302
0.0538025
0.0538025
0.0538025
0.0538025
0.0538025
-0.0211792
-0.0211792
-0.0211792
-0.0211792
-0.0211792
-0.0890198
-0.0890198
-0.0890198
-0.0890198
-0.0890198
-0.0681152
-0.0681152
-0.0681152
-0.0681152
-0.0681152
0
0
0
0
0
0
0
0
0
0
0.0291443
0.0291443
0.0291443
0.0291443
0.0291443
0.0420227
0.0420227
0.0420227
0.0420227
0.0420227
0
0
0
0
0
-0.0790405
-0.0790405
-0.0790405
-0.0790405
-0.0790405
-0.124573
-0.124573
-0.124573
-0.124573
-0.124573
-0.0630493
-0.0630493
-0.0630493
-0.0630493
-0.0630493
0.0599365
0.0599365
0.0599365
0.0599365
0.0599365
0.104797
0.104797
0.104797
0.104797
0.104797
0.0950317
0.0950317
0.0950317
0.0950317
0.0950317
0.0779419
0.0779419
0.0779419
0.0779419
0.0779419
0.0352783
0.0352783
0.0352783
0.0352783
0.0352783
-0.0455322
-0.0455322
-0.0455322
-0.0455322
-0.0455322
-0.083374
-0.083374
-0.083374
-0.083374
-0.083374
-0.053833
-0.053833
-0.053833
-0.053833
-0.053833
0
0
0
0
0
0
0
0
0
0
0.0395203
0.0395203
0.0395203
0.0395203
0.0395203
0.0412292
0.0412292
0.0412292
0.0412292
0.0412292
0
0
0
0
0
-0.0919189
-0.0919189
-0.0919189
-0.0919189
-0.0919189
-0.118195
-0.118195
-0.118195
-0.118195
-0.118195
-0.0447083
-0.0447083
-0.0447083
-0.0447083
-0.0447083
0.0762329
0.0762329
0.0762329
0.0762329
0.0762329
0.111816
0.111816
0.111816
0.111816
0.111816
0.0917053
0.0917053
0.0917053
0.0917053
0.0917053
0.0708923
0.0708923
0.0708923
0.0708923
0.0708923
0.0235291
0.0235291
0.0235291
0.0235291
0.0235291
-0.0542908
-0.0542908
-0.0542908
-0.0542908
-0.0542908
-0.0861206
-0.0861206
-0.0861206
-0.0861206
-0.0861206
-0.041748
-0.041748
-0.041748
-0.041748
-0.041748
0
0
0
0
0
0.0211182
0.0211182
0.0211182
0.0211182
0.0211182
0.0391235
0.0391235
0.0391235
0.0391235
0.0391235
0.03125
0.03125
0.03125
0.03125
0.03125
-0.0329895
-0.0329895
-0.0329895
-0.0329895
-0.0329895
-0.104523
-0.104523
-0.104523
-0.104523
-0.104523
-0.121429
-0.121429
-0.121429
-0.121429
-0.121429
-0.0282288
-0.0282288
-0.0282288
-0.0282288
-0.0282288
0.0819397
0.0819397
0.0819397
0.0819397
0.0819397
0.105408
0.105408
0.105408
0.105408
0.105408
0.0910034
0.0910034
0.0910034
0.0910034
0.0910034
0.0684204
0.0684204
0.0684204
0.0684204
0.0684204
0
0
0
0
0
-0.0671997
-0.0671997
-0.0671997
-0.0671997
-0.0671997
-0.0722656
-0.0722656
-0.0722656
-0.0722656
-0.0722656
-0.0276489
-0.0276489
-0.0276489
-0.0276489
-0.0276489
0
0
0
0
0
0.0216064
0.0216064
0.0216064
0.0216064
0.0216064
0.0437622
0.0437622
0.0437622
0.0437622
0.0437622
0
0
0
0
0
-0.0509644
-0.0509644
-0.0509644
-0.0509644
-0.0509644
-0.10672
-0.10672
-0.10672
-0.10672
-0.10672
-0.103485
-0.103485
-0.103485
-0.103485
-0.103485
0
0
0
0
0
0.0862122
0.0862122
0.0862122
0.0862122
0.0862122
0.102844
0.102844
0.102844
0.102844
0.102844
0.0777893
0.0777893
0.0777893
0.0777893
0.0777893
0.0501099
0.0501099
0.0501099
0.0501099
0.0501099
0
0
0
0
0
-0.0700684
-0.0700684
-0.0700684
-0.0700684
-0.0700684
-0.0666809
-0.0666809
-0.0666809
-0.0666809
-0.0666809
0
0
0
0
0
0
0
0
0
0
0.0266418
0.0266418
0.0266418
0.0266418
0.0266418
0.0382385
0.0382385
0.0382385
0.0382385
0.0382385
0
0
0
0
0
-0.0523682
-0.0523682
-0.0523682
-0.0523682
-0.0523682
-0.100708
-0.100708
-0.100708
-0.100708
-0.100708
-0.108154
-0.108154
-0.108154
-0.108154
-0.108154
0
0
0
0
0
0.0918274
0.0918274
0.0918274
0.0918274
0.0918274
0.10965
0.10965
0.10965
0.10965
0.10965
0.0786438
0.0786438
0.0786438
0.0786438
0.0786438
0.052063
0.052063
0.052063
0.052063
0.052063
0
0
0
0
0
-0.0682983
-0.0682983
-0.0682983
-0.0682983
-0.0682983
-0.0638428
-0.0638428
-0.0638428
-0.0638428
-0.0638428
0
0
0
0
0
0
0
0
0
0
0.0233459
0.0233459
0.0233459
0.0233459
0.0233459
0.0395203
0.0395203
0.0395203
0.0395203
0.0395203
0
0
0
0
0
-0.0578308
-0.0578308
-0.0578308
-0.0578308
-0.0578308
-0.0992737
-0.0992737
-0.0992737
-0.0992737
-0.0992737
-0.0999451
-0.0999451
-0.0999451
-0.0999451
-0.0999451
0
0
0
0
0
0.0872192
0.0872192
0.0872192
0.0872192
0.0872192
0.0985107
0.0985107
0.0985107
0.0985107
0.0985107
0.0762634
0.0762634
0.0762634
0.0762634
0.0762634
0.0500488
0.0500488
0.0500488
0.0500488
0.0500488
0
0
0
0
0
-0.0663452
-0.0663452
-0.0663452
-0.0663452
-0.0663452
-0.0578613
-0.0578613
-0.0578613
-0.0578613
-0.0578613
0
0
0
0
0
0
0
0
0
0
0.0288696
0.0288696
0.0288696
0.0288696
0.0288696
0.0397034
0.0397034
0.0397034
0.0397034
0.0397034
0
0
0
0
0
-0.0524292
-0.0524292
-0.0524292
-0.0524292
-0.0524292
-0.0928345
-0.0928345
-0.0928345
-0.0928345
-0.0928345
-0.0908203
-0.0908203
-0.0908203
-0.0908203
-0.0908203
0
0
0
0
0
0.0901184
0.0901184
0.0901184
0.0901184
0.0901184
0.0928955
0.0928955
0.0928955
0.0928955
0.0928955
0.0727234
0.0727234
0.0727234
0.0727234
0.0727234
0.0467224
0.0467224
0.0467224
0.0467224
0.0467224
0
0
0
0
0
-0.0623169
-0.0623169
-0.0623169
-0.0623169
-0.0623169
-0.0496216
-0.0496216
-0.0496216
-0.0496216
-0.0496216
0
0
0
0
0
0
0
0
0
0
0.026825
0.026825
0.026825
0.026825
0.026825
0.0340881
0.0340881
0.0340881
0.0340881
0.0340881
0
0
0
0
0
-0.0554504
-0.0554504
-0.0554504
-0.0554504
-0.0554504
-0.0856018
-0.0856018
-0.0856018
-0.0856018
-0.0856018
-0.0898743
-0.0898743
-0.0898743
-0.0898743
-0.0898743
0
0
0
0
0
0.0830383
0.0830383
0.0830383
0.0830383
0.0830383
0.0836487
0.0836487
0.0836487
0.0836487
0.0836487
0.0631104
0.0631104
0.0631104
0.0631104
0.0631104
0.0508423
0.0508423
0.0508423
0.0508423
0.0508423
0
0
0
0
0
-0.0553284
-0.0553284
-0.0553284
-0.0553284
-0.0553284
-0.042511
-0.042511
-0.042511
-0.042511
-0.042511
0
0
0
0
0
0
0
0
0
0
0.0215149
0.0215149
0.0215149
0.0215149
0.0215149
0.0263367
0.0263367
0.0263367
0.0263367
0.0263367
0
0
0
0
0
-0.046814
-0.046814
-0.046814
-0.046814
-0.046814
-0.0689697
-0.0689697
-0.0689697
-0.0689697
-0.0689697
-0.0658264
-0.0658264
-0.0658264
-0.0658264
-0.0658264
0
0
0
0
0
0.0774841
0.0774841
0.0774841
0.0774841
0.0774841
0.0644226
0.0644226
0.0644226
0.0644226
0.0644226
0.0497742
0.0497742
0.0497742
0.0497742
0.0497742
0.0448914
0.0448914
0.0448914
0.0448914
0.0448914
0
0
0
0
0
-0.0390015
-0.0390015
-0.0390015
-0.0390015
-0.0390015
-0.0245056
-0.0245056
-0.0245056
-0.0245056
-0.0245056
0
0
0
0
0
0
0
0
0
0
0
0
0
0
0
0
0
0
0
0
0
0
0
0
0
-0.0279846
-0.0279846
-0.0279846
-0.0279846
-0.0279846
-0.0405579
-0.0405579
-0.0405579
-0.0405579
-0.0405579
-0.0478516
-0.0478516
-0.0478516
-0.0478516
-0.0478516
0
0
0
0
0
0.0492859
0.0492859
0.0492859
0.0492859
0.0492859
0.0370483
0.0370483
0.0370483
0.0370483
0.0370483
0.0279541
0.0279541
0.0279541
0.0279541
0.0279541
0.0321655
0.0321655
0.0321655
0.0321655
0.0321655
0
0
0
0
0
0
0
0
0
0
0
0
0
0
0
0
0
0
0
0
0
0
0
0
0
0
0
0
0
0
0
0
0
0
0
0
0
0
0
0
0
0
0
0
0
0
0
0
0
0
-0.0257874
-0.0257874
-0.0257874
-0.0257874
-0.0257874
0
0
0
0
0
0
0
0
0
0
0.0219116
0.0219116
0.0219116
0.0219116
0.0219116
0
0
0
0
0
0
0
0
0
0
0
0
0
0
0
0
0
0
0
0
0
0
0
0
0
0
0
0
0
0
0
0
0
0
0
0
0
0
0
0
0
0
0
0
0
0
0
0
0
0
0
0
0
0
0
0
0
0
0
0
0
0
0
0
0
0
0
0
0
0
0
0
0
0
0
0
0
0
0
0
0
0
0
0
0
0
0
0
0
0
0
0
0
0
0
0
0
0
0
0
0
0
0
0
0
0
0
0
0
0
0
0
0
0
0
0
0
0
0
0
0
0
0
0
0
0
0
0
0
0
0
0
0
0
0
0
0
0
0
0
0
0
0
0
0
0
0
0
0
0
0
0
0
0
0
0
0
0
0
0
0
0
0
0
0
0
0
0
0
0
0
0
0
0
0
0
0
0
0
0
0
0
0
0
0
0
0
0
0
0
0
0
0
0
0
0
0
0
0
0
0
0
0
0
0
0
0
0
0
0
0
0
0
0
0
0
0
0
0
0
0
0
0
0
0
0
0
0
0
0
0
0
0
0
0
0
0
0
0
0
0
0
0
0
0
0
0
0
0
0
0
0
0
0
0
0
0
0
0
0
0
0
0
0
0
0
0
0
0
0
0
0
0
0
0
0
0
0
0
0
0
0
0
0
0
0
0
0
0
0
0
0
0
0
0
0
0
0
0
0
0
0
0
0
0
0
0
0
0
0
0
0
0
0
0
0
0
0
0
0
0
0
0
0
0
0
0
0
0
0
0
0
0
0
0
0
0
0
0
0
0
0
0
0
0
0
0
0
0
0
0
0
0
0
0
0
0
0
0
0
0
0
0
0
0
0
0
0
0
0
0
0
0
0
0
0
0
0
0
0
0
0
0
0
0
0
0
0
0
0
0
0
0
0
0
0
0
0
0
0
0
0
0
0
0
0
0
0
0
0
0
0
0
0
0
0
0
0
0
0
0
0
0
0
0
0
0
0
0
0
0
0
0
0
0
0
0
0
0
0
0
0
0
0
0
0
0
0
0
0
0
0
0
0
0
0
0
0
0
0
0
0
0
0
0
0
0
0
0
0
0
0
0
0
0
0
0
0
0
0
0
0
0
0
0
0
0
0
0
0
0
0
0
0
0
0
0
0
0
0
0
0
0
0
0
0
0
0
0
0
0
0
0
0
0
0
0
0
0
0
0
0
0
0
0
0
0
0
0
0
0
0
0
0
0
0
0
0
0
0
0
0
0
0
0
0
0
0
0
0
0
0
0
0
0
0
0
0
0
0
0
0
0
0
0
0
0
0
0
0
0
0
0
0
0
0
0
0
0
0
0
0
0
0
0
0
0
0
0
0
0
0
0
0
0
0
0
0
0
0
0
0
0
0
0
0
0
0
0
0
0
0
0
0
0
0
0
0
0
0
0
0
0
0
0
0
0
0
0
0
0
0
0
0
0
0
0
0
0
0
0
0
0
0
0
0
0
0
0
0
0
0
0
0
0
0
0
0
0
0
0
0
0
0
0
0
0
0
0
0
0
0
0
0
0
0
0
0
0
0
0
0
0
0
0
0
0
0
0
0
0
0
0
0
0
0
0
0
0
0
0
0
0
0
0
0
0
0
0
0
0
0
0
0
0
0
0
0
0
0
0
0
0
0
0
0
0
0
0
0
0
0
0
0
0
0
0
0
0
0
0
0
0
0
0
0
0
0
0
0
0
0
0
0
0
0
0
0
0
0
0
0
0
0
0
0
0
0
0
0
0
0
0
0
0
0
0
0
0
0
0
0
0
0
0
0
0
0
0
0
0
0
0
0
0
0
0
0
0
0
0
0
0
0
0
0
0
0
0
0
0
0
0
0
0
0
0
0
0
0
0
0
0
0
0
0
0
0
0
0
0
0
0
0
0
0
0
0
0
0
0
0
0
0
0
0
0
0
0
0
0
0
0
0
0
0
0
0
0
0
0
0
0
0
0
0
0
0
0
0
0
0
0
0
0
0
0
0
0
0
0
0
0
0
0
0
0
0
0
0
0
0
0
0
0
0
0
0
0
0
0
0
0
0
0
0
0
0
0
0
0
0
0
0
0
0
0
0
0
0
0
0
0
0
0
0
0
0
0
0
0
0
0
0
0
0
0
0
0
0
0
0
0
0
0
0
0
0
0
0
0
0
0
0
0
0
0
0
0
0
0
0
0
0
0
0
0
0
0
0
0
0
0
0
0
0
0
0
0
0
0
0
0
0
0
0
0
0
0
0
0
0
0
0
0
0
0
0
0
0
0
0
0
0
0
0
0
0
0
0
0
0
0
0
0
0
0
0
0
0
0
0
0
0
0
0
0
0
0
0
0
0
0
0
0
0
0
0
0
0
0
0
0
0
0
0
0
0
0
0
0
0
0
0
0
0
0
0
0
0
0
0
0
0
0
0
0
0
0
0
0
0
0
0
0
0
0
0
0
0
0
0
0
0
0
0
0
0
0
0
0
0
0
0
0
0
0
0
0
0
0
0
0
0
0
0
0
0
0
0
0
0
0
0
0
0
0
0
0
0
0
0
0
0
0
0
0
0
0
0
0
0
0
0
0
0
0
0
0
0
0
0
0
0
0
0
0
0
0
0
0
0
0
0
0
0
0
0
0
0
0
0
0
0
0
0
0
0
0
0
0
0
0
0
0
0
0
0
0
0
0
0
0
0
0
0
0
0
0
0
0
0
0
0
0
0
0
0
0
0
0
0
0
0
0
0
0
0
0
0
0
0
0
0
0
0
0
0
0
0
0
0
0
0
0
0
0
0
0
0
0
0
0
0
0
0
0
0
0
0
0
0
0
0
0
0
0
0
0
0
0
0
0
0
0
0
0
0
0
0
0
0
0
0
0
0
0
0
0
0
0
0
0
0
0
0
0
0
0
0
0
0
0
0
0
0
0
0
0
0
0
0
0
0
0
0
0
0
0
0
0
0
0
0
0
0
0
0
0
0
0
0
0
0
0
0
0
0
0
0
0
0
0
0
0
0
0
0
0
0
0
0
0
0
0
0
0
0
0
0
0
0
0
0
0
0
0
0
0
0
0
0
0
0
0
0
0
0
0
0
0
0
0
0
0
0
0
0
0
0
0
0
0
0
0
0
0
0
0
0
0
0
0
0
0
0
0
0
0
0
-0.0248413
-0.0248413
-0.0248413
-0.0248413
-0.0248413
-0.0302124
-0.0302124
-0.0302124
-0.0302124
-0.0302124
0
0
0
0
0
0
0
0
0
0
0.022522
0.022522
0.022522
0.022522
0.022522
0.0284424
0.0284424
0.0284424
0.0284424
0.0284424
0
0
0
0
0
0
0
0
0
0
0
0
0
0
0
0
0
0
0
0
0
0
0
0
0
0
0
0
0
0
0
0
0
0
0
0
0
0
0
0
0
0
0
0
0
-0.0311584
-0.0311584
-0.0311584
-0.0311584
-0.0311584
-0.0489502
-0.0489502
-0.0489502
-0.0489502
-0.0489502
-0.0515442
-0.0515442
-0.0515442
-0.0515442
-0.0515442
0
0
0
0
0
0
0
0
0
0
0.033905
0.033905
0.033905
0.033905
0.033905
0.0228882
0.0228882
0.0228882
0.0228882
0.0228882
0
0
0
0
0
0
0
0
0
0
0
0
0
0
0
0
0
0
0
0
0
0
0
0
0
0
0
0
0
0
0
0
0
0
0
0
0
0
0
0
0
0
0
0
0
-0.0272522
-0.0272522
-0.0272522
-0.0272522
-0.0272522
-0.0539246
-0.0539246
-0.0539246
-0.0539246
-0.0539246
-0.0530396
-0.0530396
-0.0530396
-0.0530396
-0.0530396
0
0
0
0
0
0
0
0
0
0
0.0269775
0.0269775
0.0269775
0.0269775
0.0269775
0.021759
0.021759
0.021759
0.021759
0.021759
0
0
0
0
0
0
0
0
0
0
0
0
0
0
0
0
0
0
0
0
0
0
0
0
0
0
0
0
0
0
0
0
0
0
0
0
0
0
0
0
0
0
0
0
0
0
0
0
0
0
-0.0309143
-0.0309143
-0.0309143
-0.0309143
-0.0309143
-0.0325012
-0.0325012
-0.0325012
-0.0325012
-0.0325012
0
0
0
0
0
0
0
0
0
0
0
0
0
0
0
0
0
0
0
0
0
0
0
0
0
0
0
0
0
0
0
0
0
0
0
0
0
0
0
0
0
0
0
0
0
0
0
0
0
0
0
0
0
0
0
0
0
0
0
0
0
0
0
0
0
0
0
0
0
0
0
0
0
0
0
-0.0249939
-0.0249939
-0.0249939
-0.0249939
-0.0249939
-0.0317993
-0.0317993
-0.0317993
-0.0317993
-0.0317993
-0.0316467
-0.0316467
-0.0316467
-0.0316467
-0.0316467
-0.0262451
-0.0262451
-0.0262451
-0.0262451
-0.0262451
0
0
0
0
0
0
0
0
0
0
0
0
0
0
0
0
0
0
0
0
0.0224304
0.0224304
0.0224304
0.0224304
0.0224304
0.0261841
0.0261841
0.0261841
0.0261841
0.0261841
0.0263977
0.0263977
0.0263977
0.0263977
0.0263977
0.0221252
0.0221252
0.0221252
0.0221252
0.0221252
0
0
0
0
0
0
0
0
0
0
0
0
0
0
0
0
0
0
0
0
-0.0228882
-0.0228882
-0.0228882
-0.0228882
-0.0228882
-0.0333557
-0.0333557
-0.0333557
-0.0333557
-0.0333557
-0.0351562
-0.0351562
-0.0351562
-0.0351562
-0.0351562
-0.0315552
-0.0315552
-0.0315552
-0.0315552
-0.0315552
-0.0218811
-0.0218811
-0.0218811
-0.0218811
-0.0218811
0
0
0
0
0
0
0
0
0
0
0
0
0
0
0
0.0219421
0.0219421
0.0219421
0.0219421
0.0219421
0.026123
0.026123
0.026123
0.026123
0.026123
0.0289307
0.0289307
0.0289307
0.0289307
0.0289307
0.0263367
0.0263367
0.0263367
0.0263367
0.0263367
0.0231934
0.0231934
0.0231934
0.0231934
0.0231934
0
0
0
0
0
0
0
0
0
0
0
0
0
0
0
0
0
0
0
0
-0.0292358
-0.0292358
-0.0292358
-0.0292358
-0.0292358
-0.0358887
-0.0358887
-0.0358887
-0.0358887
-0.0358887
-0.0351562
-0.0351562
-0.0351562
-0.0351562
-0.0351562
-0.0285645
-0.0285645
-0.0285645
-0.0285645
-0.0285645
0
0
0
0
0
0
0
0
0
0
0
0
0
0
0
0
0
0
0
0
0.0249939
0.0249939
0.0249939
0.0249939
0.0249939
0.0290833
0.0290833
0.0290833
0.0290833
0.0290833
0.0285645
0.0285645
0.0285645
0.0285645
0.0285645
0.0247803
0.0247803
0.0247803
0.0247803
0.0247803
0
0
0
0
0
0
0
0
0
0
0
0
0
0
0
0
0
0
0
0
-0.0228577
-0.0228577
-0.0228577
-0.0228577
-0.0228577
-0.0343323
-0.0343323
-0.0343323
-0.0343323
-0.0343323
-0.0352783
-0.0352783
-0.0352783
-0.0352783
-0.0352783
-0.0324707
-0.0324707
-0.0324707
-0.0324707
-0.0324707
-0.0222168
-0.0222168
-0.0222168
-0.0222168
-0.0222168
0
0
0
0
0
0
0
0
0
0
0
0
0
0
0
0.0232849
0.0232849
0.0232849
0.0232849
0.0232849
0.0270386
0.0270386
0.0270386
0.0270386
0.0270386
0.0289612
0.0289612
0.0289612
0.0289612
0.0289612
0.0257263
0.0257263
0.0257263
0.0257263
0.0257263
0.0224915
0.0224915
0.0224915
0.0224915
0.0224915
0
0
0
0
0
0
0
0
0
0
0
0
0
0
0
0
0
0
0
0
-0.0289917
-0.0289917
-0.0289917
-0.0289917
-0.0289917
-0.0350037
-0.0350037
-0.0350037
-0.0350037
-0.0350037
-0.0352478
-0.0352478
-0.0352478
-0.0352478
-0.0352478
-0.0264587
-0.0264587
-0.0264587
-0.0264587
-0.0264587
0
0
0
0
0
0
0
0
0
0
0
0
0
0
0
0
0
0
0
0
0.0247803
0.0247803
0.0247803
0.0247803
0.0247803
0.0285645
0.0285645
0.0285645
0.0285645
0.0285645
0.0279846
0.0279846
0.0279846
0.0279846
0.0279846
0.0238953
0.0238953
0.0238953
0.0238953
0.0238953
0
0
0
0
0
0
0
0
0
0
0
0
0
0
0
0
0
0
0
0
-0.0253906
-0.0253906
-0.0253906
-0.0253906
-0.0253906
-0.0337524
-0.0337524
-0.0337524
-0.0337524
-0.0337524
-0.03479
-0.03479
-0.03479
-0.03479
-0.03479
-0.0300598
-0.0300598
-0.0300598
-0.0300598
-0.0300598
0
0
0
0
0
0
0
0
0
0
0
0
0
0
0
0
0
0
0
0
0.0219116
0.0219116
0.0219116
0.0219116
0.0219116
0.0269775
0.0269775
0.0269775
0.0269775
0.0269775
0.0274658
0.0274658
0.0274658
0.0274658
0.0274658
0.025238
0.025238
0.025238
0.025238
0.025238
0
0
0
0
0
0
0
0
0
0
0
0
0
0
0
0
0
0
0
0
-0.0215759
-0.0215759
-0.0215759
-0.0215759
-0.0215759
-0.0308838
-0.0308838
-0.0308838
-0.0308838
-0.0308838
-0.0334778
-0.0334778
-0.0334778
-0.0334778
-0.0334778
-0.0310669
-0.0310669
-0.0310669
-0.0310669
-0.0310669
-0.0226746
-0.0226746
-0.0226746
-0.0226746
-0.0226746
0
0
0
0
0
0
0
0
0
0
0
0
0
0
0
0
0
0
0
0
0.0256958
0.0256958
0.0256958
0.0256958
0.0256958
0.0278015
0.0278015
0.0278015
0.0278015
0.0278015
0.0254517
0.0254517
0.0254517
0.0254517
0.0254517
0
0
0
0
0
0
0
0
0
0
0
0
0
0
0
0
0
0
0
0
0
0
0
0
0
-0.0278015
-0.0278015
-0.0278015
-0.0278015
-0.0278015
-0.0310974
-0.0310974
-0.0310974
-0.0310974
-0.0310974
-0.0308533
-0.0308533
-0.0308533
-0.0308533
-0.0308533
-0.0235291
-0.0235291
-0.0235291
-0.0235291
-0.0235291
0
0
0
0
0
0
0
0
0
0
0
0
0
0
0
0
0
0
0
0
0.0236206
0.0236206
0.0236206
0.0236206
0.0236206
0.0264282
0.0264282
0.0264282
0.0264282
0.0264282
0.0252686
0.0252686
0.0252686
0.0252686
0.0252686
0.0218506
0.0218506
0.0218506
0.0218506
0.0218506
0
0
0
0
0
0
0
0
0
0
0
0
0
0
0
0
0
0
0
0
-0.0244446
-0.0244446
-0.0244446
-0.0244446
-0.0244446
-0.0289001
-0.0289001
-0.0289001
-0.0289001
-0.0289001
-0.0291748
-0.0291748
-0.0291748
-0.0291748
-0.0291748
-0.0232544
-0.0232544
-0.0232544
-0.0232544
-0.0232544
0
0
0
0
0
0
0
0
0
0
0
0
0
0
0
0
0
0
0
0
0.0211182
0.0211182
0.0211182
0.0211182
0.0211182
0.025116
0.025116
0.025116
0.025116
0.025116
0.0250244
0.0250244
0.0250244
0.0250244
0.0250244
0.0213318
0.0213318
0.0213318
0.0213318
0.0213318
0
0
0
0
0
0
0
0
0
0
0
0
0
0
0
0
0
0
0
0
0
0
0
0
0
-0.0254517
-0.0254517
-0.0254517
-0.0254517
-0.0254517
-0.0263977
-0.0263977
-0.0263977
-0.0263977
-0.0263977
-0.0235596
-0.0235596
-0.0235596
-0.0235596
-0.0235596
0
0
0
0
0
0
0
0
0
0
0
0
0
0
0
0
0
0
0
0
0
0
0
0
0
0.0234375
0.0234375
0.0234375
0.0234375
0.0234375
0.024231
0.024231
0.024231
0.024231
0.024231
0
0
0
0
0
0
0
0
0
0
0
0
0
0
0
0
0
0
0
0
0
0
0
0
0
0
0
0
0
0
-0.022644
-0.022644
-0.022644
-0.022644
-0.022644
-0.024231
-0.024231
-0.024231
-0.024231
-0.024231
-0.0223999
-0.0223999
-0.0223999
-0.0223999
-0.0223999
0
0
0
0
0
0
0
0
0
0
0
0
0
0
0
0
0
0
0
0
0
0
0
0
0
0
0
0
0
0
0.0213928
0.0213928
0.0213928
0.0213928
0.0213928
0
0
0
0
0
0
0
0
0
0
0
0
0
0
0
0
0
0
0
0
0
0
0
0
0
0
0
0
0
0
0
0
0
0
0
0
0
0
0
0
0
0
0
0
0
0
0
0
0
0
0
0
0
0
0
0
0
0
0
0
0
0
0
0
0
0
0
0
0
0
0
0
0
0
0
0
0
0
0
0
0
0
0
0
0
0
0
0
0
0
0
0
0
0
0
0
0
0
0
0
0
0
0
0
0
0
0
0
0
0
0
0
0
0
0
0
0
0
0
0
0
0
0
0
0
0
0
0
0
0
0
0
0
0
0
0
0
0
0
0
0
0
0
0
0
0
0
0
0
0
0
0
0
0
0
0
0
0
0
0
0
0
0
0
0
0
0
0
0
0
0
0
0
0
0
0
0
0
0
0
0
0
0
0
0
0
0
0
0
0
0
0
0
0
0
0
0
0
0
0
0
0
0
0
0
0
0
0
0
0
0
0
0
0
0
0
0
0
0
0
0
0
0
0
0
0
0
0
0
0
0
0
0
0
0
0
0
0
0
0
0
0
0
0
0
0
0
0
0
0
0
0
0
0
0
0
0
0
0
0
0
0
0
0
0
0
0
0
0
0
0
0
0
0
0
0
0
0
0
0
0
0
0
0
0
0
0
0
0
0
0
0
0
0
0
0
0
0
0
0
0
0
0
0
0
0
0
0
0
0
0
0
0
0
0
0
0
0
0
0
0
0
0
0
0
0
0
0
0
0
0
0
0
0
0
0
0
0
0
0
0
0
0
0
0
0
0
0
0
0
0
0
0
0
0
0
0
0
0
0
0
0
0
0
0
0
0
0
0
0
0
0
0
0
0
0
0
0
0
0
0
0
0
0
0
0
0
0
0
0
0
0
0
0
0
0
0
0
0
0
0
0
0
0
0
0
0
0
0
0
0
0
0
0
0
0
0
0
0
0
0
0
0
0
0
0
0
0
0
0
0
0
0
0
0
0
0
0
0
0
0
0
0
0
0
0
0
0
0
0
0
0
0
0
0
0
0
0
0
0
0
0
0
0
0
0
0
0
0
0
0
0
0
0
0
0
0
0
0
0
0
0
0
0
0
0
0
0
0
0
0
0
0
0
0
0
0
0
0
0
0
0
0
0
0
0
0
0
0
0
0
0
0
0
0
0
0
0
0
0
0
0
0
0
0
0
0
0
0
0
0
0
0
0
0
0
0
0
0
0
0
0
0
0
0
0
0
0
0
0
0
0
0
0
0
0
0
0
0
0
0
0
0
0
0
0
0
0
0
0
0
0
0
0
0
0
0
0
0
0
0
0
0
0
0
0
0
0
0
0
0
0
0
0
0
0
0
0
0
0
0
0
0
0
0
0
0
0
0
0
0
0
0
0
0
0
0
0
0
0
0
0
0
0
0
0
0
0
0
0
0
0
0
0
0
0
0
0
0
0
0
0
0
0
0
0
0
0
0
0
0
0
0
0
0
0
0
0
0
0
0
0
0
0
0
0
0
0
0
0
0
0
0
0
0
0
0
0
0
0
0
0
0
0
0
0
0
0
0
0
0
0
0
0
0
0
0
0
0
0
0
0
0
0
0
0
0
0
0
0
0
0
0
0
0
0
0
0
0
0
0
0
0
0
0
0
0
0
0
0
0
0
0
0
0
0
0
0
0
0
0
0
0
0
0
0
0
0
0
0
0
0
0
0
0
0
0
0
0
0
0
0
0
0
0
0
0
0
0
0
0
0
0
0
0
0
0
0
0
0
0
0
0
0
0
0
0
0
0
0
0
0
0
0
0
0
0
0
0
0
0
0
0
0
0
0
0
0
0
0
0
0
0
0
0
0
0
0
0
0
0
0
0
0
0
0
0
0
0
0
0.0533752
0.0533752
0.0533752
0.0533752
0.0533752
-0.0668945
-0.0668945
-0.0668945
-0.0668945
-0.0668945
0
0
0
0
0
0
0
0
0
0
-0.0229492
-0.0229492
-0.0229492
-0.0229492
-0.0229492
0
0
0
0
0
0.0278625
0.0278625
0.0278625
0.0278625
0.0278625
0.0215454
0.0215454
0.0215454
0.0215454
0.0215454
0
0
0
0
0
-0.02771
-0.02771
-0.02771
-0.02771
-0.02771
0
0
0
0
0
0
0
0
0
0
0
0
0
0
0
0
0
0
0
0
0
0
0
0
0
0
0
0
0
0
0
0
0
0
0
0
0
0
0
0
0
0
0
0
0
0
0
0
0
0
0
0
0
0
0
0
0
0
0
0
0
0
0
0
0
0
0
0
0
0
0
0
0
0
0
0
0
0
0
0
0
0
0
0
0
0
0
0
0
0
0
0
0
0
0
0
0
0
0
0
0
0
0
0
0
0.0245361
0.0245361
0.0245361
0.0245361
0.0245361
0
0
0
0
0
-0.0280762
-0.0280762
-0.0280762
-0.0280762
-0.0280762
0
0
0
0
0
0
0
0
0
0
0
0
0
0
0
0
0
0
0
0
0
0
0
0
0
0
0
0
0
0
0
0
0
0
0
0
0
0
0
0
0
0
0
0
0
0
0
0
0
0
0
0
0
0
0
0.0279236
0.0279236
0.0279236
0.0279236
0.0279236
0
0
0
0
0
0
0
0
0
0
0
0
0
0
0
0
0
0
0
0
0
0
0
0
0
0
0
0
0
0
0
0
0
0
0
0
0
0
0
0
0
0
0
0
0
0
0
0
0
0
0
0
0
0
0
0
0
0
0
0
0
0
0
0
0
0
0
0
0
0
0
0
0
0
0
0
0
0
0
0
0
0
0
0
0
0
0
0
0
0
0
0
0
0
0
0
0
0
0
0
0
0
0
0
0
0
0
0
0
0
0
0
0
0
0
0
0
0
0
0
0
0
0
0
0
0
0
0
0
0
0
0
0
0
0
0
0
0
0
0
0
0
0
0
0
0
0
0
0
0
0
0
0
0
0
0
0
0
0
0
0
0
0
0
0
0
0
0
0
0
0
0
0
0
0
0
0
0
0
0
0
0
0
0
0
0
0
0
0
0
0
0
0
0
0
0
0
0
0
0
0
0
0
0
0
0
0
0
0
0
0
0
0
0
0
0
0
0
0
0
0
0
0
0
0
0
0
0
0
0
0
0
0
0
0
-0.0220337
-0.0220337
-0.0220337
-0.0220337
-0.0220337
0
0
0
0
0
0
0
0
0
0
0
0
0
0
0
0
0
0
0
0
0
0
0
0
0
0
0
0
0
0
0
0
0
0
0
0
0
0
0
0
0
0
0
0
0
0
0
0
0
0
0
0
0
0
0
0
0
0
0
0
0
0
0
0
0
0
0
0
0
0
0.0230408
0.0230408
0.0230408
0.0230408
0.0230408
0
0
0
0
0
0
0
0
0
0
0
0
0
0
0
0
0
0
0
0
0
0
0
0
0
0
0
0
0
0
0
0
0
0
0
0
0
0
0
0
0
0
0
0
0
0
0
0
0
0
0
0
0
0
0
0
0
0
0
0
0
0
0
0
0
0
0
0
0
0
0
0
0
0
0
0
0
0
0
0
0
0
0
0
0
0
0
0
0
0
0
0
0
0
0
0
0
0
0
0
0
0
0
0
0
0
0
0
0
0
0
0
0
0
0
0
0
0
0
0
0
0
0
0
0
0
0
0
0
0
0
0
0
0
0
0
0
0
0
0
0
0
0
0
0
0
0
0
0
0
0
0
0
0
0
0
0
0
0
0
0
0
0
0
0
0
0
0
0
0
0
0
0
0
0
0
0
0
0
0
0
0
0
0
0
0
0
0
0
0
0
0
0
0
0
0
0
0
0
0
0
0
0
0
0
0
0
0
0
0
0
0
0
0
0
0
0
0
0
0
0
0
0
0
0
0
0
0
0
0
0
0
0
0
0
0
0
0
0
0
0
0
0
0
0
0
0
0
0
0
0
0
0
0
0
0
0
0
0
0
0
0
0
0
0
0
0
0
0
0
0
0
0
0
0
0
0
0
0
0
0
0
0
0
0
0
0
0
0
0
0
0
0
0
0
0
0
0
0
0
0
0
0
0
0
0
0
0
0
0
0
0
0
0
0
0
0
0
0
0
0
0
0
0
0
0
0
0
0
0
0
0
0
0
0
0
0
0
0
0
0
0
0
0
0
0
0
0
0
0
0
0
0
0
0
0
0
0
0
0
0
0
0
0
0
0
0
0
0
0
0
0
0
0
0
0
0
0
0
0
0
0
0
0
0
0
0
0
0
0
0
0
0
0
0
0
0
0
0
0
0
0
0
0
0
0
0
0
0
0
0
0
0
0
0
0
0
0
0
0
0
0
0
0
0
0
0
0
0
0
0
0
0
0
0
0
0
0
0
0
0
0
0
0
0
0
0
0
0
0
0
0
0
0
0
0
0
0
0
0
0
0
0
0
0
0
0
0
0
0
0
0
0
0
0
0
0
0
0
0
0
0
0
0
0
0
0
0
0
0
0
0
0
0
0
0
0
0
0
0
0
0
0
0
0
0
0
0
0
0
0
0
0
0
0
0
0
0
0
0
0
0
0
0
0
0
0
0
0
0
0
0
0
0
0
0
0
0
0
0
0
0
0
0
0
0
0
0
0
0
0
0
0
0
0
0
0
0
0
0
0
0
0
0
0
0
0
0
0
0
0
0
0
0
0
0
0
0
0
0
0
0
0
0
0
0
0
0
0
0
0
0
0
0
0
0
0
0
0
0
0
0
0
0
0
0
0
0
0
0
0
0
0
0
0
0
0
0
0
0
0
0
0
0
0
0
0
0
0
0
0
0
0
0
0
0
0
0
0
0
0
0
0
0
0
0
0
0
0
0
0
0
0
0
0
0
0
0
0
0
0
0
0
0
0
0
0
0
0
0
0
0
0
0
0
0
0
0
0
0
0
0
0
0
0
0
0
0
0
0
0
0
0
0
0
0
0
0
0
0
0
0
0
0
0
0
0
0
0
0
0
0
0
0
0
0
0
0
0
0
0
0
0
0
0
0
0
0
0
0
0
0
0
0
0
0
0
0
0
0
0
0
0
0
0
0
0
0
0
0
0
0
0
0
0
0
0
0
0
0
0
0
0
0
0
0
0
0
0
0
0
0
0
0
0
0
0
0
0
0
0
0
0
0
0
0
0
0
0
0
0
0
0
0
0
0
0
0
0
0
0
0
0
0
0
0
0
0
0
0
0
0
0
0
0
0
0
0
0
0
0
0
0
0
0
0
0
0
0
0
0
0
0
0
0
0
0
0
0
0
0
0
0
0
0
0
0
0
0
0
0
0
0
0
0
0
0
0
0
0
0
0
0
0
0
0
0
0
0
0
0
0
0
0
0
0
0
0
0
0
0
0
0
0
0
0
0
0
0
0
0
0
0
0
0
0
0
0
0
0
0
0
0
0
0
0
0
0
0
0
0
0
0
0
0
0
0
0
0
0
0
0
0
0
0
0
0
0
0
0
0
0
0
0
0
0
0
0
0
0
0
0
0
0
0
0
0
0
0
0
0
0
0
0
0
0
0
0
0
0
0
0
0
0
0
0
0
0
0
0
0
0
0
0
0
0
0
0
0
0
0
0
0
0
0
0
0
0
0
0
0
0
0
0
0
0
0
0
0
0
0
0
0
0
0
0
0
0
0
0
0
0
0
0
0
0
0
0
0
0
0
0
0
0
0
0
0
0
0
0
0
0
0
0
0
0
0
0
0
0
0
0
0
0
0
0
0
0
0
0
0
0
0
0
0
0
0
0
0
0
-0.0256653
-0.0256653
-0.0256653
-0.0256653
-0.0256653
0
0
0
0
0
0
0
0
0
0
0
0
0
0
0
0
0
0
0
0
0.0235291
0.0235291
0.0235291
0.0235291
0.0235291
0.0392456
0.0392456
0.0392456
0.0392456
0.0392456
0.0350952
0.0350952
0.0350952
0.0350952
0.0350952
0.0255432
0.0255432
0.0255432
0.0255432
0.0255432
0
0
0
0
0
0
0
0
0
0
0
0
0
0
0
0
0
0
0
0
0
0
0
0
0
-0.0337524
-0.0337524
-0.0337524
-0.0337524
-0.0337524
-0.0239563
-0.0239563
-0.0239563
-0.0239563
-0.0239563
-0.0441284
-0.0441284
-0.0441284
-0.0441284
-0.0441284
-0.0313721
-0.0313721
-0.0313721
-0.0313721
-0.0313721
0
0
0
0
0
0.0439758
0.0439758
0.0439758
0.0439758
0.0439758
0.0671387
0.0671387
0.0671387
0.0671387
0.0671387
0.0317688
0.0317688
0.0317688
0.0317688
0.0317688
0
0
0
0
0
0
0
0
0
0
0
0
0
0
0
0
0
0
0
0
0
0
0
0
0
0
0
0
0
0
0
0
0
0
0
-0.0266113
-0.0266113
-0.0266113
-0.0266113
-0.0266113
-0.0654602
-0.0654602
-0.0654602
-0.0654602
-0.0654602
-0.0583801
-0.0583801
-0.0583801
-0.0583801
-0.0583801
-0.0383911
-0.0383911
-0.0383911
-0.0383911
-0.0383911
0
0
0
0
0
0.0756531
0.0756531
0.0756531
0.0756531
0.0756531
0.0525208
0.0525208
0.0525208
0.0525208
0.0525208
0.0427856
0.0427856
0.0427856
0.0427856
0.0427856
0
0
0
0
0
0
0
0
0
0
0
0
0
0
0
0
0
0
0
0
0.032135
0.032135
0.032135
0.032135
0.032135
0
0
0
0
0
0
0
0
0
0
-0.0264893
-0.0264893
-0.0264893
-0.0264893
-0.0264893
-0.033905
-0.033905
-0.033905
-0.033905
-0.033905
-0.0591125
-0.0591125
-0.0591125
-0.0591125
-0.0591125
-0.0397644
-0.0397644
-0.0397644
-0.0397644
-0.0397644
-0.0370483
-0.0370483
-0.0370483
-0.0370483
-0.0370483
0.0247803
0.0247803
0.0247803
0.0247803
0.0247803
0.0661316
0.0661316
0.0661316
0.0661316
0.0661316
0.0409851
0.0409851
0.0409851
0.0409851
0.0409851
0.0212402
0.0212402
0.0212402
0.0212402
0.0212402
-0.0223694
-0.0223694
-0.0223694
-0.0223694
-0.0223694
0
0
0
0
0
0
0
0
0
0
0.0308838
0.0308838
0.0308838
0.0308838
0.0308838
0
0
0
0
0
0
0
0
0
0
0
0
0
0
0
-0.0217285
-0.0217285
-0.0217285
-0.0217285
-0.0217285
-0.0283813
-0.0283813
-0.0283813
-0.0283813
-0.0283813
-0.0412903
-0.0412903
-0.0412903
-0.0412903
-0.0412903
-0.0458374
-0.0458374
-0.0458374
-0.0458374
-0.0458374
-0.0574951
-0.0574951
-0.0574951
-0.0574951
-0.0574951
0.0441895
0.0441895
0.0441895
0.0441895
0.0441895
0.0592957
0.0592957
0.0592957
0.0592957
0.0592957
0.0533752
0.0533752
0.0533752
0.0533752
0.0533752
0
0
0
0
0
-0.0303345
-0.0303345
-0.0303345
-0.0303345
-0.0303345
0
0
0
0
0
0.025177
0.025177
0.025177
0.025177
0.025177
0.0411377
0.0411377
0.0411377
0.0411377
0.0411377
0
0
0
0
0
0
0
0
0
0
-0.0228271
-0.0228271
-0.0228271
-0.0228271
-0.0228271
0
0
0
0
0
-0.026123
-0.026123
-0.026123
-0.026123
-0.026123
-0.0419312
-0.0419312
-0.0419312
-0.0419312
-0.0419312
-0.0634155
-0.0634155
-0.0634155
-0.0634155
-0.0634155
0
0
0
0
0
0.0490417
0.0490417
0.0490417
0.0490417
0.0490417
0.0558472
0.0558472
0.0558472
0.0558472
0.0558472
0.0221558
0.0221558
0.0221558
0.0221558
0.0221558
-0.032074
-0.032074
-0.032074
-0.032074
-0.032074
0
0
0
0
0
0
0
0
0
0
0.0469666
0.0469666
0.0469666
0.0469666
0.0469666
0.032135
0.032135
0.032135
0.032135
0.032135
0
0
0
0
0
0
0
0
0
0
0
0
0
0
0
0
0
0
0
0
-0.021698
-0.021698
-0.021698
-0.021698
-0.021698
-0.0666504
-0.0666504
-0.0666504
-0.0666504
-0.0666504
-0.0796509
-0.0796509
-0.0796509
-0.0796509
-0.0796509
0.0597229
0.0597229
0.0597229
0.0597229
0.0597229
0.0626221
0.0626221
0.0626221
0.0626221
0.0626221
0.0612488
0.0612488
0.0612488
0.0612488
0.0612488
-0.030365
-0.030365
-0.030365
-0.030365
-0.030365
-0.033844
-0.033844
-0.033844
-0.033844
-0.033844
0
0
0
0
0
0.0466919
0.0466919
0.0466919
0.0466919
0.0466919
0.050415
0.050415
0.050415
0.050415
0.050415
0.0411987
0.0411987
0.0411987
0.0411987
0.0411987
0
0
0
0
0
0
0
0
0
0
0
0
0
0
0
0
0
0
0
0
-0.0253296
-0.0253296
-0.0253296
-0.0253296
-0.0253296
-0.0526428
-0.0526428
-0.0526428
-0.0526428
-0.0526428
-0.0917969
-0.0917969
-0.0917969
-0.0917969
-0.0917969
0.02771
0.02771
0.02771
0.02771
0.02771
0.044281
0.044281
0.044281
0.044281
0.044281
0.0739441
0.0739441
0.0739441
0.0739441
0.0739441
0
0
0
0
0
-0.0249634
-0.0249634
-0.0249634
-0.0249634
-0.0249634
-0.0353088
-0.0353088
-0.0353088
-0.0353088
-0.0353088
0.0388794
0.0388794
0.0388794
0.0388794
0.0388794
0.0499573
0.0499573
0.0499573
0.0499573
0.0499573
0.0627441
0.0627441
0.0627441
0.0627441
0.0627441
0
0
0
0
0
0
0
0
0
0
-0.0298767
-0.0298767
-0.0298767
-0.0298767
-0.0298767
0
0
0
0
0
0
0
0
0
0
0
0
0
0
0
-0.102661
-0.102661
-0.102661
-0.102661
-0.102661
-0.09021
-0.09021
-0.09021
-0.09021
-0.09021
0.0430603
0.0430603
0.0430603
0.0430603
0.0430603
0.0836182
0.0836182
0.0836182
0.0836182
0.0836182
0.073761
0.073761
0.073761
0.073761
0.073761
0
0
0
0
0
-0.049408
-0.049408
-0.049408
-0.049408
-0.049408
0
0
0
0
0
0.0504761
0.0504761
0.0504761
0.0504761
0.0504761
0.0736084
0.0736084
0.0736084
0.0736084
0.0736084
0.0238037
0.0238037
0.0238037
0.0238037
0.0238037
0
0
0
0
0
-0.0333862
-0.0333862
-0.0333862
-0.0333862
-0.0333862
0
0
0
0
0
0
0
0
0
0
0
0
0
0
0
-0.0727539
-0.0727539
-0.0727539
-0.0727539
-0.0727539
-0.106842
-0.106842
-0.106842
-0.106842
-0.106842
0.0401306
0.0401306
0.0401306
0.0401306
0.0401306
0.0333862
0.0333862
0.0333862
0.0333862
0.0333862
0.0884705
0.0884705
0.0884705
0.0884705
0.0884705
0
0
0
0
0
-0.0238037
-0.0238037
-0.0238037
-0.0238037
-0.0238037
-0.0400085
-0.0400085
-0.0400085
-0.0400085
-0.0400085
0.0345459
0.0345459
0.0345459
0.0345459
0.0345459
0.0644226
0.0644226
0.0644226
0.0644226
0.0644226
0.0697021
0.0697021
0.0697021
0.0697021
0.0697021
0
0
0
0
0
-0.0279541
-0.0279541
-0.0279541
-0.0279541
-0.0279541
-0.026123
-0.026123
-0.026123
-0.026123
-0.026123
0
0
0
0
0
0
0
0
0
0
-0.0376587
-0.0376587
-0.0376587
-0.0376587
-0.0376587
-0.091095
-0.091095
-0.091095
-0.091095
-0.091095
-0.0965576
-0.0965576
-0.0965576
-0.0965576
-0.0965576
0.0269165
0.0269165
0.0269165
0.0269165
0.0269165
0.0707397
0.0707397
0.0707397
0.0707397
0.0707397
0.0507202
0.0507202
0.0507202
0.0507202
0.0507202
0
0
0
0
0
-0.0363464
-0.0363464
-0.0363464
-0.0363464
-0.0363464
0
0
0
0
0
0.0400391
0.0400391
0.0400391
0.0400391
0.0400391
0.0708008
0.0708008
0.0708008
0.0708008
0.0708008
0.0211792
0.0211792
0.0211792
0.0211792
0.0211792
0
0
0
0
0
-0.0340271
-0.0340271
-0.0340271
-0.0340271
-0.0340271
0
0
0
0
0
0
0
0
0
0
-0.0213318
-0.0213318
-0.0213318
-0.0213318
-0.0213318
-0.0649109
-0.0649109
-0.0649109
-0.0649109
-0.0649109
-0.095459
-0.095459
-0.095459
-0.095459
-0.095459
0
0
0
0
0
0.0372314
0.0372314
0.0372314
0.0372314
0.0372314
0.0810852
0.0810852
0.0810852
0.0810852
0.0810852
0
0
0
0
0
0
0
0
0
0
-0.0222473
-0.0222473
-0.0222473
-0.0222473
-0.0222473
0.0258484
0.0258484
0.0258484
0.0258484
0.0258484
0.0606079
0.0606079
0.0606079
0.0606079
0.0606079
0.0603027
0.0603027
0.0603027
0.0603027
0.0603027
0.0212708
0.0212708
0.0212708
0.0212708
0.0212708
-0.0233154
-0.0233154
-0.0233154
-0.0233154
-0.0233154
-0.0235901
-0.0235901
-0.0235901
-0.0235901
-0.0235901
-0.0218811
-0.0218811
-0.0218811
-0.0218811
-0.0218811
0
0
0
0
0
-0.0384521
-0.0384521
-0.0384521
-0.0384521
-0.0384521
-0.0813293
-0.0813293
-0.0813293
-0.0813293
-0.0813293
-0.0821838
-0.0821838
-0.0821838
-0.0821838
-0.0821838
0
0
0
0
0
0.0580444
0.0580444
0.0580444
0.0580444
0.0580444
0.0292358
0.0292358
0.0292358
0.0292358
0.0292358
0.0232239
0.0232239
0.0232239
0.0232239
0.0232239
0
0
0
0
0
0
0
0
0
0
0.0321655
0.0321655
0.0321655
0.0321655
0.0321655
0.0593567
0.0593567
0.0593567
0.0593567
0.0593567
0.033844
0.033844
0.033844
0.033844
0.033844
0
0
0
0
0
0
0
0
0
0
-0.0267334
-0.0267334
-0.0267334
-0.0267334
-0.0267334
0
0
0
0
0
-0.0308228
-0.0308228
-0.0308228
-0.0308228
-0.0308228
-0.0557556
-0.0557556
-0.0557556
-0.0557556
-0.0557556
-0.080658
-0.080658
-0.080658
-0.080658
-0.080658
0
0
0
0
0
0.0383606
0.0383606
0.0383606
0.0383606
0.0383606
0.0540771
0.0540771
0.0540771
0.0540771
0.0540771
0
0
0
0
0
0
0
0
0
0
0
0
0
0
0
0.0231018
0.0231018
0.0231018
0.0231018
0.0231018
0.0522461
0.0522461
0.0522461
0.0522461
0.0522461
0.0376282
0.0376282
0.0376282
0.0376282
0.0376282
0.0239563
0.0239563
0.0239563
0.0239563
0.0239563
0
0
0
0
0
0
0
0
0
0
-0.025177
-0.025177
-0.025177
-0.025177
-0.025177
-0.0309143
-0.0309143
-0.0309143
-0.0309143
-0.0309143
-0.0489502
-0.0489502
-0.0489502
-0.0489502
-0.0489502
-0.0764771
-0.0764771
-0.0764771
-0.0764771
-0.0764771
0
0
0
0
0
0
0
0
0
0
0.0402832
0.0402832
0.0402832
0.0402832
0.0402832
0
0
0
0
0
0
0
0
0
0
0
0
0
0
0
0
0
0
0
0
0.0396423
0.0396423
0.0396423
0.0396423
0.0396423
0.0366516
0.0366516
0.0366516
0.0366516
0.0366516
0.0315247
0.0315247
0.0315247
0.0315247
0.0315247
0
0
0
0
0
0
0
0
0
0
-0.0244141
-0.0244141
-0.0244141
-0.0244141
-0.0244141
-0.0265503
-0.0265503
-0.0265503
-0.0265503
-0.0265503
-0.0457458
-0.0457458
-0.0457458
-0.0457458
-0.0457458
-0.0582581
-0.0582581
-0.0582581
-0.0582581
-0.0582581
-0.0415039
-0.0415039
-0.0415039
-0.0415039
-0.0415039
0
0
0
0
0
0
0
0
0
0
0
0
0
0
0
0
0
0
0
0
0
0
0
0
0
0.0245667
0.0245667
0.0245667
0.0245667
0.0245667
0
0
0
0
0
0.0292358
0.0292358
0.0292358
0.0292358
0.0292358
0.0228577
0.0228577
0.0228577
0.0228577
0.0228577
0
0
0
0
0
0
0
0
0
0
0
0
0
0
0
0
0
0
0
0
0
0
0
0
0
-0.0281372
-0.0281372
-0.0281372
-0.0281372
-0.0281372
-0.0330505
-0.0330505
-0.0330505
-0.0330505
-0.0330505
-0.0226135
-0.0226135
-0.0226135
-0.0226135
-0.0226135
0
0
0
0
0
0
0
0
0
0
0
0
0
0
0
0
0
0
0
0
0
0
0
0
0
0.0228271
0.0228271
0.0228271
0.0228271
0.0228271
0.0241089
0.0241089
0.0241089
0.0241089
0.0241089
0.0262451
0.0262451
0.0262451
0.0262451
0.0262451
0.0219727
0.0219727
0.0219727
0.0219727
0.0219727
0.0215759
0.0215759
0.0215759
0.0215759
0.0215759
0
0
0
0
0
0
0
0
0
0
0
0
0
0
0
0
0
0
0
0
-0.0306091
-0.0306091
-0.0306091
-0.0306091
-0.0306091
-0.0408936
-0.0408936
-0.0408936
-0.0408936
-0.0408936
-0.0375061
-0.0375061
-0.0375061
-0.0375061
-0.0375061
-0.0312805
-0.0312805
-0.0312805
-0.0312805
-0.0312805
0
0
0
0
0
0
0
0
0
0
0
0
0
0
0
0.0215759
0.0215759
0.0215759
0.0215759
0.0215759
0.0255432
0.0255432
0.0255432
0.0255432
0.0255432
0.0288391
0.0288391
0.0288391
0.0288391
0.0288391
0.0282593
0.0282593
0.0282593
0.0282593
0.0282593
0.0275269
0.0275269
0.0275269
0.0275269
0.0275269
0.0237122
0.0237122
0.0237122
0.0237122
0.0237122
0
0
0
0
0
0
0
0
0
0
0
0
0
0
0
0
0
0
0
0
-0.0345764
-0.0345764
-0.0345764
-0.0345764
-0.0345764
-0.0431519
-0.0431519
-0.0431519
-0.0431519
-0.0431519
-0.0379639
-0.0379639
-0.0379639
-0.0379639
-0.0379639
-0.0294495
-0.0294495
-0.0294495
-0.0294495
-0.0294495
0
0
0
0
0
0
0
0
0
0
0
0
0
0
0
0.0224609
0.0224609
0.0224609
0.0224609
0.0224609
0.0261536
0.0261536
0.0261536
0.0261536
0.0261536
0.0306702
0.0306702
0.0306702
0.0306702
0.0306702
0.0281067
0.0281067
0.0281067
0.0281067
0.0281067
0.0281982
0.0281982
0.0281982
0.0281982
0.0281982
0.0212708
0.0212708
0.0212708
0.0212708
0.0212708
0
0
0
0
0
0
0
0
0
0
0
0
0
0
0
-0.0238037
-0.0238037
-0.0238037
-0.0238037
-0.0238037
-0.0380554
-0.0380554
-0.0380554
-0.0380554
-0.0380554
-0.0422363
-0.0422363
-0.0422363
-0.0422363
-0.0422363
-0.0385132
-0.0385132
-0.0385132
-0.0385132
-0.0385132
-0.0265808
-0.0265808
-0.0265808
-0.0265808
-0.0265808
0
0
0
0
0
0
0
0
0
0
0
0
0
0
0
0.0243225
0.0243225
0.0243225
0.0243225
0.0243225
0.0290833
0.0290833
0.0290833
0.0290833
0.0290833
0.0310974
0.0310974
0.0310974
0.0310974
0.0310974
0.0291748
0.0291748
0.0291748
0.0291748
0.0291748
0.0283813
0.0283813
0.0283813
0.0283813
0.0283813
0
0
0
0
0
0
0
0
0
0
0
0
0
0
0
0
0
0
0
0
-0.0288696
-0.0288696
-0.0288696
-0.0288696
-0.0288696
-0.0415955
-0.0415955
-0.0415955
-0.0415955
-0.0415955
-0.0404663
-0.0404663
-0.0404663
-0.0404663
-0.0404663
-0.0367737
-0.0367737
-0.0367737
-0.0367737
-0.0367737
-0.0211792
-0.0211792
-0.0211792
-0.0211792
-0.0211792
0
0
0
0
0
0
0
0
0
0
0
0
0
0
0
0.0259094
0.0259094
0.0259094
0.0259094
0.0259094
0.0301819
0.0301819
0.0301819
0.0301819
0.0301819
0.0299377
0.0299377
0.0299377
0.0299377
0.0299377
0.0294495
0.0294495
0.0294495
0.0294495
0.0294495
0.0250854
0.0250854
0.0250854
0.0250854
0.0250854
0
0
0
0
0
0
0
0
0
0
0
0
0
0
0
0
0
0
0
0
-0.0333557
-0.0333557
-0.0333557
-0.0333557
-0.0333557
-0.0432129
-0.0432129
-0.0432129
-0.0432129
-0.0432129
-0.0413208
-0.0413208
-0.0413208
-0.0413208
-0.0413208
-0.0332947
-0.0332947
-0.0332947
-0.0332947
-0.0332947
0
0
0
0
0
0
0
0
0
0
0
0
0
0
0
0.0212097
0.0212097
0.0212097
0.0212097
0.0212097
0.02771
0.02771
0.02771
0.02771
0.02771
0.032074
0.032074
0.032074
0.032074
0.032074
0.0302429
0.0302429
0.0302429
0.0302429
0.0302429
0.0292053
0.0292053
0.0292053
0.0292053
0.0292053
0.023407
0.023407
0.023407
0.023407
0.023407
0
0
0
0
0
0
0
0
0
0
0
0
0
0
0
-0.0231934
-0.0231934
-0.0231934
-0.0231934
-0.0231934
-0.0357361
-0.0357361
-0.0357361
-0.0357361
-0.0357361
-0.0427856
-0.0427856
-0.0427856
-0.0427856
-0.0427856
-0.0389709
-0.0389709
-0.0389709
-0.0389709
-0.0389709
-0.0294495
-0.0294495
-0.0294495
-0.0294495
-0.0294495
0
0
0
0
0
0
0
0
0
0
0
0
0
0
0
0.025177
0.025177
0.025177
0.025177
0.025177
0.0286865
0.0286865
0.0286865
0.0286865
0.0286865
0.0323792
0.0323792
0.0323792
0.0323792
0.0323792
0.0297852
0.0297852
0.0297852
0.0297852
0.0297852
0.0282593
0.0282593
0.0282593
0.0282593
0.0282593
0.0218201
0.0218201
0.0218201
0.0218201
0.0218201
0
0
0
0
0
0
0
0
0
0
0
0
0
0
0
-0.026062
-0.026062
-0.026062
-0.026062
-0.026062
-0.0394592
-0.0394592
-0.0394592
-0.0394592
-0.0394592
-0.0423584
-0.0423584
-0.0423584
-0.0423584
-0.0423584
-0.0391541
-0.0391541
-0.0391541
-0.0391541
-0.0391541
-0.0271606
-0.0271606
-0.0271606
-0.0271606
-0.0271606
0
0
0
0
0
0
0
0
0
0
0
0
0
0
0
0.0266418
0.0266418
0.0266418
0.0266418
0.0266418
0.0325317
0.0325317
0.0325317
0.0325317
0.0325317
0.0323792
0.0323792
0.0323792
0.0323792
0.0323792
0.03125
0.03125
0.03125
0.03125
0.03125
0.0267639
0.0267639
0.0267639
0.0267639
0.0267639
0
0
0
0
0
0
0
0
0
0
0
0
0
0
0
0
0
0
0
0
-0.0292969
-0.0292969
-0.0292969
-0.0292969
-0.0292969
-0.0404053
-0.0404053
-0.0404053
-0.0404053
-0.0404053
-0.0421448
-0.0421448
-0.0421448
-0.0421448
-0.0421448
-0.0362244
-0.0362244
-0.0362244
-0.0362244
-0.0362244
-0.0237427
-0.0237427
-0.0237427
-0.0237427
-0.0237427
0
0
0
0
0
0
0
0
0
0
0
0
0
0
0
0.028656
0.028656
0.028656
0.028656
0.028656
0.0331421
0.0331421
0.0331421
0.0331421
0.0331421
0.032135
0.032135
0.032135
0.032135
0.032135
0.0297241
0.0297241
0.0297241
0.0297241
0.0297241
0.0257874
0.0257874
0.0257874
0.0257874
0.0257874
0
0
0
0
0
0
0
0
0
0
0
0
0
0
0
0
0
0
0
0
-0.0317383
-0.0317383
-0.0317383
-0.0317383
-0.0317383
-0.0410156
-0.0410156
-0.0410156
-0.0410156
-0.0410156
-0.0406189
-0.0406189
-0.0406189
-0.0406189
-0.0406189
-0.0329895
-0.0329895
-0.0329895
-0.0329895
-0.0329895
0
0
0
0
0
0
0
0
0
0
0
0
0
0
0
0.0211792
0.0211792
0.0211792
0.0211792
0.0211792
0.0291748
0.0291748
0.0291748
0.0291748
0.0291748
0.0337524
0.0337524
0.0337524
0.0337524
0.0337524
0.0322571
0.0322571
0.0322571
0.0322571
0.0322571
0.0287781
0.0287781
0.0287781
0.0287781
0.0287781
0.0227051
0.0227051
0.0227051
0.0227051
0.0227051
0
0
0
0
0
0
0
0
0
0
0
0
0
0
0
-0.0248718
-0.0248718
-0.0248718
-0.0248718
-0.0248718
-0.0340576
-0.0340576
-0.0340576
-0.0340576
-0.0340576
-0.039032
-0.039032
-0.039032
-0.039032
-0.039032
-0.0361633
-0.0361633
-0.0361633
-0.0361633
-0.0361633
-0.0275269
-0.0275269
-0.0275269
-0.0275269
-0.0275269
0
0
0
0
0
0
0
0
0
0
0
0
0
0
0
0.0257874
0.0257874
0.0257874
0.0257874
0.0257874
0.0319519
0.0319519
0.0319519
0.0319519
0.0319519
0.0334167
0.0334167
0.0334167
0.0334167
0.0334167
0.0300293
0.0300293
0.0300293
0.0300293
0.0300293
0.0257263
0.0257263
0.0257263
0.0257263
0.0257263
0
0
0
0
0
0
0
0
0
0
0
0
0
0
0
0
0
0
0
0
-0.0275269
-0.0275269
-0.0275269
-0.0275269
-0.0275269
-0.0350647
-0.0350647
-0.0350647
-0.0350647
-0.0350647
-0.0369873
-0.0369873
-0.0369873
-0.0369873
-0.0369873
-0.0323486
-0.0323486
-0.0323486
-0.0323486
-0.0323486
-0.0216064
-0.0216064
-0.0216064
-0.0216064
-0.0216064
0
0
0
0
0
0
0
0
0
0
0
0
0
0
0
0.0267944
0.0267944
0.0267944
0.0267944
0.0267944
0.0326843
0.0326843
0.0326843
0.0326843
0.0326843
0.0327148
0.0327148
0.0327148
0.0327148
0.0327148
0.0284729
0.0284729
0.0284729
0.0284729
0.0284729
0.0215149
0.0215149
0.0215149
0.0215149
0.0215149
0
0
0
0
0
0
0
0
0
0
0
0
0
0
0
-0.0217896
-0.0217896
-0.0217896
-0.0217896
-0.0217896
-0.0298462
-0.0298462
-0.0298462
-0.0298462
-0.0298462
-0.0354004
-0.0354004
-0.0354004
-0.0354004
-0.0354004
-0.0344238
-0.0344238
-0.0344238
-0.0344238
-0.0344238
-0.0283813
-0.0283813
-0.0283813
-0.0283813
-0.0283813
0
0
0
0
0
0
0
0
0
0
0
0
0
0
0
0.0213623
0.0213623
0.0213623
0.0213623
0.0213623
0.0283203
0.0283203
0.0283203
0.0283203
0.0283203
0.0328979
0.0328979
0.0328979
0.0328979
0.0328979
0.0315247
0.0315247
0.0315247
0.0315247
0.0315247
0.0254211
0.0254211
0.0254211
0.0254211
0.0254211
0
0
0
0
0
0
0
0
0
0
0
0
0
0
0
0
0
0
0
0
-0.0244446
-0.0244446
-0.0244446
-0.0244446
-0.0244446
-0.0299683
-0.0299683
-0.0299683
-0.0299683
-0.0299683
-0.0332336
-0.0332336
-0.0332336
-0.0332336
-0.0332336
-0.0297241
-0.0297241
-0.0297241
-0.0297241
-0.0297241
-0.0229797
-0.0229797
-0.0229797
-0.0229797
-0.0229797
0
0
0
0
0
0
0
0
0
0
0
0
0
0
0
0.0211487
0.0211487
0.0211487
0.0211487
0.0211487
0.0276184
0.0276184
0.0276184
0.0276184
0.0276184
0.0305481
0.0305481
0.0305481
0.0305481
0.0305481
0.0280762
0.0280762
0.0280762
0.0280762
0.0280762
0.0227356
0.0227356
0.0227356
0.0227356
0.0227356
0
0
0
0
0
0
0
0
0
0
0
0
0
0
0
0
0
0
0
0
-0.0231934
-0.0231934
-0.0231934
-0.0231934
-0.0231934
-0.026886
-0.026886
-0.026886
-0.026886
-0.026886
-0.0263672
-0.0263672
-0.0263672
-0.0263672
-0.0263672
-0.0224609
-0.0224609
-0.0224609
-0.0224609
-0.0224609
0
0
0
0
0
0
0
0
0
0
0
0
0
0
0
0
0
0
0
0
0
0
0
0
0
0.024353
0.024353
0.024353
0.024353
0.024353
0.0254211
0.0254211
0.0254211
0.0254211
0.0254211
0.0216064
0.0216064
0.0216064
0.0216064
0.0216064
0
0
0
0
0
0
0
0
0
0
0
0
0
0
0
0
0
0
0
0
0
0
0
0
0
0
0
0
0
0
-0.0211487
-0.0211487
-0.0211487
-0.0211487
-0.0211487
0
0
0
0
0
0
0
0
0
0
0
0
0
0
0
0
0
0
0
0
0
0
0
0
0
0
0
0
0
0
0
0
0
0
0
0
0
0
0
0
0
0
0
0
0
0
0
0
0
0
0
0
0
0
0
0
0
0
0
0
0
0
0
0
0
0
0
0
0
0
0
0
0
0
0
0
0
0
0
0
0
0
0
0
0
0
0
0
0
0
0
0
0
0
0
0
0
0
0
0
0
0
0
0
0
0
0
0
0
0
0
0
0
0
0
0
0
0
0
0
0
0
0
0
0
0
0
0
0
0
0
0
0
0
0
0
0
0
0
0
0
0
0
0
0
0
0
0
0
0
0
0
0
0
0
0
0
0
0
0
0
0
0
0
0
0
0
0
0
0
0
0
0
0
0
0
0
0
0
0
0
0
0
0
0
0
0
0
0
0
0
0
0
0
0
0
0
0
0
0
0
0
0
0
0
0
0
0
0
0
0
0
0
0
0
0
0
0
0
0
0
0
0
0
0
0
0
0
0
0
0
0
0
0
0
0
0
0
0
0
0
0
0
0
0
0
0
0
0
0
0
0
0
0
0
0
0
0
0
0
0
0
0
0
0
0
0
0
0
0
0
0
0
0
0
0
0
0
0
0
0
0
0
0
0
0
0
0
0
0
0
0
0
0
0
0
0
0
0
0
0
0
0
0
0
0
0
0
0
0
0
0
0
0
0
0
0
0
0
0
0
0
0
0
0
0
0
0
0
0
0
0
0
0
0
0
0
0
0
0
0
0
0
0
0
0
0
0
0
0
0
0
0
0
0
0
0
0
0
0
0
0
0
0
0
0
0
0
0
0
0
0
0
0
0
0
0
0
0
0
0
0
0
0
0
0
0
0
0
0
0
0
0
0
0
0
0
0
0
0
0
0
0
0
0
0
0
0
0
0
0
0
0
0
0
0
0
0
0
0
0
0
0
0
0
0
0
0
0
0
0
0
0
0
0
0
0
0
0
0
0
0
0
0
0
0
0
0
0
0
0
0
0
0
0
0
0
0
0
0
0
0
0
0
0
0
0
0
0
0
0
0
0
0
0
0
0
0
0
0
0
0
0
0
0
0
0
0
0
0
0
0
0
0
0
0
0
0
0
0
0
0
0
0
0
0
0
0
0
0
0
0
0
0
0
0
0
0
0
0
0
0
0
0
0
0
0
0
0
0
0
0
0
0
0
0
0
0
0
0
0
0
0
0
0
0
0
0
0
0
0
0
0
0
0
0
0
0
0
0
0
0
0
0
0
0
0
0
0
0
0
0
0
0
0
0
0
0
0
0
0
0
0
0
0
0
0
0
0
0
0
0
0
0
0
0
0
0
0
0
0
0
0
0
0
0
0
0
0
0
0
0
0
0
0
0
0
0
0
0
0
0
0
0
0
0
0
0
0
0
0
0
0
0
0
0
0
0
0
0
0
0
0
0
0
0
0
0
0
0
0
0
0
0
0
0
0
0
0
0
0
0
0
0
0
0
0
0
0
0
0
0
0
0
0
0
0
0
0
0
0
0
0
0
0
0
0
0
0
0
0
0
0
0
0
0
0
0
0
0
0
0
0
0
0
0
0
0
0
0
0
0
0
0
0
0
0
0
0
0
0
0
0
0
0
0
0
0
0
0
0
0
0
0
0
0
0
0
0
0
0
0
0
0
0
0
0
0
0
0
0
0
0
0
0
0
0
0
0
0
0
0
0
0
0
0
0
0
0
0
0
0
0
0
0
0
0
0
0
0
0
0
0
0
0
0
0
0
0
0
0
0
0
0
0
0
0
0
0
0
0
0
0
0
0
0
0
0
0
0
0
0
0
0
0
0
0
0
0
0
0
0
0
0
0
0
0
0
0
0
0
0
0
0
0
0
0
0
0
0
0
0
0
0
0
0
0
0
0
0
0
0
0
0
0
0
0
0
0
0
0
0
0
0
0
0
0
0
0
0
0
0
0
0
0
0
0
0
0
0
0
0
0
0
0
0
0
0
0
0
0
0
0
0
0
0
0
0
0
0
-0.0302124
-0.0302124
-0.0302124
-0.0302124
-0.0302124
0
0
0
0
0
0
0
0
0
0
0
0
0
0
0
0
0
0
0
0
-0.0261841
-0.0261841
-0.0261841
-0.0261841
-0.0261841
0
0
0
0
0
0
0
0
0
0
0
0
0
0
0
0
0
0
0
0
0.0235291
0.0235291
0.0235291
0.0235291
0.0235291
-0.0334778
-0.0334778
-0.0334778
-0.0334778
-0.0334778
0
0
0
0
0
0
0
0
0
0
0
0
0
0
0
0
0
0
0
0
0
0
0
0
0
0
0
0
0
0
0.0213623
0.0213623
0.0213623
0.0213623
0.0213623
0
0
0
0
0
0
0
0
0
0
0.0474243
0.0474243
0.0474243
0.0474243
0.0474243
0
0
0
0
0
0
0
0
0
0
0
0
0
0
0
0
0
0
0
0
0
0
0
0
0
0
0
0
0
0
0
0
0
0
0
0
0
0
0
0
0
0
0
0
0
0.0224915
0.0224915
0.0224915
0.0224915
0.0224915
0
0
0
0
0
0.0306091
0.0306091
0.0306091
0.0306091
0.0306091
0
0
0
0
0
0.0496216
0.0496216
0.0496216
0.0496216
0.0496216
0
0
0
0
0
-0.0278931
-0.0278931
-0.0278931
-0.0278931
-0.0278931
0.0488892
0.0488892
0.0488892
0.0488892
0.0488892
-0.0519104
-0.0519104
-0.0519104
-0.0519104
-0.0519104
0
0
0
0
0
0
0
0
0
0
-0.0491333
-0.0491333
-0.0491333
-0.0491333
-0.0491333
0
0
0
0
0
0.0433655
0.0433655
0.0433655
0.0433655
0.0433655
-0.0396118
-0.0396118
-0.0396118
-0.0396118
-0.0396118
0
0
0
0
0
0
0
0
0
0
-0.0272217
-0.0272217
-0.0272217
-0.0272217
-0.0272217
0
0
0
0
0
0
0
0
0
0
0
0
0
0
0
0
0
0
0
0
0.026886
0.026886
0.026886
0.026886
0.026886
0
0
0
0
0
-0.0231323
-0.0231323
-0.0231323
-0.0231323
-0.0231323
0
0
0
0
0
0
0
0
0
0
0
0
0
0
0
0
0
0
0
0
0
0
0
0
0
0
0
0
0
0
0
0
0
0
0
0
0
0
0
0
0
0
0
0
0
0
0
0
0
0
0
0
0
0
0
0
0
0
0
0
-0.028717
-0.028717
-0.028717
-0.028717
-0.028717
0
0
0
0
0
0
0
0
0
0
0
0
0
0
0
0
0
0
0
0
0
0
0
0
0
0
0
0
0
0
0
0
0
0
0
-0.0281982
-0.0281982
-0.0281982
-0.0281982
-0.0281982
0
0
0
0
0
0
0
0
0
0
0
0
0
0
0
0
0
0
0
0
0
0
0
0
0
0
0
0
0
0
0
0
0
0
0
0
0
0
0
0
0
0
0
0
0
0
0
0
0
0
0
0
0
0
0
0
0
0
0
0
0
0
0
0
0
0
0
0
0
0
0
0
0
0
0
0
0
0
0
0
0
0
0
0
0
0
0
0
0
0
0
0
0
0
0
0
0
0
0
0
0
0
0
0
0
0
0
0
0
0
0
0
0
0
0
0
0
0
0
0
0
0
0
0
0
0
0
0
0
0
0
0
0
0
0
0
0
0
0
0
0.0227966
0.0227966
0.0227966
0.0227966
0.0227966
0
0
0
0
0
0
0
0
0
0
0
0
0
0
0
0
0
0
0
0
0
0
0
0
0
0.0251465
0.0251465
0.0251465
0.0251465
0.0251465
0
0
0
0
0
0
0
0
0
0
0
0
0
0
0
0
0
0
0
0
0
0
0
0
0
0
0
0
0
0
0
0
0
0
0
0
0
0
0
0
0
0
0
0
0
0
0
0
0
0
-0.0221252
-0.0221252
-0.0221252
-0.0221252
-0.0221252
0
0
0
0
0
0.0212097
0.0212097
0.0212097
0.0212097
0.0212097
0
0
0
0
0
0
0
0
0
0
0
0
0
0
0
0
0
0
0
0
0
0
0
0
0
0
0
0
0
0
0
0
0
0
0
0
0
0
0
0
0
0
0
0
0
0
0
0
0
0
0
0
0
0
0
0
0
0
0
0
0
0
0
0
0
0
0
0
0
0
0
0
0
0
0
0
0
0
0
0
0
0
0
0
0
0
0
0
0
0
0
0
0
0
0
0
0
0
0
0
0
0
0
0
0
0
0
0
0
0
0
0
0
0
0
0
0
0
0
0
0
0
0
0
0
0
0
0
0
0
0
0
0
0
0
0
0
0
0
0
0
0
0
0
0
0
0
0
0
0
0
0
0
0
0
0
0
0
0
0
0
0
0
0
0
0
0
0
0
0
0
0
0
0
0
0
0
0
0
0
0
0
0
0
0
0
0
0
0
0
0
0
0
0
0
0
0
0
0
0
0
0
0
0
0
0
0
0
0
0
0
0
0
0
0
0
0
0
0
0
0
0
0
0
0
0
0
0
0
0
0
0
0
0
0
0
0
0
0
0
0
0
0
0
0
0
0
0
0
0
0
0
0
0
0
0
0
0
0
0
0
0
0
0
0
0
0
0
0
0
0
0
0
0
0
0
0
0
0
0
0
0
0
0
0
0
0
0
0
0
0
0
0
0
0
0
0
0
0
0
0
0
0
0
0
0
0
0
0
0
0
0
0
0
0
0
0
0
0
0
0
0
0
0
0
0
0
0
0
0
0
0
0
0
0
0
0
0
0
0
0
0
0
0
0
0
0
0
0
0
0
0
0
0
0
0
0
0
0
0
0
0
0
0
0
0
0
0
0
0
0
0
0
0
0
0
0
0
0
0
0
0
0
0
0
0
0
0
0
0
0
0
0
0
0
0
0
0
0
0
0
0
0
0
0
0
0
0
0
0
0
0
0
0
0
0
0
0
0
0
0
0
0
0
0
0
0
0
0
0
0
0
0
0
0
0
0
0
0
0
0
0
0
0
0
0
0
0
0
0
0
0
0
0
0
0
0
0
0
0
0
0
0
0
0
0
0
0
0
0
0
0
0
0
0
0
0
0
0
0
0
0
0
0
0
0
0
0
0
0
0
0
0
0
0
0
0
0
0
0
0
0
0
0
0
0
0
0
0
0
0
0
0
0
0
0
0
0
0
0
0
0
0
0
0
0
0
0
0
0
0
0
0
0
0
0
0
0
0
0
0
0
0
0
0
0
0
0
0
0
0
0
0
0
0
0
0
0
0
0
0
0
0
0
0
0
0
0
0
0
0
0
0
0
0
0
0
0
0
0
0
0
0
0
0
0
0
0
0
0
0
0
0
0
0
0
0
0
0
0
0
0
0
0
0
0
0
0
0
0
0
0
0
0
0
0
0
0
0
0
0
0
0
0
0
0
0
0
0
0
0
0
0
0
0
0
0
0
0
0
0
0
0
0
0
0
0
0
0
0
0
0
0
0
0
0
0
0
0
0
0
0
0
0
0
0
0
0
0
0
0
0
0
0
0
0
0
0
0
0
0
0
0
0
0
0
0
0
0
0
0
0
0
0
0
0
0
0
0
0
0
0
0
0
0
0
0
0
0
0
0
0
0
0
0
0
0
0
0
0
0
0
0
0
0
0
0
0
0
0
0
0
0
0
0
0
0
0
0
0
0
0
0
0
0
0
0
0
0
0
0
0
0
0
0
0
0
0
0
0
0
0
0
0
0
0
0
0
0
0
0
0
0
0
0
0
0
0
0
0
0
0
0
0
0
0
0
0
0
0
0
0
0
0
0
0
0
0
0
0
0
0
0
0
0
0
0
0
0
0
0
0
0
0
0
0
0
0
0
0
0
0
0
0
0
0
0
0
0
0
0
0
0
0
0
0
0
0
0
0
0
0
0
0
0
0
0
0
0
0
0
0
0
0
0
0
0
0
0
0
0
0
0
0
0
0
0
0
0
0
0
0
0
0
0
0
0
0
0
0
0
0
0
0
0
0
0
0
0
0
0
0
0
0
0
0
0
0
0
0
0
0
0
0
0
0
0
0
0
0
0
0
0
0
0
0
0
0
0
0
0
0
0
0
0
0
0
0
0
0
0
0
0
0
0
0
0
0
0
0
0
0
0
0
0
0
0
0
0
0
0
0
0
0
0
0
0
0
0
0
0
0
0
0
0
0
0
0
0
0
0
0
0
0
0
0
0
0
0
0
0
0
0
0
0
0
0
0
0
0
0
0
0
0
0
0
0
0
0
0
0
0
0
0
0
0
0
0
0
0
0
0
0
0
0
0
0
0
0
0
0
0
0
0
0
0
0
0
0
0
0
0
0
0
0
0
0
0
0
0
0
0
0
0
0
0
0
0
0
0
0
0
0
0
0
0
0
0
0
0
0
0
0
0
0
0
0
0
0
0
0
0
0
0
0
0
0
0
0
0
0
0
0
0
0
0
0
0
0
0
0
0
0
0
0
0
0
0
0
0
0
0
0
0
0
0
0
0
0
0
0
0
0
0
0
0
0
0
0
0
0
0
0
0
0
0
0
0
0
0
0
0
0
0
0
0
0
0
0
0
0
0
0
0
0
0
0
0
0
0
0
0
0
0
0
0
0
0
0
0
0
0
0
0
0
0
0
0
0
0
0
0
0
0
0
0
0
0
0
0
0
0
0
0
0
0
0
0
0
0
0
0
0
0
0
0
0
0
0
0
0
0
0
0
0
0
0
0
0
0
0
0
0
0
0
0
0
0
0
0
0
0
0
0
0
0
0
0
0
0
0
0
0
0
0
0
0
0
0
0
0
0
0
0
0
0
0
0
0
0
0
0
0
0
0
0
0
0
0
0
0
0
0
0
0
0
0
0
0
0
0
0
0
0
0
0
0
0
0
0
0
0
0
0
0
0
0
0
0
0
0
0
0
0
0
0
0
0
0
0
0
0
0
0
0
0
0
0
0
0
0
0
0
0
0
0
0
0
0
0
0
0
0
0
0
0
0
0
0
0
0
0
0
0
0
0
0
0
0
0
0
0
0
0
0
0
0
0
0
0
0
0
0
0
0
0
0
0
0
0
0
0
0
0
0
0
0
0
0
0
0
0
0
0
0
0
0
0
0
0
0
0
0
0
0
0
0
0
0
0
0
0
0
0
0
0
0
0
0
0
0
0
0
0
0
0
0
0
0
0
0
0
0
0
0
0
0
0
0
0
0
0
0
0
0
0
0
0
0
0
0
0
0
0
0
0
0
0
0
0
0
0
0
0
0
0
0
0
0
0
0
0
0
0
0
0
0
0
0
0
0
0
0
0
0
0
0
0
0
0
0
0
0
0
0
0
0
0
0
0
0
0
0
0
0
0
0
0
0
0
0
0
0
0
0
0
0
0
0
0
0
0
0
0
0
0
0
0
0
0
0
0
0
0
0
0
0
0
0
0
0
0
0
0
0
0
0
0
0
0
0
0
0
0
0
0
0
0
0
0
0
0
0
0
0
0
0
0
0
0
0
0
0
0
0
0
0
0
0
0
0
0
0
0
0
0
0
0
0
0
0
0
0
0
0
0
0
0
0
0
0
0
0
0
0
0
0
0
0
0
0
0
0
0
0
0
0
0
0
0
0
0
0
0
0
0
0
0
0
0
0
0
0
0
0
0
0
0
0
0
0
0
0
0
0
0
0
0
0
0
0
0
0
0
0
0
0
0
0
0
0
0
0
0
0
0
0
0
0
0
0
0
0
0
0
0
0
0
0
0
0
0
0
0
0
0
0
0
0
0
0
0
0
0
0
0
0
0
0
0
0
0
0
0
0
0
0
0
0
0
0
0
0
0
0
0
0
0
0
0
0
0
0
0
0
0
0
0
0
0
0
0
0
0
0
0
0
0
0
0
0
0
0
0
0
0
0
0
0
0
0
0
0
0
0
0
0
0
0
0
0
0
0
0
0
0
0
0
0
0
0
0
0
0
0
0
0
0
0
0
0
0
0
0
0
0
0
0
0
0
0
0
0
0
0
0
0
0
0
0
0
0
0
0
0
0
0
0
0
0
0
0
0
0
0
0
0
0
0
0
0
0
0
0
0
0
0
0
0
0
0
0
0
0
0
0
0
0
0
0
0
0
0
0
0
0
0
0
0
0
0
0
0
0
0
0
0
0
0
0
0
0
0
0
0
0
0
0
0
0
0
0
0
0
0
0
0
0
0
0
0
0
0
0
0
0
0
0
0
0
0
0
0
0
0
0
0
0
0
0
0
0
0
0
0
0
0
0
0
0
0
0
0
0
0
0
0
0
0
0
0
0
0
0
0
0
0
0
0
0
0
0
0
0
0
0
0
0
0
0
0
0
0
0
0
0
0
0
0
0
0
0
0
0
0
0
0
0
0
0
0
0
0
0
0
0
0
0
0
0
0
0
0
0
0
0
0
0
0
0
0
0
0
0
0
0
0
0
0
0
0
0
0
0
0
0
0
0
0
0
0
0
0
0
0
0
0
0
0
0
0
0
0
0
0
0
0
0
0
0
0
0
0
0
0
0
0
0
0
0
0
0
0
0
0
0
0
0
0
0
0
0
0
0
0
0
0
0
0
0
0
0
0
0
0
0
0
0
0
0
0
0
0
0
0
0
0
0
0
0
0
0
0
0
0
0
0
0
0
0
0
0
0
0
0
0
0
0
0
0
0
0
0
0
0
0
0
0
0
0
0
0
0
0
0
0
0
0
0
0
0
0
0
0
0
0
0
0
0
0
0
0
0
0
0
0
0
0
0
0
0
0
0
0
0
0
0
0
0
0
0
0
0
0
0
0
0
0
0
0
0
0
0
0
0
0
0
0
0
0
0
0
0
0
0
0
0
0
0
0
0
0
0
0
0
0
0
0
0
0
0
0
0
0
0
0
0
0
0
0
0
0
0
0
0
0
0
0
0
0
0
0
0
0
0
0
0
0
0
0
0
0
0
0
0
0
0
0
0
0
0
0
0
0
0
0
0
0
0
0
0
0
0
0
0
0
0
0
0
0
0
0
0
0
0
0
0
0
0
0
0
0
0
0
0
0
0
0
0
0
0
0
0
0
0
0
0
0
0
0
0
0
0
0
0
0
0
0
0
0
0
0
0
0
0
0
0
0
0
0
0
0
0
0
0
0
0
0
0
0
0
0
0
0
0
0
0
0
0
0
0
0
0
0
0
0
0
0
0
0
0
0
0
0
0
0
0
0
0
0
0
0
0
0
0
0
0
0
0
0
0
0
0
0
0
0
0
0
0
0
0
0
0
0
0
0
0
0
0
0
0
0
0
0
0
0
0
0
0
0
0
0
0
0
0
0
0
0
0
0
0
0
0
0
0
0
0
0
0
0
0
0
0
0
0
0
0
0
0
0
0
0
0
0
0
0
0
0
0
0
0
0
0
0
0
0
0
0
0
0
0
0
0
0
0
0
0
0
0
0
0
0
0
0
0
0
0
0
0
0
0
0
0
0
0
0
0
0
0
0
0
0
0
0
0
0
0
0
0
0
0
0
0
0
0
0
0
0
0
0
0
0
0
0
0
0
0
0
0
0
0
0
0
0
0
0
0
0
0
0
0
0
0
0
0
0
0
0
0
0
0
0
0
0
0
-0.0294495
-0.0294495
-0.0294495
-0.0294495
-0.0294495
0.0290527
0.0290527
0.0290527
0.0290527
0.0290527
0
0
0
0
0
0
0
0
0
0
-0.0284119
-0.0284119
-0.0284119
-0.0284119
-0.0284119
-0.0279236
-0.0279236
-0.0279236
-0.0279236
-0.0279236
0
0
0
0
0
-0.0275574
-0.0275574
-0.0275574
-0.0275574
-0.0275574
0
0
0
0
0
0
0
0
0
0
0
0
0
0
0
0
0
0
0
0
0
0
0
0
0
0
0
0
0
0
0
0
0
0
0
0.0220032
0.0220032
0.0220032
0.0220032
0.0220032
0
0
0
0
0
0
0
0
0
0
0
0
0
0
0
0
0
0
0
0
0
0
0
0
0
0
0
0
0
0
0
0
0
0
0
0
0
0
0
0
0
0
0
0
0
0
0
0
0
0
0
0
0
0
0
0
0
0
0
0
0
0
0
0
0
0
0
0
0
0
0
0
0
0
0
0
0
0
0
0
0
0
0
0
0
0
0
0
0
0
0.0299988
0.0299988
0.0299988
0.0299988
0.0299988
0
0
0
0
0
0
0
0
0
0
0
0
0
0
0
0
0
0
0
0
0
0
0
0
0
0
0
0
0
0
0
0
0
0
0
0
0
0
0
0
0
0
0
0
0
0
0
0
0
0
0
0
0
0
0
0
0
0
0
0
0
0
0
0
0
0
0
0
0
0
0
0
0
0
0
0
0
0
0
0
0
0
0
0
0
0
0
0
0
0
0
0
0
0
0
0
0
0
0
0
0
0
0
0
0
-0.0267334
-0.0267334
-0.0267334
-0.0267334
-0.0267334
0
0
0
0
0
0
0
0
0
0
0
0
0
0
0
0
0
0
0
0
0
0
0
0
0
0
0
0
0
0
0.0333557
0.0333557
0.0333557
0.0333557
0.0333557
0
0
0
0
0
0
0
0
0
0
0
0
0
0
0
0
0
0
0
0
0
0
0
0
0
0
0
0
0
0
0
0
0
0
0
-0.0278015
-0.0278015
-0.0278015
-0.0278015
-0.0278015
0
0
0
0
0
0
0
0
0
0
0
0
0
0
0
0
0
0
0
0
0
0
0
0
0
0
0
0
0
0
0.0252991
0.0252991
0.0252991
0.0252991
0.0252991
0.0308533
0.0308533
0.0308533
0.0308533
0.0308533
0
0
0
0
0
0
0
0
0
0
0
0
0
0
0
0
0
0
0
0
0
0
0
0
0
0
0
0
0
0
-0.0509644
-0.0509644
-0.0509644
-0.0509644
-0.0509644
0
0
0
0
0
0
0
0
0
0
0
0
0
0
0
-0.0296936
-0.0296936
-0.0296936
-0.0296936
-0.0296936
0
0
0
0
0
0
0
0
0
0
0.0417175
0.0417175
0.0417175
0.0417175
0.0417175
0.0369873
0.0369873
0.0369873
0.0369873
0.0369873
0
0
0
0
0
0
0
0
0
0
0
0
0
0
0
0.0341492
0.0341492
0.0341492
0.0341492
0.0341492
0
0
0
0
0
-0.0360718
-0.0360718
-0.0360718
-0.0360718
-0.0360718
-0.032959
-0.032959
-0.032959
-0.032959
-0.032959
0
0
0
0
0
0
0
0
0
0
-0.0326843
-0.0326843
-0.0326843
-0.0326843
-0.0326843
-0.0395203
-0.0395203
-0.0395203
-0.0395203
-0.0395203
0
0
0
0
0
0
0
0
0
0
0
0
0
0
0
0.0582275
0.0582275
0.0582275
0.0582275
0.0582275
0
0
0
0
0
0
0
0
0
0
0
0
0
0
0
0
0
0
0
0
0
0
0
0
0
0
0
0
0
0
0
0
0
0
0
-0.0224304
-0.0224304
-0.0224304
-0.0224304
-0.0224304
0
0
0
0
0
0
0
0
0
0
0
0
0
0
0
0
0
0
0
0
0
0
0
0
0
0
0
0
0
0
0.0321045
0.0321045
0.0321045
0.0321045
0.0321045
0.0340576
0.0340576
0.0340576
0.0340576
0.0340576
0.0439758
0.0439758
0.0439758
0.0439758
0.0439758
0
0
0
0
0
0
0
0
0
0
0
0
0
0
0
0
0
0
0
0
0
0
0
0
0
-0.0369873
-0.0369873
-0.0369873
-0.0369873
-0.0369873
-0.0408936
-0.0408936
-0.0408936
-0.0408936
-0.0408936
0
0
0
0
0
0
0
0
0
0
-0.0222168
-0.0222168
-0.0222168
-0.0222168
-0.0222168
0
0
0
0
0
0
0
0
0
0
0.0563965
0.0563965
0.0563965
0.0563965
0.0563965
0.0344849
0.0344849
0.0344849
0.0344849
0.0344849
0
0
0
0
0
0
0
0
0
0
0
0
0
0
0
0
0
0
0
0
0
0
0
0
0
0
0
0
0
0
0
0
0
0
0
-0.0289307
-0.0289307
-0.0289307
-0.0289307
-0.0289307
-0.0264587
-0.0264587
-0.0264587
-0.0264587
-0.0264587
0
0
0
0
0
0
0
0
0
0
-0.0496216
-0.0496216
-0.0496216
-0.0496216
-0.0496216
0
0
0
0
0
0.0671082
0.0671082
0.0671082
0.0671082
0.0671082
0.0480652
0.0480652
0.0480652
0.0480652
0.0480652
0
0
0
0
0
0
0
0
0
0
0.0307922
0.0307922
0.0307922
0.0307922
0.0307922
0.0393372
0.0393372
0.0393372
0.0393372
0.0393372
0
0
0
0
0
-0.0270996
-0.0270996
-0.0270996
-0.0270996
-0.0270996
0
0
0
0
0
0
0
0
0
0
-0.03125
-0.03125
-0.03125
-0.03125
-0.03125
-0.0344543
-0.0344543
-0.0344543
-0.0344543
-0.0344543
0
0
0
0
0
0
0
0
0
0
-0.0621338
-0.0621338
-0.0621338
-0.0621338
-0.0621338
0.0284729
0.0284729
0.0284729
0.0284729
0.0284729
0.0657043
0.0657043
0.0657043
0.0657043
0.0657043
0.0588989
0.0588989
0.0588989
0.0588989
0.0588989
-0.0300903
-0.0300903
-0.0300903
-0.0300903
-0.0300903
0
0
0
0
0
0.0353088
0.0353088
0.0353088
0.0353088
0.0353088
0.0334778
0.0334778
0.0334778
0.0334778
0.0334778
0
0
0
0
0
0
0
0
0
0
0
0
0
0
0
0
0
0
0
0
-0.0367432
-0.0367432
-0.0367432
-0.0367432
-0.0367432
-0.0250549
-0.0250549
-0.0250549
-0.0250549
-0.0250549
0
0
0
0
0
-0.0336609
-0.0336609
-0.0336609
-0.0336609
-0.0336609
-0.0509949
-0.0509949
-0.0509949
-0.0509949
-0.0509949
0.0523376
0.0523376
0.0523376
0.0523376
0.0523376
0.058197
0.058197
0.058197
0.058197
0.058197
0.0285034
0.0285034
0.0285034
0.0285034
0.0285034
-0.0310669
-0.0310669
-0.0310669
-0.0310669
-0.0310669
0.0281067
0.0281067
0.0281067
0.0281067
0.0281067
0.0407104
0.0407104
0.0407104
0.0407104
0.0407104
0.0230713
0.0230713
0.0230713
0.0230713
0.0230713
-0.0249634
-0.0249634
-0.0249634
-0.0249634
-0.0249634
0
0
0
0
0
0
0
0
0
0
0
0
0
0
0
-0.0396118
-0.0396118
-0.0396118
-0.0396118
-0.0396118
-0.0411377
-0.0411377
-0.0411377
-0.0411377
-0.0411377
0
0
0
0
0
-0.0285034
-0.0285034
-0.0285034
-0.0285034
-0.0285034
-0.0484924
-0.0484924
-0.0484924
-0.0484924
-0.0484924
0.0621033
0.0621033
0.0621033
0.0621033
0.0621033
0.0462036
0.0462036
0.0462036
0.0462036
0.0462036
0
0
0
0
0
0
0
0
0
0
0.0287476
0.0287476
0.0287476
0.0287476
0.0287476
0.0528259
0.0528259
0.0528259
0.0528259
0.0528259
0
0
0
0
0
0
0
0
0
0
0
0
0
0
0
0
0
0
0
0
-0.0211182
-0.0211182
-0.0211182
-0.0211182
-0.0211182
-0.0344849
-0.0344849
-0.0344849
-0.0344849
-0.0344849
-0.0460815
-0.0460815
-0.0460815
-0.0460815
-0.0460815
0
0
0
0
0
-0.0498047
-0.0498047
-0.0498047
-0.0498047
-0.0498047
0
0
0
0
0
0.065094
0.065094
0.065094
0.065094
0.065094
0
0
0
0
0
0
0
0
0
0
0
0
0
0
0
0.0469666
0.0469666
0.0469666
0.0469666
0.0469666
0.0308228
0.0308228
0.0308228
0.0308228
0.0308228
0
0
0
0
0
0
0
0
0
0
0
0
0
0
0
0
0
0
0
0
0
0
0
0
0
-0.0289001
-0.0289001
-0.0289001
-0.0289001
-0.0289001
-0.0531311
-0.0531311
-0.0531311
-0.0531311
-0.0531311
0
0
0
0
0
-0.0331726
-0.0331726
-0.0331726
-0.0331726
-0.0331726
0
0
0
0
0
0.0710449
0.0710449
0.0710449
0.0710449
0.0710449
0
0
0
0
0
0
0
0
0
0
0
0
0
0
0
0.0467529
0.0467529
0.0467529
0.0467529
0.0467529
0.0219116
0.0219116
0.0219116
0.0219116
0.0219116
0
0
0
0
0
0
0
0
0
0
0
0
0
0
0
0
0
0
0
0
0
0
0
0
0
-0.0282898
-0.0282898
-0.0282898
-0.0282898
-0.0282898
-0.0547485
-0.0547485
-0.0547485
-0.0547485
-0.0547485
0
0
0
0
0
-0.0372925
-0.0372925
-0.0372925
-0.0372925
-0.0372925
0
0
0
0
0
0.0640259
0.0640259
0.0640259
0.0640259
0.0640259
0
0
0
0
0
0
0
0
0
0
0
0
0
0
0
0.0519714
0.0519714
0.0519714
0.0519714
0.0519714
0
0
0
0
0
0
0
0
0
0
0
0
0
0
0
0
0
0
0
0
0
0
0
0
0
0
0
0
0
0
0
0
0
0
0
-0.0637207
-0.0637207
-0.0637207
-0.0637207
-0.0637207
0
0
0
0
0
-0.0299072
-0.0299072
-0.0299072
-0.0299072
-0.0299072
0.0449219
0.0449219
0.0449219
0.0449219
0.0449219
0.0448914
0.0448914
0.0448914
0.0448914
0.0448914
-0.0426025
-0.0426025
-0.0426025
-0.0426025
-0.0426025
0.0276184
0.0276184
0.0276184
0.0276184
0.0276184
0
0
0
0
0
0.0644836
0.0644836
0.0644836
0.0644836
0.0644836
0
0
0
0
0
0
0
0
0
0
0
0
0
0
0
0
0
0
0
0
0
0
0
0
0
-0.0375366
-0.0375366
-0.0375366
-0.0375366
-0.0375366
0
0
0
0
0
-0.0712891
-0.0712891
-0.0712891
-0.0712891
-0.0712891
-0.0309448
-0.0309448
-0.0309448
-0.0309448
-0.0309448
-0.033905
-0.033905
-0.033905
-0.033905
-0.033905
0.0866699
0.0866699
0.0866699
0.0866699
0.0866699
0
0
0
0
0
-0.0600586
-0.0600586
-0.0600586
-0.0600586
-0.0600586
0.0341492
0.0341492
0.0341492
0.0341492
0.0341492
0.0423584
0.0423584
0.0423584
0.0423584
0.0423584
0.0608521
0.0608521
0.0608521
0.0608521
0.0608521
-0.0443726
-0.0443726
-0.0443726
-0.0443726
-0.0443726
0
0
0
0
0
0.0279541
0.0279541
0.0279541
0.0279541
0.0279541
0
0
0
0
0
0
0
0
0
0
-0.0241394
-0.0241394
-0.0241394
-0.0241394
-0.0241394
0
0
0
0
0
-0.0699158
-0.0699158
-0.0699158
-0.0699158
-0.0699158
-0.057251
-0.057251
-0.057251
-0.057251
-0.057251
0
0
0
0
0
0.102417
0.102417
0.102417
0.102417
0.102417
-0.0263977
-0.0263977
-0.0263977
-0.0263977
-0.0263977
-0.052887
-0.052887
-0.052887
-0.052887
-0.052887
0.0291138
0.0291138
0.0291138
0.0291138
0.0291138
0.0525513
0.0525513
0.0525513
0.0525513
0.0525513
0.0640259
0.0640259
0.0640259
0.0640259
0.0640259
-0.0439758
-0.0439758
-0.0439758
-0.0439758
-0.0439758
0
0
0
0
0
0.0369263
0.0369263
0.0369263
0.0369263
0.0369263
0
0
0
0
0
0
0
0
0
0
-0.0339661
-0.0339661
-0.0339661
-0.0339661
-0.0339661
0
0
0
0
0
-0.0556335
-0.0556335
-0.0556335
-0.0556335
-0.0556335
-0.0650635
-0.0650635
-0.0650635
-0.0650635
-0.0650635
0
0
0
0
0
0.105225
0.105225
0.105225
0.105225
0.105225
-0.0293884
-0.0293884
-0.0293884
-0.0293884
-0.0293884
-0.0448608
-0.0448608
-0.0448608
-0.0448608
-0.0448608
0
0
0
0
0
0.072052
0.072052
0.072052
0.072052
0.072052
0.0559998
0.0559998
0.0559998
0.0559998
0.0559998
-0.0384521
-0.0384521
-0.0384521
-0.0384521
-0.0384521
0
0
0
0
0
0.0296021
0.0296021
0.0296021
0.0296021
0.0296021
0.0273438
0.0273438
0.0273438
0.0273438
0.0273438
0
0
0
0
0
-0.0357666
-0.0357666
-0.0357666
-0.0357666
-0.0357666
0
0
0
0
0
-0.0403442
-0.0403442
-0.0403442
-0.0403442
-0.0403442
-0.0782776
-0.0782776
-0.0782776
-0.0782776
-0.0782776
-0.0419006
-0.0419006
-0.0419006
-0.0419006
-0.0419006
0.113495
0.113495
0.113495
0.113495
0.113495
0
0
0
0
0
-0.0464172
-0.0464172
-0.0464172
-0.0464172
-0.0464172
0
0
0
0
0
0.0619507
0.0619507
0.0619507
0.0619507
0.0619507
0.0670166
0.0670166
0.0670166
0.0670166
0.0670166
-0.0358276
-0.0358276
-0.0358276
-0.0358276
-0.0358276
0
0
0
0
0
0.0317993
0.0317993
0.0317993
0.0317993
0.0317993
0.0227356
0.0227356
0.0227356
0.0227356
0.0227356
0
0
0
0
0
-0.0341187
-0.0341187
-0.0341187
-0.0341187
-0.0341187
0
0
0
0
0
-0.0378723
-0.0378723
-0.0378723
-0.0378723
-0.0378723
-0.0769348
-0.0769348
-0.0769348
-0.0769348
-0.0769348
-0.0688171
-0.0688171
-0.0688171
-0.0688171
-0.0688171
0.123047
0.123047
0.123047
0.123047
0.123047
0
0
0
0
0
-0.0440674
-0.0440674
-0.0440674
-0.0440674
-0.0440674
0
0
0
0
0
0.0436707
0.0436707
0.0436707
0.0436707
0.0436707
0.0588379
0.0588379
0.0588379
0.0588379
0.0588379
-0.0322266
-0.0322266
-0.0322266
-0.0322266
-0.0322266
0
0
0
0
0
0.0344543
0.0344543
0.0344543
0.0344543
0.0344543
0
0
0
0
0
0
0
0
0
0
-0.028717
-0.028717
-0.028717
-0.028717
-0.028717
0
0
0
0
0
-0.0222168
-0.0222168
-0.0222168
-0.0222168
-0.0222168
-0.0772095
-0.0772095
-0.0772095
-0.0772095
-0.0772095
-0.0773926
-0.0773926
-0.0773926
-0.0773926
-0.0773926
0.119995
0.119995
0.119995
0.119995
0.119995
0.094696
0.094696
0.094696
0.094696
0.094696
-0.0985413
-0.0985413
-0.0985413
-0.0985413
-0.0985413
0
0
0
0
0
0.0395508
0.0395508
0.0395508
0.0395508
0.0395508
0.0862122
0.0862122
0.0862122
0.0862122
0.0862122
0
0
0
0
0
-0.0435791
-0.0435791
-0.0435791
-0.0435791
-0.0435791
0.047821
0.047821
0.047821
0.047821
0.047821
0
0
0
0
0
0
0
0
0
0
-0.0344238
-0.0344238
-0.0344238
-0.0344238
-0.0344238
0
0
0
0
0
0
0
0
0
0
-0.0619507
-0.0619507
-0.0619507
-0.0619507
-0.0619507
-0.0834351
-0.0834351
-0.0834351
-0.0834351
-0.0834351
0
0
0
0
0
0.127869
0.127869
0.127869
0.127869
0.127869
-0.0528259
-0.0528259
-0.0528259
-0.0528259
-0.0528259
-0.067688
-0.067688
-0.067688
-0.067688
-0.067688
0.0248108
0.0248108
0.0248108
0.0248108
0.0248108
0.0819092
0.0819092
0.0819092
0.0819092
0.0819092
0.0593567
0.0593567
0.0593567
0.0593567
0.0593567
-0.0415649
-0.0415649
-0.0415649
-0.0415649
-0.0415649
0
0
0
0
0
0.0415955
0.0415955
0.0415955
0.0415955
0.0415955
0
0
0
0
0
0
0
0
0
0
-0.0249329
-0.0249329
-0.0249329
-0.0249329
-0.0249329
0
0
0
0
0
-0.0339355
-0.0339355
-0.0339355
-0.0339355
-0.0339355
-0.0854492
-0.0854492
-0.0854492
-0.0854492
-0.0854492
-0.0613403
-0.0613403
-0.0613403
-0.0613403
-0.0613403
0.118652
0.118652
0.118652
0.118652
0.118652
0.0469666
0.0469666
0.0469666
0.0469666
0.0469666
-0.0675659
-0.0675659
-0.0675659
-0.0675659
-0.0675659
0
0
0
0
0
0.0500793
0.0500793
0.0500793
0.0500793
0.0500793
0.0622864
0.0622864
0.0622864
0.0622864
0.0622864
-0.0256348
-0.0256348
-0.0256348
-0.0256348
-0.0256348
-0.0272217
-0.0272217
-0.0272217
-0.0272217
-0.0272217
0.039856
0.039856
0.039856
0.039856
0.039856
0.0248718
0.0248718
0.0248718
0.0248718
0.0248718
0
0
0
0
0
-0.0356445
-0.0356445
-0.0356445
-0.0356445
-0.0356445
0
0
0
0
0
0
0
0
0
0
-0.0823975
-0.0823975
-0.0823975
-0.0823975
-0.0823975
-0.0675049
-0.0675049
-0.0675049
-0.0675049
-0.0675049
0.0780334
0.0780334
0.0780334
0.0780334
0.0780334
0.128601
0.128601
0.128601
0.128601
0.128601
-0.0863342
-0.0863342
-0.0863342
-0.0863342
-0.0863342
-0.0265808
-0.0265808
-0.0265808
-0.0265808
-0.0265808
0.041626
0.041626
0.041626
0.041626
0.041626
0.0716553
0.0716553
0.0716553
0.0716553
0.0716553
0.0405579
0.0405579
0.0405579
0.0405579
0.0405579
-0.050354
-0.050354
-0.050354
-0.050354
-0.050354
0.0275269
0.0275269
0.0275269
0.0275269
0.0275269
0.0322571
0.0322571
0.0322571
0.0322571
0.0322571
0
0
0
0
0
-0.0252686
-0.0252686
-0.0252686
-0.0252686
-0.0252686
0
0
0
0
0
0
0
0
0
0
-0.0536804
-0.0536804
-0.0536804
-0.0536804
-0.0536804
-0.0784607
-0.0784607
-0.0784607
-0.0784607
-0.0784607
-0.0609436
-0.0609436
-0.0609436
-0.0609436
-0.0609436
0.115265
0.115265
0.115265
0.115265
0.115265
0
0
0
0
0
-0.0635071
-0.0635071
-0.0635071
-0.0635071
-0.0635071
0
0
0
0
0
0.0474854
0.0474854
0.0474854
0.0474854
0.0474854
0.0721741
0.0721741
0.0721741
0.0721741
0.0721741
-0.0374756
-0.0374756
-0.0374756
-0.0374756
-0.0374756
-0.0250244
-0.0250244
-0.0250244
-0.0250244
-0.0250244
0.0419312
0.0419312
0.0419312
0.0419312
0.0419312
0.0217285
0.0217285
0.0217285
0.0217285
0.0217285
0
0
0
0
0
-0.0326538
-0.0326538
-0.0326538
-0.0326538
-0.0326538
0
0
0
0
0
-0.0271912
-0.0271912
-0.0271912
-0.0271912
-0.0271912
-0.0757751
-0.0757751
-0.0757751
-0.0757751
-0.0757751
-0.0644836
-0.0644836
-0.0644836
-0.0644836
-0.0644836
0.0523987
0.0523987
0.0523987
0.0523987
0.0523987
0.104126
0.104126
0.104126
0.104126
0.104126
-0.0536804
-0.0536804
-0.0536804
-0.0536804
-0.0536804
-0.0397644
-0.0397644
-0.0397644
-0.0397644
-0.0397644
0.0350647
0.0350647
0.0350647
0.0350647
0.0350647
0.0653992
0.0653992
0.0653992
0.0653992
0.0653992
0.052002
0.052002
0.052002
0.052002
0.052002
-0.0345154
-0.0345154
-0.0345154
-0.0345154
-0.0345154
0
0
0
0
0
0.035553
0.035553
0.035553
0.035553
0.035553
0
0
0
0
0
0
0
0
0
0
0
0
0
0
0
0
0
0
0
0
-0.0412903
-0.0412903
-0.0412903
-0.0412903
-0.0412903
-0.0823975
-0.0823975
-0.0823975
-0.0823975
-0.0823975
-0.0542908
-0.0542908
-0.0542908
-0.0542908
-0.0542908
0.0817261
0.0817261
0.0817261
0.0817261
0.0817261
0.0877991
0.0877991
0.0877991
0.0877991
0.0877991
-0.0613098
-0.0613098
-0.0613098
-0.0613098
-0.0613098
0
0
0
0
0
0.0423584
0.0423584
0.0423584
0.0423584
0.0423584
0.0604553
0.0604553
0.0604553
0.0604553
0.0604553
0
0
0
0
0
-0.0384521
-0.0384521
-0.0384521
-0.0384521
-0.0384521
0.0376282
0.0376282
0.0376282
0.0376282
0.0376282
0.0354309
0.0354309
0.0354309
0.0354309
0.0354309
0
0
0
0
0
-0.0245361
-0.0245361
-0.0245361
-0.0245361
-0.0245361
-0.0225525
-0.0225525
-0.0225525
-0.0225525
-0.0225525
0
0
0
0
0
-0.05896
-0.05896
-0.05896
-0.05896
-0.05896
-0.0733337
-0.0733337
-0.0733337
-0.0733337
-0.0733337
-0.0397644
-0.0397644
-0.0397644
-0.0397644
-0.0397644
0.0838928
0.0838928
0.0838928
0.0838928
0.0838928
0.04422
0.04422
0.04422
0.04422
0.04422
-0.0643005
-0.0643005
-0.0643005
-0.0643005
-0.0643005
0.0245056
0.0245056
0.0245056
0.0245056
0.0245056
0.0617065
0.0617065
0.0617065
0.0617065
0.0617065
0.0539246
0.0539246
0.0539246
0.0539246
0.0539246
0
0
0
0
0
-0.035675
-0.035675
-0.035675
-0.035675
-0.035675
0.0431824
0.0431824
0.0431824
0.0431824
0.0431824
0.025116
0.025116
0.025116
0.025116
0.025116
0
0
0
0
0
0
0
0
0
0
-0.0219116
-0.0219116
-0.0219116
-0.0219116
-0.0219116
0
0
0
0
0
-0.0631409
-0.0631409
-0.0631409
-0.0631409
-0.0631409
-0.0578918
-0.0578918
-0.0578918
-0.0578918
-0.0578918
-0.0248413
-0.0248413
-0.0248413
-0.0248413
-0.0248413
0.0888062
0.0888062
0.0888062
0.0888062
0.0888062
0
0
0
0
0
-0.0532532
-0.0532532
-0.0532532
-0.0532532
-0.0532532
0.0304871
0.0304871
0.0304871
0.0304871
0.0304871
0.0603943
0.0603943
0.0603943
0.0603943
0.0603943
0.0515137
0.0515137
0.0515137
0.0515137
0.0515137
0
0
0
0
0
-0.0302429
-0.0302429
-0.0302429
-0.0302429
-0.0302429
0.0418701
0.0418701
0.0418701
0.0418701
0.0418701
0
0
0
0
0
0
0
0
0
0
0
0
0
0
0
0
0
0
0
0
-0.0247803
-0.0247803
-0.0247803
-0.0247803
-0.0247803
-0.0692444
-0.0692444
-0.0692444
-0.0692444
-0.0692444
-0.0511475
-0.0511475
-0.0511475
-0.0511475
-0.0511475
0
0
0
0
0
0.0996399
0.0996399
0.0996399
0.0996399
0.0996399
0
0
0
0
0
-0.0609741
-0.0609741
-0.0609741
-0.0609741
-0.0609741
0.0407715
0.0407715
0.0407715
0.0407715
0.0407715
0.0584717
0.0584717
0.0584717
0.0584717
0.0584717
0.0541992
0.0541992
0.0541992
0.0541992
0.0541992
0
0
0
0
0
-0.0284729
-0.0284729
-0.0284729
-0.0284729
-0.0284729
0.0423889
0.0423889
0.0423889
0.0423889
0.0423889
0
0
0
0
0
0
0
0
0
0
-0.0236816
-0.0236816
-0.0236816
-0.0236816
-0.0236816
0
0
0
0
0
-0.0220947
-0.0220947
-0.0220947
-0.0220947
-0.0220947
-0.0700378
-0.0700378
-0.0700378
-0.0700378
-0.0700378
-0.0491638
-0.0491638
-0.0491638
-0.0491638
-0.0491638
-0.0242615
-0.0242615
-0.0242615
-0.0242615
-0.0242615
0.0899353
0.0899353
0.0899353
0.0899353
0.0899353
0.0225525
0.0225525
0.0225525
0.0225525
0.0225525
-0.0544128
-0.0544128
-0.0544128
-0.0544128
-0.0544128
0.0346985
0.0346985
0.0346985
0.0346985
0.0346985
0.0548401
0.0548401
0.0548401
0.0548401
0.0548401
0.0561218
0.0561218
0.0561218
0.0561218
0.0561218
0
0
0
0
0
-0.0411377
-0.0411377
-0.0411377
-0.0411377
-0.0411377
0.040802
0.040802
0.040802
0.040802
0.040802
0
0
0
0
0
0
0
0
0
0
-0.0216675
-0.0216675
-0.0216675
-0.0216675
-0.0216675
0
0
0
0
0
0
0
0
0
0
-0.066803
-0.066803
-0.066803
-0.066803
-0.066803
-0.0517273
-0.0517273
-0.0517273
-0.0517273
-0.0517273
-0.0286865
-0.0286865
-0.0286865
-0.0286865
-0.0286865
0.053833
0.053833
0.053833
0.053833
0.053833
0.0555115
0.0555115
0.0555115
0.0555115
0.0555115
-0.0466919
-0.0466919
-0.0466919
-0.0466919
-0.0466919
0
0
0
0
0
0.0536804
0.0536804
0.0536804
0.0536804
0.0536804
0.0458984
0.0458984
0.0458984
0.0458984
0.0458984
0
0
0
0
0
-0.0318604
-0.0318604
-0.0318604
-0.0318604
-0.0318604
0.02948
0.02948
0.02948
0.02948
0.02948
0.0309753
0.0309753
0.0309753
0.0309753
0.0309753
0
0
0
0
0
0
0
0
0
0
-0.0224609
-0.0224609
-0.0224609
-0.0224609
-0.0224609
0
0
0
0
0
-0.0527954
-0.0527954
-0.0527954
-0.0527954
-0.0527954
-0.0733337
-0.0733337
-0.0733337
-0.0733337
-0.0733337
-0.0318298
-0.0318298
-0.0318298
-0.0318298
-0.0318298
0.0332642
0.0332642
0.0332642
0.0332642
0.0332642
0.0826721
0.0826721
0.0826721
0.0826721
0.0826721
-0.0317383
-0.0317383
-0.0317383
-0.0317383
-0.0317383
0
0
0
0
0
0.0565491
0.0565491
0.0565491
0.0565491
0.0565491
0.0529175
0.0529175
0.0529175
0.0529175
0.0529175
0.030365
0.030365
0.030365
0.030365
0.030365
-0.0330811
-0.0330811
-0.0330811
-0.0330811
-0.0330811
0
0
0
0
0
0.0365295
0.0365295
0.0365295
0.0365295
0.0365295
0
0
0
0
0
-0.0252991
-0.0252991
-0.0252991
-0.0252991
-0.0252991
-0.0226746
-0.0226746
-0.0226746
-0.0226746
-0.0226746
0
0
0
0
0
-0.0424194
-0.0424194
-0.0424194
-0.0424194
-0.0424194
-0.0720215
-0.0720215
-0.0720215
-0.0720215
-0.0720215
-0.0295715
-0.0295715
-0.0295715
-0.0295715
-0.0295715
0
0
0
0
0
0.0917969
0.0917969
0.0917969
0.0917969
0.0917969
0
0
0
0
0
-0.0476685
-0.0476685
-0.0476685
-0.0476685
-0.0476685
0.0418701
0.0418701
0.0418701
0.0418701
0.0418701
0.0445557
0.0445557
0.0445557
0.0445557
0.0445557
0.0462341
0.0462341
0.0462341
0.0462341
0.0462341
0
0
0
0
0
0
0
0
0
0
0.0303955
0.0303955
0.0303955
0.0303955
0.0303955
0
0
0
0
0
0
0
0
0
0
-0.0219727
-0.0219727
-0.0219727
-0.0219727
-0.0219727
0
0
0
0
0
-0.0267334
-0.0267334
-0.0267334
-0.0267334
-0.0267334
-0.0660095
-0.0660095
-0.0660095
-0.0660095
-0.0660095
-0.0431824
-0.0431824
-0.0431824
-0.0431824
-0.0431824
0
0
0
0
0
0.0515747
0.0515747
0.0515747
0.0515747
0.0515747
0.0554504
0.0554504
0.0554504
0.0554504
0.0554504
-0.0435486
-0.0435486
-0.0435486
-0.0435486
-0.0435486
0
0
0
0
0
0.0507812
0.0507812
0.0507812
0.0507812
0.0507812
0.0513611
0.0513611
0.0513611
0.0513611
0.0513611
0.0232239
0.0232239
0.0232239
0.0232239
0.0232239
-0.0284729
-0.0284729
-0.0284729
-0.0284729
-0.0284729
0
0
0
0
0
0.0215454
0.0215454
0.0215454
0.0215454
0.0215454
0
0
0
0
0
-0.0263977
-0.0263977
-0.0263977
-0.0263977
-0.0263977
-0.0262451
-0.0262451
-0.0262451
-0.0262451
-0.0262451
0
0
0
0
0
-0.045105
-0.045105
-0.045105
-0.045105
-0.045105
-0.0686646
-0.0686646
-0.0686646
-0.0686646
-0.0686646
-0.0318604
-0.0318604
-0.0318604
-0.0318604
-0.0318604
0.0221558
0.0221558
0.0221558
0.0221558
0.0221558
0.0812378
0.0812378
0.0812378
0.0812378
0.0812378
0
0
0
0
0
-0.0349731
-0.0349731
-0.0349731
-0.0349731
-0.0349731
0.0426636
0.0426636
0.0426636
0.0426636
0.0426636
0.046936
0.046936
0.046936
0.046936
0.046936
0.04953
0.04953
0.04953
0.04953
0.04953
0
0
0
0
0
-0.024231
-0.024231
-0.024231
-0.024231
-0.024231
0.0314026
0.0314026
0.0314026
0.0314026
0.0314026
0
0
0
0
0
0
0
0
0
0
-0.0309753
-0.0309753
-0.0309753
-0.0309753
-0.0309753
0
0
0
0
0
0
0
0
0
0
-0.0584106
-0.0584106
-0.0584106
-0.0584106
-0.0584106
-0.0516968
-0.0516968
-0.0516968
-0.0516968
-0.0516968
-0.0219116
-0.0219116
-0.0219116
-0.0219116
-0.0219116
0.042572
0.042572
0.042572
0.042572
0.042572
0.0704651
0.0704651
0.0704651
0.0704651
0.0704651
-0.0293579
-0.0293579
-0.0293579
-0.0293579
-0.0293579
0
0
0
0
0
0.0495911
0.0495911
0.0495911
0.0495911
0.0495911
0.0516052
0.0516052
0.0516052
0.0516052
0.0516052
0.0335083
0.0335083
0.0335083
0.0335083
0.0335083
-0.0294495
-0.0294495
-0.0294495
-0.0294495
-0.0294495
0
0
0
0
0
0.0231323
0.0231323
0.0231323
0.0231323
0.0231323
0
0
0
0
0
0
0
0
0
0
-0.0324097
-0.0324097
-0.0324097
-0.0324097
-0.0324097
-0.0226746
-0.0226746
-0.0226746
-0.0226746
-0.0226746
-0.0262146
-0.0262146
-0.0262146
-0.0262146
-0.0262146
-0.0635681
-0.0635681
-0.0635681
-0.0635681
-0.0635681
-0.0410767
-0.0410767
-0.0410767
-0.0410767
-0.0410767
0
0
0
0
0
0.0873108
0.0873108
0.0873108
0.0873108
0.0873108
0.050293
0.050293
0.050293
0.050293
0.050293
-0.0464783
-0.0464783
-0.0464783
-0.0464783
-0.0464783
0
0
0
0
0
0.0505066
0.0505066
0.0505066
0.0505066
0.0505066
0.056366
0.056366
0.056366
0.056366
0.056366
0.0221252
0.0221252
0.0221252
0.0221252
0.0221252
-0.0390625
-0.0390625
-0.0390625
-0.0390625
-0.0390625
0
0
0
0
0
0.027832
0.027832
0.027832
0.027832
0.027832
0
0
0
0
0
-0.022644
-0.022644
-0.022644
-0.022644
-0.022644
-0.03125
-0.03125
-0.03125
-0.03125
-0.03125
0
0
0
0
0
-0.030426
-0.030426
-0.030426
-0.030426
-0.030426
-0.0648804
-0.0648804
-0.0648804
-0.0648804
-0.0648804
-0.0379333
-0.0379333
-0.0379333
-0.0379333
-0.0379333
0
0
0
0
0
0.0861206
0.0861206
0.0861206
0.0861206
0.0861206
0.0316467
0.0316467
0.0316467
0.0316467
0.0316467
-0.0473022
-0.0473022
-0.0473022
-0.0473022
-0.0473022
0
0
0
0
0
0.0542603
0.0542603
0.0542603
0.0542603
0.0542603
0.0513916
0.0513916
0.0513916
0.0513916
0.0513916
0
0
0
0
0
-0.0378723
-0.0378723
-0.0378723
-0.0378723
-0.0378723
0
0
0
0
0
0.0260315
0.0260315
0.0260315
0.0260315
0.0260315
0
0
0
0
0
-0.0305176
-0.0305176
-0.0305176
-0.0305176
-0.0305176
-0.0333862
-0.0333862
-0.0333862
-0.0333862
-0.0333862
0
0
0
0
0
-0.0346069
-0.0346069
-0.0346069
-0.0346069
-0.0346069
-0.0603943
-0.0603943
-0.0603943
-0.0603943
-0.0603943
-0.0406494
-0.0406494
-0.0406494
-0.0406494
-0.0406494
0
0
0
0
0
0.0831299
0.0831299
0.0831299
0.0831299
0.0831299
0.0256348
0.0256348
0.0256348
0.0256348
0.0256348
-0.0372925
-0.0372925
-0.0372925
-0.0372925
-0.0372925
0
0
0
0
0
0.0497131
0.0497131
0.0497131
0.0497131
0.0497131
0.0524902
0.0524902
0.0524902
0.0524902
0.0524902
0
0
0
0
0
-0.0353699
-0.0353699
-0.0353699
-0.0353699
-0.0353699
0
0
0
0
0
0
0
0
0
0
0
0
0
0
0
-0.0285034
-0.0285034
-0.0285034
-0.0285034
-0.0285034
-0.0348816
-0.0348816
-0.0348816
-0.0348816
-0.0348816
-0.0216675
-0.0216675
-0.0216675
-0.0216675
-0.0216675
-0.0357666
-0.0357666
-0.0357666
-0.0357666
-0.0357666
-0.0547485
-0.0547485
-0.0547485
-0.0547485
-0.0547485
-0.0402832
-0.0402832
-0.0402832
-0.0402832
-0.0402832
0
0
0
0
0
0.0791626
0.0791626
0.0791626
0.0791626
0.0791626
0.0233459
0.0233459
0.0233459
0.0233459
0.0233459
-0.0327148
-0.0327148
-0.0327148
-0.0327148
-0.0327148
0
0
0
0
0
0.0444641
0.0444641
0.0444641
0.0444641
0.0444641
0.0516052
0.0516052
0.0516052
0.0516052
0.0516052
0
0
0
0
0
-0.0402832
-0.0402832
-0.0402832
-0.0402832
-0.0402832
0
0
0
0
0
0.0253906
0.0253906
0.0253906
0.0253906
0.0253906
0
0
0
0
0
-0.0229797
-0.0229797
-0.0229797
-0.0229797
-0.0229797
-0.0363159
-0.0363159
-0.0363159
-0.0363159
-0.0363159
0
0
0
0
0
-0.0312195
-0.0312195
-0.0312195
-0.0312195
-0.0312195
-0.0603027
-0.0603027
-0.0603027
-0.0603027
-0.0603027
-0.0369263
-0.0369263
-0.0369263
-0.0369263
-0.0369263
0
0
0
0
0
0.0822754
0.0822754
0.0822754
0.0822754
0.0822754
0.0342102
0.0342102
0.0342102
0.0342102
0.0342102
-0.0328064
-0.0328064
-0.0328064
-0.0328064
-0.0328064
0
0
0
0
0
0.0489502
0.0489502
0.0489502
0.0489502
0.0489502
0.0536194
0.0536194
0.0536194
0.0536194
0.0536194
0
0
0
0
0
-0.0387573
-0.0387573
-0.0387573
-0.0387573
-0.0387573
0
0
0
0
0
0.024292
0.024292
0.024292
0.024292
0.024292
0
0
0
0
0
-0.0222473
-0.0222473
-0.0222473
-0.0222473
-0.0222473
-0.0387878
-0.0387878
-0.0387878
-0.0387878
-0.0387878
-0.0231323
-0.0231323
-0.0231323
-0.0231323
-0.0231323
-0.0275574
-0.0275574
-0.0275574
-0.0275574
-0.0275574
-0.0544434
-0.0544434
-0.0544434
-0.0544434
-0.0544434
-0.044281
-0.044281
-0.044281
-0.044281
-0.044281
0
0
0
0
0
0.0818787
0.0818787
0.0818787
0.0818787
0.0818787
0.0511169
0.0511169
0.0511169
0.0511169
0.0511169
-0.0248718
-0.0248718
-0.0248718
-0.0248718
-0.0248718
0
0
0
0
0
0.0369568
0.0369568
0.0369568
0.0369568
0.0369568
0.0549622
0.0549622
0.0549622
0.0549622
0.0549622
0.0341187
0.0341187
0.0341187
0.0341187
0.0341187
-0.0370483
-0.0370483
-0.0370483
-0.0370483
-0.0370483
0
0
0
0
0
0
0
0
0
0
0
0
0
0
0
0
0
0
0
0
-0.0404663
-0.0404663
-0.0404663
-0.0404663
-0.0404663
-0.0332642
-0.0332642
-0.0332642
-0.0332642
-0.0332642
-0.0271301
-0.0271301
-0.0271301
-0.0271301
-0.0271301
-0.0490417
-0.0490417
-0.0490417
-0.0490417
-0.0490417
-0.0397339
-0.0397339
-0.0397339
-0.0397339
-0.0397339
0
0
0
0
0
0.0682983
0.0682983
0.0682983
0.0682983
0.0682983
0.0626526
0.0626526
0.0626526
0.0626526
0.0626526
0
0
0
0
0
0
0
0
0
0
0
0
0
0
0
0.0493774
0.0493774
0.0493774
0.0493774
0.0493774
0.0506592
0.0506592
0.0506592
0.0506592
0.0506592
0
0
0
0
0
-0.0215149
-0.0215149
-0.0215149
-0.0215149
-0.0215149
0
0
0
0
0
0
0
0
0
0
0
0
0
0
0
-0.030304
-0.030304
-0.030304
-0.030304
-0.030304
-0.0412598
-0.0412598
-0.0412598
-0.0412598
-0.0412598
-0.0300293
-0.0300293
-0.0300293
-0.0300293
-0.0300293
-0.041748
-0.041748
-0.041748
-0.041748
-0.041748
-0.0403748
-0.0403748
-0.0403748
-0.0403748
-0.0403748
0
0
0
0
0
0.0491028
0.0491028
0.0491028
0.0491028
0.0491028
0.059845
0.059845
0.059845
0.059845
0.059845
0
0
0
0
0
0
0
0
0
0
0
0
0
0
0
0.0428467
0.0428467
0.0428467
0.0428467
0.0428467
0.0493469
0.0493469
0.0493469
0.0493469
0.0493469
0
0
0
0
0
-0.0259094
-0.0259094
-0.0259094
-0.0259094
-0.0259094
0
0
0
0
0
0
0
0
0
0
0
0
0
0
0
0
0
0
0
0
-0.0441895
-0.0441895
-0.0441895
-0.0441895
-0.0441895
-0.0370789
-0.0370789
-0.0370789
-0.0370789
-0.0370789
-0.0340271
-0.0340271
-0.0340271
-0.0340271
-0.0340271
-0.0412598
-0.0412598
-0.0412598
-0.0412598
-0.0412598
-0.0310974
-0.0310974
-0.0310974
-0.0310974
-0.0310974
0.0240784
0.0240784
0.0240784
0.0240784
0.0240784
0.0665588
0.0665588
0.0665588
0.0665588
0.0665588
0.0252686
0.0252686
0.0252686
0.0252686
0.0252686
0
0
0
0
0
0
0
0
0
0
0.0252075
0.0252075
0.0252075
0.0252075
0.0252075
0.0540771
0.0540771
0.0540771
0.0540771
0.0540771
0
0
0
0
0
-0.0224915
-0.0224915
-0.0224915
-0.0224915
-0.0224915
0
0
0
0
0
0
0
0
0
0
0
0
0
0
0
0
0
0
0
0
-0.0332947
-0.0332947
-0.0332947
-0.0332947
-0.0332947
-0.0398254
-0.0398254
-0.0398254
-0.0398254
-0.0398254
-0.037262
-0.037262
-0.037262
-0.037262
-0.037262
-0.0425415
-0.0425415
-0.0425415
-0.0425415
-0.0425415
-0.0314636
-0.0314636
-0.0314636
-0.0314636
-0.0314636
0
0
0
0
0
0.0639954
0.0639954
0.0639954
0.0639954
0.0639954
0.057251
0.057251
0.057251
0.057251
0.057251
0
0
0
0
0
0
0
0
0
0
0
0
0
0
0
0.0401917
0.0401917
0.0401917
0.0401917
0.0401917
0.0453491
0.0453491
0.0453491
0.0453491
0.0453491
0
0
0
0
0
0
0
0
0
0
0
0
0
0
0
0
0
0
0
0
0
0
0
0
0
0
0
0
0
0
-0.0368652
-0.0368652
-0.0368652
-0.0368652
-0.0368652
-0.0397034
-0.0397034
-0.0397034
-0.0397034
-0.0397034
-0.0416565
-0.0416565
-0.0416565
-0.0416565
-0.0416565
-0.0381775
-0.0381775
-0.0381775
-0.0381775
-0.0381775
-0.0267334
-0.0267334
-0.0267334
-0.0267334
-0.0267334
0.0325317
0.0325317
0.0325317
0.0325317
0.0325317
0.0584412
0.0584412
0.0584412
0.0584412
0.0584412
0
0
0
0
0
0
0
0
0
0
0
0
0
0
0
0.0247498
0.0247498
0.0247498
0.0247498
0.0247498
0.0508423
0.0508423
0.0508423
0.0508423
0.0508423
0
0
0
0
0
0
0
0
0
0
0
0
0
0
0
0
0
0
0
0
0
0
0
0
0
0
0
0
0
0
-0.0288391
-0.0288391
-0.0288391
-0.0288391
-0.0288391
-0.0411377
-0.0411377
-0.0411377
-0.0411377
-0.0411377
-0.0443115
-0.0443115
-0.0443115
-0.0443115
-0.0443115
-0.0417175
-0.0417175
-0.0417175
-0.0417175
-0.0417175
-0.0272522
-0.0272522
-0.0272522
-0.0272522
-0.0272522
0
0
0
0
0
0.0585632
0.0585632
0.0585632
0.0585632
0.0585632
0.0516968
0.0516968
0.0516968
0.0516968
0.0516968
0
0
0
0
0
0
0
0
0
0
0
0
0
0
0
0.0316772
0.0316772
0.0316772
0.0316772
0.0316772
0.0439148
0.0439148
0.0439148
0.0439148
0.0439148
0
0
0
0
0
0
0
0
0
0
0
0
0
0
0
0
0
0
0
0
0
0
0
0
0
0
0
0
0
0
-0.0315247
-0.0315247
-0.0315247
-0.0315247
-0.0315247
-0.0400085
-0.0400085
-0.0400085
-0.0400085
-0.0400085
-0.0423584
-0.0423584
-0.0423584
-0.0423584
-0.0423584
-0.0380249
-0.0380249
-0.0380249
-0.0380249
-0.0380249
-0.0286255
-0.0286255
-0.0286255
-0.0286255
-0.0286255
0.0219116
0.0219116
0.0219116
0.0219116
0.0219116
0.0566711
0.0566711
0.0566711
0.0566711
0.0566711
0.0327759
0.0327759
0.0327759
0.0327759
0.0327759
0
0
0
0
0
0
0
0
0
0
0
0
0
0
0
0.0391541
0.0391541
0.0391541
0.0391541
0.0391541
0.0283203
0.0283203
0.0283203
0.0283203
0.0283203
0
0
0
0
0
0
0
0
0
0
0
0
0
0
0
0
0
0
0
0
0
0
0
0
0
-0.0228882
-0.0228882
-0.0228882
-0.0228882
-0.0228882
-0.032135
-0.032135
-0.032135
-0.032135
-0.032135
-0.0451355
-0.0451355
-0.0451355
-0.0451355
-0.0451355
-0.0464478
-0.0464478
-0.0464478
-0.0464478
-0.0464478
-0.0339355
-0.0339355
-0.0339355
-0.0339355
-0.0339355
0
0
0
0
0
0.0456543
0.0456543
0.0456543
0.0456543
0.0456543
0.04953
0.04953
0.04953
0.04953
0.04953
0
0
0
0
0
0
0
0
0
0
0
0
0
0
0
0.0234985
0.0234985
0.0234985
0.0234985
0.0234985
0.0385437
0.0385437
0.0385437
0.0385437
0.0385437
0
0
0
0
0
0
0
0
0
0
0
0
0
0
0
0
0
0
0
0
0
0
0
0
0
0
0
0
0
0
-0.0219116
-0.0219116
-0.0219116
-0.0219116
-0.0219116
-0.0401306
-0.0401306
-0.0401306
-0.0401306
-0.0401306
-0.0455933
-0.0455933
-0.0455933
-0.0455933
-0.0455933
-0.0385437
-0.0385437
-0.0385437
-0.0385437
-0.0385437
-0.0265808
-0.0265808
-0.0265808
-0.0265808
-0.0265808
0
0
0
0
0
0.0519104
0.0519104
0.0519104
0.0519104
0.0519104
0.0371704
0.0371704
0.0371704
0.0371704
0.0371704
0
0
0
0
0
0
0
0
0
0
0
0
0
0
0
0.0317688
0.0317688
0.0317688
0.0317688
0.0317688
0.02771
0.02771
0.02771
0.02771
0.02771
0
0
0
0
0
0
0
0
0
0
0
0
0
0
0
0
0
0
0
0
0
0
0
0
0
0
0
0
0
0
-0.0264587
-0.0264587
-0.0264587
-0.0264587
-0.0264587
-0.0401917
-0.0401917
-0.0401917
-0.0401917
-0.0401917
-0.0443726
-0.0443726
-0.0443726
-0.0443726
-0.0443726
-0.0353699
-0.0353699
-0.0353699
-0.0353699
-0.0353699
0
0
0
0
0
0.0322266
0.0322266
0.0322266
0.0322266
0.0322266
0.0508118
0.0508118
0.0508118
0.0508118
0.0508118
0.0282593
0.0282593
0.0282593
0.0282593
0.0282593
0
0
0
0
0
0
0
0
0
0
0
0
0
0
0
0.0308228
0.0308228
0.0308228
0.0308228
0.0308228
0.0232544
0.0232544
0.0232544
0.0232544
0.0232544
0
0
0
0
0
0
0
0
0
0
0
0
0
0
0
0
0
0
0
0
0
0
0
0
0
0
0
0
0
0
-0.0302124
-0.0302124
-0.0302124
-0.0302124
-0.0302124
-0.0406189
-0.0406189
-0.0406189
-0.0406189
-0.0406189
-0.0393066
-0.0393066
-0.0393066
-0.0393066
-0.0393066
-0.0294495
-0.0294495
-0.0294495
-0.0294495
-0.0294495
0
0
0
0
0
0.046814
0.046814
0.046814
0.046814
0.046814
0.0444946
0.0444946
0.0444946
0.0444946
0.0444946
0.0249939
0.0249939
0.0249939
0.0249939
0.0249939
0
0
0
0
0
0
0
0
0
0
0.0215454
0.0215454
0.0215454
0.0215454
0.0215454
0.0271606
0.0271606
0.0271606
0.0271606
0.0271606
0
0
0
0
0
0
0
0
0
0
0
0
0
0
0
0
0
0
0
0
0
0
0
0
0
0
0
0
0
0
-0.0227661
-0.0227661
-0.0227661
-0.0227661
-0.0227661
-0.0318909
-0.0318909
-0.0318909
-0.0318909
-0.0318909
-0.041626
-0.041626
-0.041626
-0.041626
-0.041626
-0.0367126
-0.0367126
-0.0367126
-0.0367126
-0.0367126
0
0
0
0
0
0
0
0
0
0
0.0426025
0.0426025
0.0426025
0.0426025
0.0426025
0.03125
0.03125
0.03125
0.03125
0.03125
0
0
0
0
0
0
0
0
0
0
0
0
0
0
0
0.0229797
0.0229797
0.0229797
0.0229797
0.0229797
0
0
0
0
0
0
0
0
0
0
0
0
0
0
0
0
0
0
0
0
0
0
0
0
0
0
0
0
0
0
0
0
0
0
0
-0.0247498
-0.0247498
-0.0247498
-0.0247498
-0.0247498
-0.035553
-0.035553
-0.035553
-0.035553
-0.035553
-0.0381775
-0.0381775
-0.0381775
-0.0381775
-0.0381775
-0.0316467
-0.0316467
-0.0316467
-0.0316467
-0.0316467
0
0
0
0
0
0.0293274
0.0293274
0.0293274
0.0293274
0.0293274
0.0382996
0.0382996
0.0382996
0.0382996
0.0382996
0.0306396
0.0306396
0.0306396
0.0306396
0.0306396
0
0
0
0
0
0
0
0
0
0
0
0
0
0
0
0
0
0
0
0
0
0
0
0
0
0
0
0
0
0
0
0
0
0
0
0
0
0
0
0
0
0
0
0
0
0
0
0
0
0
-0.0237427
-0.0237427
-0.0237427
-0.0237427
-0.0237427
-0.0263062
-0.0263062
-0.0263062
-0.0263062
-0.0263062
-0.0343323
-0.0343323
-0.0343323
-0.0343323
-0.0343323
-0.0336609
-0.0336609
-0.0336609
-0.0336609
-0.0336609
-0.0271606
-0.0271606
-0.0271606
-0.0271606
-0.0271606
0
0
0
0
0
0.031311
0.031311
0.031311
0.031311
0.031311
0.0323792
0.0323792
0.0323792
0.0323792
0.0323792
0.0286255
0.0286255
0.0286255
0.0286255
0.0286255
0
0
0
0
0
0
0
0
0
0
0
0
0
0
0
0
0
0
0
0
0
0
0
0
0
0
0
0
0
0
0
0
0
0
0
0
0
0
0
0
0
0
0
0
0
0
0
0
0
0
-0.0224915
-0.0224915
-0.0224915
-0.0224915
-0.0224915
-0.0309143
-0.0309143
-0.0309143
-0.0309143
-0.0309143
-0.0351562
-0.0351562
-0.0351562
-0.0351562
-0.0351562
-0.0287476
-0.0287476
-0.0287476
-0.0287476
-0.0287476
-0.0211487
-0.0211487
-0.0211487
-0.0211487
-0.0211487
0
0
0
0
0
0.0266724
0.0266724
0.0266724
0.0266724
0.0266724
0.027832
0.027832
0.027832
0.027832
0.027832
0.0255127
0.0255127
0.0255127
0.0255127
0.0255127
0
0
0
0
0
0
0
0
0
0
0
0
0
0
0
0
0
0
0
0
0
0
0
0
0
0
0
0
0
0
0
0
0
0
0
0
0
0
0
0
0
0
0
0
0
0
0
0
0
0
-0.0229797
-0.0229797
-0.0229797
-0.0229797
-0.0229797
-0.0288391
-0.0288391
-0.0288391
-0.0288391
-0.0288391
-0.0307007
-0.0307007
-0.0307007
-0.0307007
-0.0307007
-0.026062
-0.026062
-0.026062
-0.026062
-0.026062
0
0
0
0
0
0
0
0
0
0
0.0238647
0.0238647
0.0238647
0.0238647
0.0238647
0.0256348
0.0256348
0.0256348
0.0256348
0.0256348
0.024231
0.024231
0.024231
0.024231
0.024231
0
0
0
0
0
0
0
0
0
0
0
0
0
0
0
0
0
0
0
0
0
0
0
0
0
0
0
0
0
0
0
0
0
0
0
0
0
0
0
0
0
0
0
0
0
0
0
0
0
0
-0.0226746
-0.0226746
-0.0226746
-0.0226746
-0.0226746
-0.0287476
-0.0287476
-0.0287476
-0.0287476
-0.0287476
-0.0304565
-0.0304565
-0.0304565
-0.0304565
-0.0304565
-0.0241089
-0.0241089
-0.0241089
-0.0241089
-0.0241089
0
0
0
0
0
0
0
0
0
0
0
0
0
0
0
0.0226746
0.0226746
0.0226746
0.0226746
0.0226746
0.0227356
0.0227356
0.0227356
0.0227356
0.0227356
0
0
0
0
0
0
0
0
0
0
0
0
0
0
0
0
0
0
0
0
0
0
0
0
0
0
0
0
0
0
0
0
0
0
0
0
0
0
0
0
0
0
0
0
0
0
0
0
0
0
-0.0222168
-0.0222168
-0.0222168
-0.0222168
-0.0222168
-0.0221558
-0.0221558
-0.0221558
-0.0221558
-0.0221558
0
0
0
0
0
0
0
0
0
0
0
0
0
0
0
0
0
0
0
0
0
0
0
0
0
0
0
0
0
0
0
0
0
0
0
0
0
0
0
0
0
0
0
0
0
0
0
0
0
0
0
0
0
0
0
0
0
0
0
0
0
0
0
0
0
0
0
0
0
0
0
0
0
0
0
0
0
0
0
0
0
0
0
0
0
0
0
0
0
0
0
0
0
0
0
0
0
0
0
0
-0.0213928
-0.0213928
-0.0213928
-0.0213928
-0.0213928
-0.0216064
-0.0216064
-0.0216064
-0.0216064
-0.0216064
0
0
0
0
0
0
0
0
0
0
0
0
0
0
0
0
0
0
0
0
0
0
0
0
0
0
0
0
0
0
0
0
0
0
0
0
0
0
0
0
0
0
0
0
0
0
0
0
0
0
0
0
0
0
0
0
0
0
0
0
0
0
0
0
0
0
0
0
0
0
0
0
0
0
0
0
0
0
0
0
-0.0241394
-0.0241394
-0.0241394
-0.0241394
-0.0241394
-0.026001
-0.026001
-0.026001
-0.026001
-0.026001
-0.0259705
-0.0259705
-0.0259705
-0.0259705
-0.0259705
0
0
0
0
0
0
0
0
0
0
0
0
0
0
0
0
0
0
0
0
0
0
0
0
0
0
0
0
0
0
0.0233154
0.0233154
0.0233154
0.0233154
0.0233154
0.0221863
0.0221863
0.0221863
0.0221863
0.0221863
0
0
0
0
0
0
0
0
0
0
0
0
0
0
0
0
0
0
0
0
0
0
0
0
0
0
0
0
0
0
0
0
0
0
0
0
0
0
0
0
-0.0251465
-0.0251465
-0.0251465
-0.0251465
-0.0251465
-0.0276489
-0.0276489
-0.0276489
-0.0276489
-0.0276489
-0.0274658
-0.0274658
-0.0274658
-0.0274658
-0.0274658
-0.0215454
-0.0215454
-0.0215454
-0.0215454
-0.0215454
0
0
0
0
0
0
0
0
0
0
0
0
0
0
0
0
0
0
0
0
0
0
0
0
0
0.0238953
0.0238953
0.0238953
0.0238953
0.0238953
0.0231018
0.0231018
0.0231018
0.0231018
0.0231018
0.0214539
0.0214539
0.0214539
0.0214539
0.0214539
0
0
0
0
0
0
0
0
0
0
0
0
0
0
0
0
0
0
0
0
0
0
0
0
0
0
0
0
0
0
0
0
0
0
0
-0.0240479
-0.0240479
-0.0240479
-0.0240479
-0.0240479
-0.0271606
-0.0271606
-0.0271606
-0.0271606
-0.0271606
-0.0267334
-0.0267334
-0.0267334
-0.0267334
-0.0267334
-0.0229797
-0.0229797
-0.0229797
-0.0229797
-0.0229797
0
0
0
0
0
0
0
0
0
0
0
0
0
0
0
0
0
0
0
0
0
0
0
0
0
0.0230408
0.0230408
0.0230408
0.0230408
0.0230408
0.0240784
0.0240784
0.0240784
0.0240784
0.0240784
0.022522
0.022522
0.022522
0.022522
0.022522
0
0
0
0
0
0
0
0
0
0
0
0
0
0
0
0
0
0
0
0
0
0
0
0
0
0
0
0
0
0
0
0
0
0
0
-0.0239868
-0.0239868
-0.0239868
-0.0239868
-0.0239868
-0.0266418
-0.0266418
-0.0266418
-0.0266418
-0.0266418
-0.0286255
-0.0286255
-0.0286255
-0.0286255
-0.0286255
-0.0235596
-0.0235596
-0.0235596
-0.0235596
-0.0235596
0
0
0
0
0
0
0
0
0
0
0
0
0
0
0
0
0
0
0
0
0
0
0
0
0
0.0220032
0.0220032
0.0220032
0.0220032
0.0220032
0.0246582
0.0246582
0.0246582
0.0246582
0.0246582
0.0220337
0.0220337
0.0220337
0.0220337
0.0220337
0.0211792
0.0211792
0.0211792
0.0211792
0.0211792
0
0
0
0
0
0
0
0
0
0
0
0
0
0
0
0
0
0
0
0
0
0
0
0
0
0
0
0
0
0
-0.0224304
-0.0224304
-0.0224304
-0.0224304
-0.0224304
-0.0266418
-0.0266418
-0.0266418
-0.0266418
-0.0266418
-0.0280762
-0.0280762
-0.0280762
-0.0280762
-0.0280762
-0.0264282
-0.0264282
-0.0264282
-0.0264282
-0.0264282
0
0
0
0
0
0
0
0
0
0
0
0
0
0
0
0
0
0
0
0
0
0
0
0
0
0.0219421
0.0219421
0.0219421
0.0219421
0.0219421
0.0241089
0.0241089
0.0241089
0.0241089
0.0241089
0.0229492
0.0229492
0.0229492
0.0229492
0.0229492
0
0
0
0
0
0
0
0
0
0
0
0
0
0
0
0
0
0
0
0
0
0
0
0
0
0
0
0
0
0
0
0
0
0
0
-0.0215149
-0.0215149
-0.0215149
-0.0215149
-0.0215149
-0.0258179
-0.0258179
-0.0258179
-0.0258179
-0.0258179
-0.0274658
-0.0274658
-0.0274658
-0.0274658
-0.0274658
-0.0271606
-0.0271606
-0.0271606
-0.0271606
-0.0271606
0
0
0
0
0
0
0
0
0
0
0
0
0
0
0
0
0
0
0
0
0
0
0
0
0
0
0
0
0
0
0.0231934
0.0231934
0.0231934
0.0231934
0.0231934
0.0230103
0.0230103
0.0230103
0.0230103
0.0230103
0
0
0
0
0
0
0
0
0
0
0
0
0
0
0
0
0
0
0
0
0
0
0
0
0
0
0
0
0
0
0
0
0
0
0
0
0
0
0
0
-0.0249939
-0.0249939
-0.0249939
-0.0249939
-0.0249939
-0.0273438
-0.0273438
-0.0273438
-0.0273438
-0.0273438
-0.0264893
-0.0264893
-0.0264893
-0.0264893
-0.0264893
-0.0212097
-0.0212097
-0.0212097
-0.0212097
-0.0212097
0
0
0
0
0
0
0
0
0
0
0
0
0
0
0
0
0
0
0
0
0
0
0
0
0
0.0239868
0.0239868
0.0239868
0.0239868
0.0239868
0.0235596
0.0235596
0.0235596
0.0235596
0.0235596
0.021759
0.021759
0.021759
0.021759
0.021759
0
0
0
0
0
0
0
0
0
0
0
0
0
0
0
0
0
0
0
0
0
0
0
0
0
0
0
0
0
0
0
0
0
0
0
-0.0243835
-0.0243835
-0.0243835
-0.0243835
-0.0243835
-0.0260925
-0.0260925
-0.0260925
-0.0260925
-0.0260925
-0.0261841
-0.0261841
-0.0261841
-0.0261841
-0.0261841
-0.0217285
-0.0217285
-0.0217285
-0.0217285
-0.0217285
0
0
0
0
0
0
0
0
0
0
0
0
0
0
0
0
0
0
0
0
0
0
0
0
0
0.0226135
0.0226135
0.0226135
0.0226135
0.0226135
0.0235596
0.0235596
0.0235596
0.0235596
0.0235596
0.0216675
0.0216675
0.0216675
0.0216675
0.0216675
0
0
0
0
0
0
0
0
0
0
0
0
0
0
0
0
0
0
0
0
0
0
0
0
0
0
0
0
0
0
0
0
0
0
0
-0.0239258
-0.0239258
-0.0239258
-0.0239258
-0.0239258
-0.026123
-0.026123
-0.026123
-0.026123
-0.026123
-0.0265808
-0.0265808
-0.0265808
-0.0265808
-0.0265808
-0.0218201
-0.0218201
-0.0218201
-0.0218201
-0.0218201
0
0
0
0
0
0
0
0
0
0
0
0
0
0
0
0
0
0
0
0
0
0
0
0
0
0.0224609
0.0224609
0.0224609
0.0224609
0.0224609
0.023407
0.023407
0.023407
0.023407
0.023407
0.0220032
0.0220032
0.0220032
0.0220032
0.0220032
0
0
0
0
0
0
0
0
0
0
0
0
0
0
0
0
0
0
0
0
0
0
0
0
0
0
0
0
0
0
0
0
0
0
0
-0.0244141
-0.0244141
-0.0244141
-0.0244141
-0.0244141
-0.0260925
-0.0260925
-0.0260925
-0.0260925
-0.0260925
-0.0265198
-0.0265198
-0.0265198
-0.0265198
-0.0265198
-0.0225525
-0.0225525
-0.0225525
-0.0225525
-0.0225525
0
0
0
0
0
0
0
0
0
0
0
0
0
0
0
0
0
0
0
0
0
0
0
0
0
0.0216675
0.0216675
0.0216675
0.0216675
0.0216675
0.0235901
0.0235901
0.0235901
0.0235901
0.0235901
0.0217285
0.0217285
0.0217285
0.0217285
0.0217285
0
0
0
0
0
0
0
0
0
0
0
0
0
0
0
0
0
0
0
0
0
0
0
0
0
0
0
0
0
0
0
0
0
0
0
-0.0232544
-0.0232544
-0.0232544
-0.0232544
-0.0232544
-0.026001
-0.026001
-0.026001
-0.026001
-0.026001
-0.0260925
-0.0260925
-0.0260925
-0.0260925
-0.0260925
-0.022644
-0.022644
-0.022644
-0.022644
-0.022644
0
0
0
0
0
0
0
0
0
0
0
0
0
0
0
0
0
0
0
0
0
0
0
0
0
0.0219727
0.0219727
0.0219727
0.0219727
0.0219727
0.0235596
0.0235596
0.0235596
0.0235596
0.0235596
0.0222778
0.0222778
0.0222778
0.0222778
0.0222778
0
0
0
0
0
0
0
0
0
0
0
0
0
0
0
0
0
0
0
0
0
0
0
0
0
0
0
0
0
0
0
0
0
0
0
-0.0227661
-0.0227661
-0.0227661
-0.0227661
-0.0227661
-0.025177
-0.025177
-0.025177
-0.025177
-0.025177
-0.0256348
-0.0256348
-0.0256348
-0.0256348
-0.0256348
-0.022522
-0.022522
-0.022522
-0.022522
-0.022522
0
0
0
0
0
0
0
0
0
0
0
0
0
0
0
0
0
0
0
0
0
0
0
0
0
0.0215149
0.0215149
0.0215149
0.0215149
0.0215149
0.0231628
0.0231628
0.0231628
0.0231628
0.0231628
0.0223694
0.0223694
0.0223694
0.0223694
0.0223694
0
0
0
0
0
0
0
0
0
0
0
0
0
0
0
0
0
0
0
0
0
0
0
0
0
0
0
0
0
0
0
0
0
0
0
-0.0229797
-0.0229797
-0.0229797
-0.0229797
-0.0229797
-0.0248718
-0.0248718
-0.0248718
-0.0248718
-0.0248718
-0.0257568
-0.0257568
-0.0257568
-0.0257568
-0.0257568
-0.0220947
-0.0220947
-0.0220947
-0.0220947
-0.0220947
0
0
0
0
0
0
0
0
0
0
0
0
0
0
0
0
0
0
0
0
0
0
0
0
0
0
0
0
0
0
0.0234375
0.0234375
0.0234375
0.0234375
0.0234375
0.0215149
0.0215149
0.0215149
0.0215149
0.0215149
0
0
0
0
0
0
0
0
0
0
0
0
0
0
0
0
0
0
0
0
0
0
0
0
0
0
0
0
0
0
0
0
0
0
0
-0.0215149
-0.0215149
-0.0215149
-0.0215149
-0.0215149
-0.0243225
-0.0243225
-0.0243225
-0.0243225
-0.0243225
-0.0251465
-0.0251465
-0.0251465
-0.0251465
-0.0251465
-0.0218506
-0.0218506
-0.0218506
-0.0218506
-0.0218506
0
0
0
0
0
0
0
0
0
0
0
0
0
0
0
0
0
0
0
0
0
0
0
0
0
0
0
0
0
0
0.0225525
0.0225525
0.0225525
0.0225525
0.0225525
0.0213928
0.0213928
0.0213928
0.0213928
0.0213928
0
0
0
0
0
0
0
0
0
0
0
0
0
0
0
0
0
0
0
0
0
0
0
0
0
0
0
0
0
0
0
0
0
0
0
-0.0215454
-0.0215454
-0.0215454
-0.0215454
-0.0215454
-0.0232544
-0.0232544
-0.0232544
-0.0232544
-0.0232544
-0.0240173
-0.0240173
-0.0240173
-0.0240173
-0.0240173
0
0
0
0
0
0
0
0
0
0
0
0
0
0
0
0
0
0
0
0
0
0
0
0
0
0
0
0
0
0
0
0
0
0
0
0.0218506
0.0218506
0.0218506
0.0218506
0.0218506
0.0214233
0.0214233
0.0214233
0.0214233
0.0214233
0
0
0
0
0
0
0
0
0
0
0
0
0
0
0
0
0
0
0
0
0
0
0
0
0
0
0
0
0
0
0
0
0
0
0
0
0
0
0
0
-0.0231323
-0.0231323
-0.0231323
-0.0231323
-0.0231323
-0.0234985
-0.0234985
-0.0234985
-0.0234985
-0.0234985
0
0
0
0
0
0
0
0
0
0
0
0
0
0
0
0
0
0
0
0
0
0
0
0
0
0
0
0
0
0
0
0
0
0
0
0.0220947
0.0220947
0.0220947
0.0220947
0.0220947
0.0213928
0.0213928
0.0213928
0.0213928
0.0213928
0
0
0
0
0
0
0
0
0
0
0
0
0
0
0
0
0
0
0
0
0
0
0
0
0
0
0
0
0
0
0
0
0
0
0
-0.0218506
-0.0218506
-0.0218506
-0.0218506
-0.0218506
-0.023407
-0.023407
-0.023407
-0.023407
-0.023407
-0.022522
-0.022522
-0.022522
-0.022522
-0.022522
0
0
0
0
0
0
0
0
0
0
0
0
0
0
0
0
0
0
0
0
0
0
0
0
0
0
0
0
0
0
0.0211487
0.0211487
0.0211487
0.0211487
0.0211487
0.0213623
0.0213623
0.0213623
0.0213623
0.0213623
0
0
0
0
0
0
0
0
0
0
0
0
0
0
0
0
0
0
0
0
0
0
0
0
0
0
0
0
0
0
0
0
0
0
0
0
0
0
0
0
-0.0224304
-0.0224304
-0.0224304
-0.0224304
-0.0224304
-0.0227356
-0.0227356
-0.0227356
-0.0227356
-0.0227356
0
0
0
0
0
0
0
0
0
0
0
0
0
0
0
0
0
0
0
0
0
0
0
0
0
0
0
0
0
0
0
0
0
0
0
0.0216064
0.0216064
0.0216064
0.0216064
0.0216064
0
0
0
0
0
0
0
0
0
0
0
0
0
0
0
0
0
0
0
0
0
0
0
0
0
0
0
0
0
0
0
0
0
0
0
0
0
0
0
0
-0.0214844
-0.0214844
-0.0214844
-0.0214844
-0.0214844
-0.0222778
-0.0222778
-0.0222778
-0.0222778
-0.0222778
0
0
0
0
0
0
0
0
0
0
0
0
0
0
0
0
0
0
0
0
0
0
0
0
0
0
0
0
0
0
0
0
0
0
0
0
0
0
0
0
0
0
0
0
0
0
0
0
0
0
0
0
0
0
0
0
0
0
0
0
0
0
0
0
0
0
0
0
0
0
0
0
0
0
0
0
0
0
0
0
0
0
0
0
0
0
0
0
0
0
0
0
0
0
0
0
0
0
0
0
0
0
0
0
0
0
0
0
0
0
0
0
0
0
0
0
0
0
0
0
0
0
0
0
0
0
0
0
0
0
0
0
0
0
0
0
0
0
0
0
0
0
0
0
0
0
0
0
0
0
0
0
0
0
0
0
0
0
0
0
0
0
0
0
0
0
0
0
0
0
0
0
0
0
0
0
0
0
0
0
0
0
0
0
0
0
0
0
0
0
0
0
0
0
0
0
0
0
0
0
0
0
0
0
0
0
0
0
0
0
0
0
0
0
0
0
0
0
0
0
0
0
0
0
0
0
0
0
0
0
0
0
0
0
0
0
0
0
0
0
0
0
0
0
0
0
0
0
0
0
0
0
0
0
0
0
0
0
0
0
0
0
0
0
0
0
0
0
0
0
0
0
0
0
0
0
0
0
0
0
0
0
0
0
0
0
0
0
0
0
0
0
0
0
0
0
0
0
0
0
0
0
0
0
0
0
0
0
0
0
0
0
0
0
0
0
0
0
0
0
0
0
0
0
0
0
0
0
0
0
0
0
0
0
0
0
0
0
0
0
0
0
0
0
0
0
0
0
0
0
0
0
0
0
0
0
0
0
0
0
0
0
0
0
0
0
0
0
0
0
0
0
0
0
0
0
0
0
0
0
0
0
0
0
0
0
0
0
0
0
0
0
0
0
0
0
0
0
0
0
0
0
0
0
0
0
0
0
0
0
0
0
0
0
0
0
0
0
0
0
0
0
0
0
0
0
0
0
0
0
0
0
0
0
0
0
0
0
0
0
0
0
0
0
0
0
0
0
0
0
0
0
0
0
0
0
0
0
0
0
0
0
0
0
0
0
0
0
0
0
0
0
0
0
0
0
0
0
0
0
0
0
0
0
0
0
0
0
0
0
0
0
0
0
0
0
0
0
0
0
0
0
0
0
0
0
0
0
0
0
0
0
0
0
0
0
0
0
0
0
0
0
0
0
0
0
0
0
0
0
0
0
0
0
0
0
0
0
0
0
0
0
0
0
0
0
0
0
0
0
0
0
0
0
0
0
0
0
0
0
0
0
0
0
0
0
0
0
0
0
0
0
0
0
0
0
0
0
0
0
0
0
0
0
0
0
0
0
0
0
0
0
0
0
0
0
0
0
0
0
0
0
0
0
0
0
0
0
0
0
0
0
0
0
0
0
0
0
0
0
0
0
0
0
0
0
0
0
0
0
0
0
0
0
0
0
0
0
0
0
0
0
0
0
0
0
0
0
0
0
0
0
0
0
0
0
0
0
0
0
0
0
0
0
0
0
0
0
0
0
0
0
0
0
0
0
0
0
0
0
0
0
0
0
0
0
0
0
0
0
0
0
0
0
0
0
0
0
0
0
0
0
0
0
0
0
0
0
0
0
0
0
0
0
0
0
0
0
0
0
0
0
0
0
0
0
0
0
0
0
0
0
0
0
0
0
0
0
0
0
0
0
0
0
0
0
0
0
0
0
0
0
0
0
0
0
0
0
0
0
0
0
0
0
0
0
0
0
0
0
0
0
0
0
0
0
0
0
0
0
0
0
0
0
0
0
0
0
0
0
0
0
0
0
0
0
0
0
0
0
0
0
0
0
0
0
0
0
0
0
0
0
0
0
0
0
0
0
0
0
0
0
0
0
0
0
0
0
0
0
0
0
0
0
0
0
0
0
0
0
0
0
0
0
0
0
0
0
0
0
0
0
0
0
0
0
0
0
0
0
0
0
0
0
0
0
0
0
0
0
0
0
0
0
0
0
0
0
0
0
0
0
0
0
0
0
0
0
0
0
0
0
0
0
0
0
0
0
0
0
0
0
0
0
0
0
0
0
0
0
0
0
0
0
0
0
0
0
0
0
0
0
0
0
0
0
0
0
0
0
0
0
0
0
0
0
0
0
0
0
0
0
0
0
0
0
0
0
0
0
0
0
0
0
0
0
0
0
0
0
0
0
0
0
0
0
0
0
0
0
0
0
0
0
0
0
0
0
0
0
0
0
0
0
0
0
0
0
0
0
0
0
0
0
0
0
0
0
0
0
0
0
0
0
0
0
0
0
0
0
0
0
0
0
0
0
0
0
0
0
0
0
0
0
0
0
0
0
0
0
0
0
0
0
0
0
0
0
0
0
0
0
0
0
0
0
0
0
0
0
0
0
0
0
0
0
0
0
0
0
0
0
0
0
0
0
0
0
0
0
0
0
0
0
0
0
0
0
0
0
0
0
0
0
0
0
0
0
0
0
0
0
0
0
0
0
0
0
0
0
0
0
0
0
0
0
0
0
0
0
0
0
0
0
0
0
0
0
0
0
0
0
0
0
0
0
0
0
0
0
0
0
0
0
0
0
0
0
0
0
0
0
0
0
0
0
0
0
0
0
0
0
0
0
0
0
0
0
0
0
0
0
0
0
0
0
0
0
0
0
0
0
0
0
0
0
0
0
0
0
0
0
0
0
0
0
0
0
0
0
0
0
0
0
0
0
0
0
0
0
0
0
0
0
0
0
0
0
0
0
0
0
0
0
0
0
0
0
0
0
0
0
0
0
0
0
0
0
0
0
0
0
0
0
0
0
0
0
0
0
0
0
0
0
0
0
0
0
0
0
0
0
0
0
0
0
0
0
0
0
0
0
0
0
0
0
0
0
0
0
0
0
0
0
0
0
0
0
0
0
0
0
0
0
0
0
0
0
0
0
0
0
0
0
0
0
0
0
0
0
0
0
0
0
0
0
0
0
0
0
0
0
0
0
0
0
0
0
0
0
0
0
0
0
0
0
0
0
0
0
0
0
0
0
0
0
0
0
0
0
0
0
0
0
0
0
0
0
0
0
0
0
0
0
0
0
0
0
0
0
0
0
0
0
0
0
0
0
0
0
0
0
0
0
0
0
0
0
0
0
0
0
0
0
0
0
0
0
0
0
0
0
0
0
0
0
0
0
0
0
0
0
0
0
0
0
0
0
0
0
0
0
0
0
0
0
0
0
0
0
0
0
0
0
0
0
0
0
0
0
0
0
0
0
0
0
0
0
0
0
0
0
0
0
0
0
0
0
0
0
0
0
0
0
0
0
0
0
0
0
0
0
0
0
0
0
0
0
0
0
0
0
0
0
0
0
0
0
0
0
0
0
0
0
0
0
0
0
0
0
0
0
0
0
0
0
0
0
0
0
0
0
0
0
0
0
0
0
0
0
0
0
0
0
0
0
0
0
0
0
0
0
0
0
0
0
0
0
0
0
0
0
0
0
0
0
0
0
0
0
0
0
0
0
0
0
0
0
0
0
0
0
0
0
0
0
0
0
0
0
0
0
0
0
0
0
0
0
0
0
0
0
0
0
0
0
0
0
0
0
0
0
0
0
0
0
0
0
0
0
0
0
0
0
0
0
0
0
0
0
0
0
0
0
0
0
0
0
0
0
0
0
0
0
0
0
0
0
0
0
0
0
0
0
0
0
0
0
0
0
0
0
0
0
0
0
0
0
0
0
0
0
0
0
0
0
0
0
0
0
0
0
0
0
0
0
0
0
0
0
0
0
0
0
0
0
0
0
0
0
0
0
0
0
0
0
0
0
0
0
0
0
0
0
0
0
0
0
0
0
0
0
0
0
0
0
0
0
0
0
0
0
0
0
0
0
0
0
0
0
0
0
0
0
0
0
0
0
0
0
0
0
0
0
0
0
0
0
0
0
0
0
0
0
0
0
0
0
0
0
0
0
0
0
0
0
0
0
0
0
0
0
0
0
0
0
0
0
0
0
0
0
0
0
0
0
0
0
0
0
0
0
0
0
0
0
0
0
0
0
0
0
0
0
0
0
0
0
0
0
0
0
0
0
0
0
0
0
0
0
0
0
0
0
0
0
0
0
0
0
0
0
0
0
0
0
0
0
0
0
0
0
0
0
0
0
0
0
0
0
0
0
0
0
0
0
0
0
0
0
0
0
0
0
0
0
0
0
0
0
0
0
0
0
0
0
0
0
0
0
0
0
0
0
0
0
0
0
0
0
0
0
0
0
0
0
0
0
0
0
0
0
0
0
0
0
0
0
0
0
0
0
0
0
0
0
0
0
0
0
0
0
0
0
0
0
0
0
0
0
0
0
0
0
0
0
0
0
0
0
0
0
0
0
0
0
0
0
0
0
0
0
0
0
0
0
0
0
0
0
0
0
0
0
0
0
0
0
0
0
0
0
0
0
0
0
0
0
0
0
0
0
0
0
0
0
0
0
0
0
0
0
0
0
0
0
0
0
0
0
0
0
0
0
0
0
0
0
0
0
0
0
0
0
0
0
0
0
0
0
0
0
0
0
0
0
0
0
0
0
0
0
0
0
0
0
0
0
0
0
0
0
0
0
0
0
0
0
0
0
0
0
0
0
0
0
0
0
0
0
0
0
0
0
0
0
0
0
0
0
0
0
0
0
0
0
0
0
0
0
0
0
0
0
0
0
0
0
0
0
0
0
0
0
0
0
0
0
0
0
0
0
0
0
0
0
0
0
0
0
0
0
0
0
0
0
0
0
0
0
0
0
0
0
0
0
0
0
0
0
0
0
0
0
0
0
0
0
0
0
0
0
0
0
0
0
0
0
0
0
0
0
0
0
0
0
0
0
0
0
0
0
0
0
0
0
0
0
0
0
0
0
0
0
0
0
0
0
0
0
0
0
0
0
0
0
0
0
0
0
0
0
0
0
0
0
0
0
0
0
0
0
0
0
0
0
0
0
0
0
0
0
0
0
0
0
0
0
0
0
0
0
0
0
0
0
0
0
0
0
0
0
0
0
0
0
0
0
0
0
0
0
0
0
0
0
0
0
0
0
0
0
0
0
0
0
0
0
0
0
0
0
0
0
0
0
0
0
0
0
0
0
0
0
0
0
0
0
0
0
0
0
0
0
0
0
0
0
0
0
0
0
0
0
0
0
0
0
0
0
0
0
0
0
0
0
0
0
0
0
0
0
0
0
0
0
0
0
0
0
0
0
0
0
0
0
0
0
0
0
0
0
0
0
0
0
0
0
0
0
0
0
0
0
0
0
0
0
0
0
0
0
0
0
0
0
0
0
0
0
0
0
0
0
0
0
0
0
0
0
0
0
0
0
0
0
0
0
0
0
0
0
0
0
0
0
0
0
0
0
0
0
0
0
0
0
0
0
0
0
0
0
0
0
0
0
0
0
0
0
0
0
0
0
0
0
0
0
0
0
0
0
0
0
0
0
0
0
0
0
0
0
0
0
0
0
0
0
0
0
0
0
0
0
0
0
0
0
0
0
0
0
0
0
0
0
0
0
0
0
0
0
0
0
0
0
0
0
0
0
0
0
0
0
0
0
0
0
0
0
0
0
0
0
0
0
0
0
0
0
0
0
0
0
0
0
0
0
0
0
0
0
0
0
0
0
0
0
0
0
0
0
0
0
0
0
0
0
0
0
0
0
0
0
0
0
0
0
0
0
0
0
0
0
0
0
0
0
0
0
0
0
0
0
0
0
0
0
0
0
0
0
0
0
0
0
0
0
0
0
0
0
0
0
0
0
0
0
0
0
0
0
0
0
0
0
0
0
0
0
0
0
0
0
0
0
0
0
0
0
0
0
0
0
0
0
0
0
0
0
0
0
0
0
0
0
0
0
0
0
0
0
0
0
0
0
0
0
0
0
0
0
0
0
0
0
0
0
0
0
0
0
0
0
0
0
0
0
0
0
0
0
0
0
0
0
0
0
0
0
0
0
0
0
0
0
0
0
0
0
0
0
0
0
0
0
0
0
0
0
0
0
0
0
0
0
0
0
0
0
0
0
0
0
0
0
0
0
0
0
0
0
0
0
0
0
0
0
0
0
0
0
0
0
0
0
0
0
0
0
0
0
0
0
0
0
0
0
0
0
0
0
0
0
0
0
0
0
0
0
0
0
0
0
0
0
0
0
0
0
0
0
0
0
0
0
0
0
0
0
0
0
0
0
0
0
0
0
0
0
0
0
0
0
0
0
0
0
0
0
0
0
0
0
0
0
0
0
0
0
0
0
0
0
0
0
0
0
0
0
0
0
0
0
0
0
0
0
0
0
0
0
0
0
0
0
0
0
0
0
0
0
0
0
0
0
0
0
0
0
0
0
0
0
0
0
0
0
0
0
0
0
0
0
0
0
0
0
0
0
0
0
0
0
0
0
0
0
0
0
0
0
0
0
0
0
0
0
0
0
0
0
0
0
0
0
0
0
0
0
0
0
0
0
0
0
0
0
0
0
0
0
0
0
0
0
0
0
0
0
0
0
0
0
0
0
0
0
0
0
0
0
0
0
0
0
0
0
0
0
0
0
0
0
0
0
0
0
0
0
0
0
0
0
0
0
0
0
0
0
0
0
0
0
0
0
0
0
0
0
0
0
0
0
0
0
0
0
0
0
0
0
0
0
0
0
0
0
0
0
0
0
0
0
0
0
0
0
0
0
0
0
0
0
0
0
0
0
0
0
0
0
0
0
0
0
0
0
0
0
0
0
0
0
0
0
0
0
0
0
0
0
0
0
0
0
0
0
0
0
0
0
0
0
0
0
0
0
0
0
0
0
0
0
0
0
0
0
0
0
0
0
0
0
0
0
0
0
0
0
0
0
0
0
0
0
0
0
0
0
0
0
0
0
0
0
0
0
0
0
0
0
0
0
0
0
0
0
0
0
0
0
0
0
0
0
0
0
0
0
0
0
0
0
0
0
0
0
0
0
0
0
0
0
0
0
0
0
0
0
0
0
0
0
0
0
0
0
0
0
0
0
0
0
0
0
0
0
0
0
0
0
0
0
0
0
0
0
0
0
0
0
0
0
0
0
0
0
0
0
0
0
0
0
0
0
0
0
0
0
0
0
0
0
0
0
0
0
0
0
0
0
0
0
0
0
0
0
0
0
0
0
0
0
0
0
0
0
0
0
0
0
0
0
0
0
0
0
0
0
0
0
0
0
0
0
0
0
0
0
0
0
0
0
0
0
0
0
0
0
0
0
0
0
0
0
0
0
0
0
0
0
0
0
0
0
0
0
0
0
0
0
0
0
0
0
0
0
0
0
0
0
0
0
0
0
0
0
0
0
0
0
0
0
0
0
0
0
0
0
0
0
0
0
0
0
0
0
0
0
0
0
0
0
0
0
0
0
0
0
0
0
0
0
0
0
0
0
0
0
0
0
0
0
0
0
0
0
0
0
0
0
0
0
0
0
0
0
0
0
0
0
0
0
0
0
0
0
0
0
0
0
0
0
0
0
0
0
0
0
0
0
0
0
0
0
0
0
0
0
0
0
0
0
0
0
0
0
0
0
0
0
0
0
0
0
0
0
0
0
0
0
0
0
0
0
0
0
0
0
0
0
0
0
0
0
0
0
0
0
0
0
0
0
0
0
0
0
0
0
0
0
0
0
0
0
0
0
0
0
0
0
0
0
0
0
0
0
0
0
0
0
0
0
0
0
0
0
0
0
0
0
0
0
0
0
0
0
0
0
0
0
0
0
0
0
0
0
0
0
0
0
0
0
0
0
0
0
0
0
0
0
0
0
0
0
0
0
0
0
0
0
0
0
0
0
0
0
0
0
0
0
0
0
0
0
0
0
0
0
0
0
0
0
0
0
0
0
0
0
0
0
0
0
0
0
0
0
0
0
0
0
0
0
0
0
0
0
0
0
0
0
0
0
0
0
0
0
0
0
0
0
0
0
0
0
0
0
0
0
0
0
0
0
0
0
0
0
0
0
0
0
0
0
0
0
0
0
0
0
0
0
0
0
0
0
0
0
0
0
0
0
0
0
0
0
0
0
0
0
0
0
0
0
0
0
0
0
0
0
0
0
0
0
0
0
0
0
0
0
0
0
0
0
0
0
0
0
0
0
0
0
0
0
0
0
0
0
0
0
0
0
0
0
0
0
0
0
0
0
0
0
0
0
0
0
0
0
0
0
0
0
0
0
0
0
0
0
0
0
0
0
0
0
0
0
0
0
0
0
0
0
0
0
0
0
0
0
0
0
0
0
0
0
0
0
0
0
0
0
0
0
0
0
0
0
0
0
0
0
0
0
0
0
0
0
0
0
0
0
0
0
0
0
0
0
0
0
0
0
0
0
0
0
0
0
0
0
0
0
0
0
0
0
0
0
0
0
0
0
0
0
0
0
0
0
0
0
0
0
0
0
0
0
0
0
0
0
0
0
0
0
0
0
0
0
0
0
0
0
0
0
0
0
0
0
0
0
0
0
0
0
0
0
0
0
0
0
0
0
0
0
0
0
0
0
0
0
0
0
0
0
0
0
0
0
0
0
0
0
0
0
0
0
0
0
0
0
0
0
0
0
0
0
0
0
0
0
0
0
0
0
0
0
0
0
0
0
0
0
0
0
0
0
0
0
0
0
0
0
0
0
0
0
0
0
0
0
0
0
0
0
0
0
0
0
0
0
0
0
0
0
0
0
0
0
0
0
0
0
0
0
0
0
0
0
0
0
0
0
0
0
0
0
0
0
0
0
0
0
0
0
0
0
0
0
0
0
0
0
0
0
0
0
0
0
0
0
0
0
0
0
0
0
0
0
0
0
0
0
0
0
0
0
0
0
0
0
0
0
0
0
0
0
0
0
0
0
0
0
0
0
0
0
0
0
0
0
0
0
0
0
0
0
0
0
0
0
0
0
0
0
0
0
0
0
0
0
0
0
0
0
0
0
0
0
0
0
0
0
0
0
0
0
0
0
0
0
0
0
0
0
0
0
0
0
0
0
0
0
0
0
0
0
0
0
0
0
0
0
0
0
0
0
0
0
0
0
0
0
0
0
0
0
0
0
0
0
0
0
0
0
0
0
0
0
0
0
0
0
0
0
0
0
0
0
0
0
0
0
0
0
0
0
0
0
0
0
0
0
0
0
0
0
0
0
0
0
0
0
0
0
0
0
0
0
0
0
0
0
0
0
0
0
0
0
0
0
0
0
0
0
0
0
0
0
0
0
0
0
0
0
0
0
0
0
0
0
0
0
0
0
0
0
0
0
0
0
0
0
0
0
0
0
0
0
0
0
0
0
0
0
0
0
0
0
0
0
0
0
0
0
0
0
0
0
0
0
0
0
0
0
0
0
0
0
0
0
0
0
0
0
0
0
0
0
0
0
0
0
0
0
0
0
0
0
0
0
0
0
0
0
0
0
0
0
0
0
0
0
0
0
0
0
0
0
0
0
0
0
0
0
0
0
0
0
0
0
0
0
0
0
0
0
0
0
0
0
0
0
0
0
0
0
0
0
0
0
0
0
0
0
0
0
0
0
0
0
0
0
0
0
0
0
0
0
0
0
0
0
0
0
0
0
0
0
0
0
0
0
0
0
0
0
0
0
0
0
0
0
0
0
0
0
0
0
0
0
0
0
0
0
0
0
0
0
0
0
0
0
0
0
0
0
0
0
0
0
0
0
0
0
0
0
0
0
0
0
0
0
0
0
0
0
0
0
0
0
0
0
0
0
0
0
0
0
0
0
0
0
0
0
0
0
0
0
0
0
0
0
0
0
0
0
0
0
0
0
0
0
0
0
0
0
0
0
0
0
0
0
0
0
0
0
0
0
0
0
0
0
0
0
0
0
0
0
0
0
0
0
0
0
0
0
0
0
0
0
0
0
0
0
0
0
0
0
0
0
0
0
0
0
0
0
0
0
0
0
0
0
0
0
0
0
0
0
0
0
0
0
0
0
0
0
0
0
0
0
0
0
0
0
0
0
0
0
0
0
0
0
0
0
0
0
0
0
0
0
0
0
0
0
0
0
0
0
0
0
0
0
0
0
0
0
0
0
0
0
0
0
0
0
0
0
0
0
0
0
0
0
0
0
0
0
0
0
0
0
0
0
0
0
0
0
0
0
0
0
0
0
0
0
0
0
0
0
0
0
0
0
0
0
0
0
0
0
0
0
0
0
0
0
0
0
0
0
0
0
0
0
0
0
0
0
0
0
0
0
0
0
0
0
0
0
0
0
0
0
0
0
0
0
0
0
0
0
0
0
0
0
0
0
0
0
0
0
0
0
0
0
0
0
0
0
0
0
0
0
0
0
0
0
0
0
0
0
0
0
0
0
0
0
0
0
0
0
0
0
0
0
0
0
0
0
0
0
0
0
0
0
0
0
0
0
0
0
0
0
0
0
0
0
0
0
0
0
0
0
0
0
0
0
0
0
0
0
0
0
0
0
0
0
0
0
0
0
0
0
0
0
0
0
0
0
0
0
0
0
0
0
0
0
0
0
0
0
0
0
0
0
0
0
0
0
0
0
0
0
0
0
0
0
0
0
0
0
0
0
0
0
0
0
0
0
0
0
0
0
0
0
0
0
0
0
0
0
0
0
0
0
0
0
0
0
0
0
0
0
0
0
0
0
0
0
0
0
0
0
0
0
0
0
0
0
0
0
0
0
0
0
0
0
0
0
0
0
0
0
0
0
0
0
0
0
0
0
0
0
0
0
0
0
0
0
0
0
0
0
0
0
0
0
0
0
0
0
0
0
0
0
0
0
0
0
0
0
0
0
0
0
0
0
0
0
0
0
0
0
0
0
0
0
0
0
0
0
0
0
0
0
0
0
0
0
0
0
0
0
0
0
0
0
0
0
0
0
0
0
0
0
0
0
0
0
0
0
0
0
0
0
0
0
0
0
0
0
0
0
0
0
0
0
0
0
0
0
0
0
0
0
0
0
0
0
0
0
0
0
0
0
0
0
0
0
0
0
0
0
0
0
0
0
0
0
0
0
0
0
0
0
0
0
0
0
0
0
0
0
0
0
0
0
0
0
0
0
0
0
0
0
0
0
0
0
0
0
0
0
0
0
0
0
0
0
0
0
0
0
0
0
0
0
0
0
0
0
0
0
0
0
0
0
0
0
0
0
0
0
0
0
0
0
0
0
0
0
0
0
0
0
0
0
0
0
0
0
0
0
0
0
0
0
0
0
0
0
0
0
0
0
0
0
0
0
0
0
0
0
0
0
0
0
0
0
0
0
0
0
0
0
0
0
0
0
0
0
0
0
0
0
0
0
0
0
0
0
0
0
0
0
0
0
0
0
0
0
0
0
0
0
0
0
0
0
0
0
0
0
0
0
0
0
0
0
0
0
0
0
0
0
0
0
0
0
0
0
0
0
0
0
0
0
0
0
0
0
0
0
0
0
0
0
0
0
0
0
0
0
0
0
0
0
0
0
0
0
0
0
0
0
0
0
0
0
0
0
0
0
0
0
0
0
0
0
0
0
0
0
0
0
0
0
0
0
0
0
0
0
0
0
0
0
0
0
0
0
0
0
0
0
0
0
0
0
0
0
0
0
0
0
0
0
0
0
0
0
0
0
0
0
0
0
0
0
0
0
0
0
0
0
0
0
0
0
0
0
0
0
0
0
0
0
0
0
0
0
0
0
0
0
0
0
0
0
0
0
0
0
0
0
0
0
0
0
0
0
0
0
0
0
0
0
0
0
0
0
0
0
0
0
0
0
0
0
0
0
0
0
0
0
0
0
0
0
0
0
0
0
0
0
0
0
0
0
0
0
0
0
0
0
0
0
0
0
0
0
0
0
0
0
0
0
0
0
0
0
0
0
0
0
0
0
0
0
0
0
0
0
0
0
0
0
0
0
0
0
0
0
0
0
0
0
0
0
0
0
0
0
0
0
0
0
0
0
0
0
0
0
0
0
0
0
0
0
0
0
0
0
0
0
0
0
0
0
0
0
0
0
0
0
0
0
0
0
0
0
0
0
0
0
0
0
0
0
0
0
0
0
0
0
0
0
0
0
0
0
0
0
0
0
0
0
0
0
0
0
0
0
0
0
0
0
0
0
0
0
0
0
0
0
0
0
0
0
0
0
0
0
0
0
0
0
0
0
0
0
0
0
0
0
0
0
0
0
0
0
0
0
0
0
0
0
0
0
0
0
0
0
0
0
0
0
0
0
0
0
0
0
0
0
0
0
0
0
0
0
0
0
0
0
0
0
0
0
0
0
0
0
0
0
0
0
0
0
0
0
0
0
0
0
0
0
0
0
0
0
0
0
0
0
0
0
0
0
0
0
0
0
0
0
0
0
0
0
0
0
0
0
0
0
0
0
0
0
0
0
0
0
0
0
0
0
0
0
0
0
0
0
0
0
0
0
0
0
0
0
0
0
0
0
0
0
0
0
0
0
0
0
0
0
0
0
0
0
0
0
0
0
0
0
0
0
0
0
0
0
0
0
0
0
0
0
0
0
0
0
0
0
0
0
0
0
0
0
0
0
0
0
0
0
0
0
0
0
0
0
0
0
0
0
0
0
0
0
0
0
0
0
0
0
0
0
0
0
0
0
0
0
0
0
0
0
0
0
0
0
0
0
0
0
0
0
0
0
0
0
0
0
0
0
0
0
0
0
0
0
0
0
0
0
0
0
0
0
0
0
0
0
0
0
0
0
0
0
0
0
0
0
0
0
0
0
0
0
0
0
0
0
0
0
0
0
0
0
0
0
0
0
0
0
0
0
0
0
0
0
0
0
0
0
0
0
0
0
0
0
0
0
0
0
0
0
0
0
0
0
0
0
0
0
0
0
0
0
0
0
0
0
0
0
0
0
0
0
0
0
0
0
0
0
0
0
0
0
0
0
0
0
0
0
0
0
0
0
0
0
0
0
0
0
0
0
0
0
0
0
0
0
0
0
0
0
0
0
0
0
0
0
0
0
0
0
0
0
0
0
0
0
0
0
0
0
0
0
0
0
0
0
0
0
0
0
0
0
0
0
0
0
0
0
0
0
0
0
0
0
0
0
0
0
0
0
0
0
0
0
0
0
0
0
0
0
0
0
0
0
0
0
0
0
0
0
0
0
0
0
0
0
0
0
0
0
0
0
0
0
0
0
0
0
0
0
0
0
0
0
0
0
0
0
0
0
0
0
0
0
0
0
0
0
0
0
0
0
0
0
0
0
0
0
0
0
0
0
0
0
0
0
0
0
0
0
0
0
0
0
0
0
0
0
0
0
0
0
0
0
0
0
0
0
0
0
0
0
0
0
0
0
0
0
0
0
0
0
0
0
0
0
0
0
0
0
0
0
0
0
0
0
0
0
0
0
0
0
0
0
0
0
0
0
0
0
0
0
0
0
0
0
0
0
0
0
0
0
0
0
0
0
0
0
0
0
0
0
0
0
0
0
0
0
0
0
0
0
0
0
0
0
0
0
0
0
0
0
0
0
0
0
0
0
0
0
0
0
0
0
0
0
0
0
0
0
0
0
0
0
0
0
0
0
0
0
0
0
0
0
0
0
0
0
0
0
0
0
0
0
0
0
0
0
0
0
0
0
0
0
0
0
0
0
0
0
0
0
0
0
0
0
0
0
0
0
0
0
0
0
0
0
0
0
0
0
0
0
0
0
0
0
0
0
0
0
0
0
0
0
0
0
0
0
0
0
0
0
0
0
0
0
0
0
0
0
0
0
0
0
0
0
0
0
0
0
0
0
0
0
0
0
0
0
0
0
0
0
0
0
0
0
0
0
0
0
0
0
0
0
0
0
0
0
0
0
0
0
0
0
0
0
0
0
0
0
0
0
0
0
0
0
0
0
0
0
0
0
0
0
0
0
0
0
0
0
0
0
0
0
0
0
0
0
0
0
0
0
0
0
0
0
0
0
0
0
0
0
0
0
0
0
0
0
0
0
0
0
0
0
0
0
0
0
0
0
0
0
0
0
0
0
0
0
0
0
0
0
0
0
0
0
0
0
0
0
0
0
0
0
0
0
0
0
0
0
0
0
0
0
0
0
0
0
0
0
0
0
0
0
0
0
0
0
0
0
0
0
0
0
0
0
0
0
0
0
0
0
0
0
0
0
0
0
0
0
0
0
0
0
0
0
0
0
0
0
0
0
0
0
0
0
0
0
0
0
0
0
0
0
0
0
0
0
0
0
0
0
0
0
0
0
0
0
0
0
0
0
0
0
0
0
0
0
0
0
0
0
0
0
0
0
0
0
0
0
0
0
0
0
0
0
0
0
0
0
0
0
0
0
0
0
0
0
0
0
0
0
0
0
0
0
0
0
0
0
0
0
0
0
0
0
0
0
0
0
0
0
0
0
0
0
0
0
0
0
0
0
0
0
0
0
0
0
0
0
0
0
0
0
0
0
0
0
0
0
0
0
0
0
0
0
0
0
0
0
0
0
0
0
0
0
0
0
0
0
0
0
0
0
0
0
0
0
0
0
0
0
0
0
0
0
0
0
0
0
0
0
0
0
0
0
0
0
0
0
0
0
0
0
0
0
0
0
0
0
0
0
0
0
0
0
0
0
0
0
0
0
0
0
0
0
0
0
0
0
0
0
0
0
0
0
0
0
0
0
0
0
0
0
0
0
0
0
0
0
0
0
0
0
0
0
0
0
0
0
0
0
0
0
0
0
0
0
0
0
0
0
0
0
0
0
0
0
0
0
0
0
0
0
0
0
0
0
0
0
0
0
0
0
0
0
0
0
0
0
0
0
0
0
0
0
0
0
0
0
0
0
0
0
0
0
0
0
0
0
0
0
0
0
0
0
0
0
0
0
0
0
0
0
0
0
0
0
0
0
0
0
0
0
0
0
0
0
0
0
0
0
0
0
0
0
0
0
0
0
0
0
0
0
0
0
0
0
0
0
0
0
0
0
0
0
0
0
0
0
0
0
0
